Unnamed: 0,Open,High,Low,Close,Volume,Beta,COVAR,VAR005,VAR05,DELTA_COVAR_UNC
1987-12-14 16:00:00-05:00,0.0,0.0,0.0,5.2965,0,0.0,0.0,0.0,0.0,0.0
1987-12-15 16:00:00-05:00,0.0,0.0,0.0,5.2965,0,0.0,0.0,0.0,0.0,0.0
1987-12-16 16:00:00-05:00,0.0,0.0,0.0,5.2965,0,0.0,0.0,0.0,0.0,0.0
1987-12-17 16:00:00-05:00,0.0,5.1575,5.0521,5.1575,14397,0.0,0.0,0.0,0.0,0.0
1987-12-18 16:00:00-05:00,0.0,0.0,0.0,5.1575,0,0.0,0.0,0.0,0.0,0.0
1987-12-21 16:00:00-05:00,0.0,0.0,0.0,5.1575,0,0.0,0.0,0.0,0.0,0.0
1987-12-22 16:00:00-05:00,0.0,5.0521,5.0521,5.0521,7000,0.0,0.0,0.0,0.0,0.0
1987-12-23 16:00:00-05:00,0.0,0.0,0.0,5.0521,0,0.0,0.0,0.0,0.0,0.0
1987-12-24 16:00:00-05:00,0.0,0.0,0.0,5.0521,0,0.0,0.0,0.0,0.0,0.0
1987-12-28 16:00:00-05:00,0.0,0.0,0.0,5.0521,0,0.0,0.0,0.0,0.0,0.0
1987-12-29 16:00:00-05:00,0.0,0.0,0.0,5.0521,0,0.0,0.0,0.0,0.0,0.0
1987-12-30 16:00:00-05:00,0.0,0.0,0.0,5.0521,0,0.0,0.0,0.0,0.0,0.0
1987-12-31 16:00:00-05:00,0.0,5.0186,4.7406,5.0186,7000,0.0,0.0,0.0,0.0,0.0
1988-01-04 16:00:00-05:00,0.0,0.8318,0.7646,0.8318,158112,0.0,0.0,0.0,0.0,0.0
1988-01-05 16:00:00-05:00,0.0,0.8318,0.821,0.821,55184,0.0,0.0,0.0,0.0,0.0
1988-01-06 16:00:00-05:00,0.0,0.8318,0.8318,0.8318,29762,0.0,0.0,0.0,0.0,0.0
1988-01-07 16:00:00-05:00,0.0,0.8318,0.8318,0.8318,35343,0.0,0.0,0.0,0.0,0.0
1988-01-08 16:00:00-05:00,0.0,0.0,0.0,0.8318,0,0.0,0.0,0.0,0.0,0.0
1988-01-11 16:00:00-05:00,0.0,0.8318,0.8318,0.8318,5580,0.0,0.0,0.0,0.0,0.0
1988-01-12 16:00:00-05:00,0.0,0.0,0.0,0.8318,0,0.0,0.0,0.0,0.0,0.0
1988-01-13 16:00:00-05:00,0.0,0.0,0.0,0.8318,0,0.0,0.0,0.0,0.0,0.0
1988-01-14 16:00:00-05:00,0.0,0.7646,0.7646,0.7646,1240,0.0,0.0,0.0,0.0,0.0
1988-01-15 16:00:00-05:00,0.0,0.8318,0.8318,0.8318,10541,0.0,0.0,0.0,0.0,0.0
1988-01-18 16:00:00-05:00,0.0,0.0,0.0,0.8318,0,0.0,0.0,0.0,0.0,0.0
1988-01-19 16:00:00-05:00,0.0,0.0,0.0,0.8318,0,0.0,0.0,0.0,0.0,0.0
1988-01-20 16:00:00-05:00,0.0,0.0,0.0,0.8318,0,0.0,0.0,0.0,0.0,0.0
1988-01-21 16:00:00-05:00,0.0,0.8318,0.8318,0.8318,12401,0.0,0.0,0.0,0.0,0.0
1988-01-22 16:00:00-05:00,0.0,0.8148,0.804,0.8148,1395724,0.0,0.0,0.0,0.0,0.0
1988-01-25 16:00:00-05:00,0.0,0.0,0.0,0.8148,0,0.0,0.0,0.0,0.0,0.0
1988-01-26 16:00:00-05:00,0.0,0.0,0.0,0.8148,0,0.0,0.0,0.0,0.0,0.0
1988-01-27 16:00:00-05:00,0.0,0.0,0.0,0.8148,0,0.0,0.0,0.0,0.0,0.0
1988-01-28 16:00:00-05:00,0.0,0.0,0.0,0.8148,0,0.0,0.0,0.0,0.0,0.0
1988-01-29 16:00:00-05:00,0.0,0.0,0.0,0.8148,0,0.0,0.0,0.0,0.0,0.0
1988-02-01 16:00:00-05:00,0.0,0.0,0.0,0.8148,0,0.0,0.0,0.0,0.0,0.0
1988-02-02 16:00:00-05:00,0.0,0.0,0.0,0.8148,0,0.0,0.0,0.0,0.0,0.0
1988-02-03 16:00:00-05:00,0.0,0.0,0.0,0.8148,0,0.0,0.0,0.0,0.0,0.0
1988-02-04 16:00:00-05:00,0.0,0.8264,0.8264,0.8264,5580,0.0,0.0,0.0,0.0,0.0
1988-02-05 16:00:00-05:00,0.0,0.0,0.0,0.8264,0,0.0,0.0,0.0,0.0,0.0
1988-02-08 16:00:00-05:00,0.0,0.0,0.0,0.8264,0,0.0,0.0,0.0,0.0,0.0
1988-02-09 16:00:00-05:00,0.0,0.0,0.0,0.8264,0,0.0,0.0,0.0,0.0,0.0
1988-02-10 16:00:00-05:00,0.0,0.8148,0.8148,0.8148,5580,0.0,0.0,0.0,0.0,0.0
1988-02-11 16:00:00-05:00,0.0,0.0,0.0,0.8148,0,0.0,0.0,0.0,0.0,0.0
1988-02-12 16:00:00-05:00,0.0,0.0,0.0,0.8148,0,0.0,0.0,0.0,0.0,0.0
1988-02-16 16:00:00-05:00,0.0,0.8434,0.821,0.8434,151911,0.0,0.0,0.0,0.0,0.0
1988-02-17 16:00:00-05:00,0.0,0.0,0.0,0.8434,0,0.0,0.0,0.0,0.0,0.0
1988-02-18 16:00:00-05:00,0.0,0.8318,0.8318,0.8318,12401,0.0,0.0,0.0,0.0,0.0
1988-02-19 16:00:00-05:00,0.0,0.0,0.0,0.8318,0,0.0,0.0,0.0,0.0,0.0
1988-02-22 16:00:00-05:00,0.0,0.7646,0.7646,0.7646,79986,0.0,0.0,0.0,0.0,0.0
1988-02-23 16:00:00-05:00,0.0,0.0,0.0,0.7646,0,0.0,0.0,0.0,0.0,0.0
1988-02-24 16:00:00-05:00,0.0,0.0,0.0,0.7646,0,0.0,0.0,0.0,0.0,0.0
1988-02-25 16:00:00-05:00,0.0,0.8318,0.8318,0.8318,1240,0.0,0.0,0.0,0.0,0.0
1988-02-26 16:00:00-05:00,0.0,0.0,0.0,0.8318,0,0.0,0.0,0.0,0.0,0.0
1988-02-29 16:00:00-05:00,0.0,0.8264,0.8264,0.8264,1240,0.0,0.0,0.0,0.0,0.0
1988-03-01 16:00:00-05:00,0.0,0.8318,0.787,0.8318,72545,0.0,0.0,0.0,0.0,0.0
1988-03-02 16:00:00-05:00,0.0,0.0,0.0,0.8318,0,0.0,0.0,0.0,0.0,0.0
1988-03-03 16:00:00-05:00,0.0,0.8542,0.8542,0.8542,1240,0.0,0.0,0.0,0.0,0.0
1988-03-04 16:00:00-05:00,0.0,0.0,0.0,0.8542,0,0.0,0.0,0.0,0.0,0.0
1988-03-07 16:00:00-05:00,0.0,0.0,0.0,0.8542,0,0.0,0.0,0.0,0.0,0.0
1988-03-08 16:00:00-05:00,0.0,0.0,0.0,0.8542,0,0.0,0.0,0.0,0.0,0.0
1988-03-09 16:00:00-05:00,0.0,0.0,0.0,0.8542,0,0.0,0.0,0.0,0.0,0.0
1988-03-10 16:00:00-05:00,0.0,0.0,0.0,0.8542,0,0.0,0.0,0.0,0.0,0.0
1988-03-11 16:00:00-05:00,0.0,0.0,0.0,0.8542,0,0.0,0.0,0.0,0.0,0.0
1988-03-14 16:00:00-05:00,0.0,0.8434,0.821,0.8434,89287,0.0,0.0,0.0,0.0,0.0
1988-03-15 16:00:00-05:00,0.0,0.0,0.0,0.8434,0,0.0,0.0,0.0,0.0,0.0
1988-03-16 16:00:00-05:00,0.0,0.0,0.0,0.8434,0,0.0,0.0,0.0,0.0,0.0
1988-03-17 16:00:00-05:00,0.0,0.0,0.0,0.8434,0,0.0,0.0,0.0,0.0,0.0
1988-03-18 16:00:00-05:00,0.0,0.0,0.0,0.8434,0,0.0,0.0,0.0,0.0,0.0
1988-03-21 16:00:00-05:00,0.0,0.0,0.0,0.8434,0,0.0,0.0,0.0,0.0,0.0
1988-03-22 16:00:00-05:00,0.0,0.0,0.0,0.8434,0,0.0,0.0,0.0,0.0,0.0
1988-03-23 16:00:00-05:00,0.0,0.0,0.0,0.8434,0,0.0,0.0,0.0,0.0,0.0
1988-03-24 16:00:00-05:00,0.0,0.0,0.0,0.8434,0,0.0,0.0,0.0,0.0,0.0
1988-03-25 16:00:00-05:00,0.0,0.0,0.0,0.8434,0,0.0,0.0,0.0,0.0,0.0
1988-03-28 16:00:00-05:00,0.0,0.0,0.0,0.8434,0,0.0,0.0,0.0,0.0,0.0
1988-03-29 16:00:00-05:00,0.0,0.0,0.0,0.8434,0,0.0,0.0,0.0,0.0,0.0
1988-03-30 16:00:00-05:00,0.0,0.0,0.0,0.8434,0,0.0,0.0,0.0,0.0,0.0
1988-03-31 16:00:00-05:00,0.0,0.0,0.0,0.8434,0,0.0,0.0,0.0,0.0,0.0
1988-04-04 16:00:00-04:00,0.0,0.0,0.0,0.8434,0,0.0,0.0,0.0,0.0,0.0
1988-04-05 16:00:00-04:00,0.0,0.0,0.0,0.8434,0,0.0,0.0,0.0,0.0,0.0
1988-04-06 16:00:00-04:00,0.0,0.0,0.0,0.8434,0,0.0,0.0,0.0,0.0,0.0
1988-04-07 16:00:00-04:00,0.0,0.0,0.0,0.8434,0,0.0,0.0,0.0,0.0,0.0
1988-04-08 16:00:00-04:00,0.0,0.0,0.0,0.8434,0,0.0,0.0,0.0,0.0,0.0
1988-04-11 16:00:00-04:00,0.0,0.8318,0.821,0.821,55184,0.0,0.0,0.0,0.0,0.0
1988-04-12 16:00:00-04:00,0.0,0.8434,0.821,0.821,70065,0.0,0.0,0.0,0.0,0.0
1988-04-13 16:00:00-04:00,0.0,0.0,0.0,0.821,0,0.0,0.0,0.0,0.0,0.0
1988-04-14 16:00:00-04:00,0.0,0.0,0.0,0.821,0,0.0,0.0,0.0,0.0,0.0
1988-04-15 16:00:00-04:00,0.0,0.0,0.0,0.821,0,0.0,0.0,0.0,0.0,0.0
1988-04-18 16:00:00-04:00,0.0,0.8434,0.821,0.8434,207716,0.0,0.0,0.0,0.0,0.0
1988-04-19 16:00:00-04:00,0.0,0.8434,0.8434,0.8434,5580,0.0,0.0,0.0,0.0,0.0
1988-04-20 16:00:00-04:00,0.0,0.8434,0.787,0.8434,12401,0.0,0.0,0.0,0.0,0.0
1988-04-21 16:00:00-04:00,0.0,0.0,0.0,0.8434,0,0.0,0.0,0.0,0.0,0.0
1988-04-22 16:00:00-04:00,0.0,0.0,0.0,0.8434,0,0.0,0.0,0.0,0.0,0.0
1988-04-25 16:00:00-04:00,0.0,0.0,0.0,0.8434,0,0.0,0.0,0.0,0.0,0.0
1988-04-26 16:00:00-04:00,0.0,0.0,0.0,0.8434,0,0.0,0.0,0.0,0.0,0.0
1988-04-27 16:00:00-04:00,0.0,0.0,0.0,0.8434,0,0.0,0.0,0.0,0.0,0.0
1988-04-28 16:00:00-04:00,0.0,0.0,0.0,0.8434,0,0.0,0.0,0.0,0.0,0.0
1988-04-29 16:00:00-04:00,0.0,0.0,0.0,0.8434,0,0.0,0.0,0.0,0.0,0.0
1988-05-02 16:00:00-04:00,0.0,0.7986,0.7986,0.7986,12401,0.0,0.0,0.0,0.0,0.0
1988-05-03 16:00:00-04:00,0.0,0.0,0.0,0.7986,0,0.0,0.0,0.0,0.0,0.0
1988-05-04 16:00:00-04:00,0.0,0.0,0.0,0.7986,0,0.0,0.0,0.0,0.0,0.0
1988-05-05 16:00:00-04:00,0.0,0.0,0.0,0.7986,0,0.0,0.0,0.0,0.0,0.0
1988-05-06 16:00:00-04:00,0.0,0.0,0.0,0.7986,0,0.0,0.0,0.0,0.0,0.0
1988-05-09 16:00:00-04:00,0.0,0.8148,0.8148,0.8148,10541,0.0,0.0,0.0,0.0,0.0
1988-05-10 16:00:00-04:00,0.0,0.0,0.0,0.8148,0,0.0,0.0,0.0,0.0,0.0
1988-05-11 16:00:00-04:00,0.0,0.8488,0.8264,0.8488,137030,0.0,0.0,0.0,0.0,0.0
1988-05-12 16:00:00-04:00,0.0,0.0,0.0,0.8488,0,0.0,0.0,0.0,0.0,0.0
1988-05-13 16:00:00-04:00,0.0,0.0,0.0,0.8488,0,0.0,0.0,0.0,0.0,0.0
1988-05-16 16:00:00-04:00,0.0,0.0,0.0,0.8488,0,0.0,0.0,0.0,0.0,0.0
1988-05-17 16:00:00-04:00,0.0,0.0,0.0,0.8488,0,0.0,0.0,0.0,0.0,0.0
1988-05-18 16:00:00-04:00,0.0,0.0,0.0,0.8488,0,0.0,0.0,0.0,0.0,0.0
1988-05-19 16:00:00-04:00,0.0,0.8542,0.8094,0.8542,93007,0.0,0.0,0.0,0.0,0.0
1988-05-20 16:00:00-04:00,0.0,0.0,0.0,0.8542,0,0.0,0.0,0.0,0.0,0.0
1988-05-23 16:00:00-04:00,0.0,0.0,0.0,0.8542,0,0.0,0.0,0.0,0.0,0.0
1988-05-24 16:00:00-04:00,0.0,0.8094,0.8094,0.8094,12401,0.0,0.0,0.0,0.0,0.0
1988-05-25 16:00:00-04:00,0.0,0.0,0.0,0.8094,0,0.0,0.0,0.0,0.0,0.0
1988-05-26 16:00:00-04:00,0.0,0.0,0.0,0.8094,0,0.0,0.0,0.0,0.0,0.0
1988-05-27 16:00:00-04:00,0.0,0.0,0.0,0.8094,0,0.0,0.0,0.0,0.0,0.0
1988-05-31 16:00:00-04:00,0.0,0.0,0.0,0.8094,0,0.0,0.0,0.0,0.0,0.0
1988-06-01 16:00:00-04:00,0.0,0.8542,0.8542,0.8542,28522,0.0,0.0,0.0,0.0,0.0
1988-06-02 16:00:00-04:00,0.0,0.8882,0.8318,0.8882,37823,0.0,0.0,0.0,0.0,0.0
1988-06-03 16:00:00-04:00,0.0,0.0,0.0,0.8882,0,0.0,0.0,0.0,0.0,0.0
1988-06-06 16:00:00-04:00,0.0,0.0,0.0,0.8882,0,0.0,0.0,0.0,0.0,0.0
1988-06-07 16:00:00-04:00,0.0,0.0,0.0,0.8882,0,0.0,0.0,0.0,0.0,0.0
1988-06-08 16:00:00-04:00,0.0,0.8998,0.8998,0.8998,1240,0.0,0.0,0.0,0.0,0.0
1988-06-09 16:00:00-04:00,0.0,0.0,0.0,0.8998,0,0.0,0.0,0.0,0.0,0.0
1988-06-10 16:00:00-04:00,0.0,0.0,0.0,0.8998,0,0.0,0.0,0.0,0.0,0.0
1988-06-13 16:00:00-04:00,0.0,0.0,0.0,0.8998,0,0.0,0.0,0.0,0.0,0.0
1988-06-14 16:00:00-04:00,0.0,0.0,0.0,0.8998,0,0.0,0.0,0.0,0.0,0.0
1988-06-15 16:00:00-04:00,0.0,0.0,0.0,0.8998,0,0.0,0.0,0.0,0.0,0.0
1988-06-16 16:00:00-04:00,0.0,0.0,0.0,0.8998,0,0.0,0.0,0.0,0.0,0.0
1988-06-17 16:00:00-04:00,0.0,0.8998,0.8094,0.8998,65105,0.0,0.0,0.0,0.0,0.0
1988-06-20 16:00:00-04:00,0.0,0.8094,0.8094,0.8094,12401,0.0,0.0,0.0,0.0,0.0
1988-06-21 16:00:00-04:00,0.0,0.0,0.0,0.8094,0,0.0,0.0,0.0,0.0,0.0
1988-06-22 16:00:00-04:00,0.0,0.8094,0.8094,0.8094,1240,0.0,0.0,0.0,0.0,0.0
1988-06-23 16:00:00-04:00,0.0,0.0,0.0,0.8094,0,0.0,0.0,0.0,0.0,0.0
1988-06-24 16:00:00-04:00,0.0,0.8766,0.8766,0.8766,1240,0.0,0.0,0.0,0.0,0.0
1988-06-27 16:00:00-04:00,0.0,0.0,0.0,0.8766,0,0.0,0.0,0.0,0.0,0.0
1988-06-28 16:00:00-04:00,0.0,0.0,0.0,0.8766,0,0.0,0.0,0.0,0.0,0.0
1988-06-29 16:00:00-04:00,0.0,0.8766,0.8766,0.8766,72545,0.0,0.0,0.0,0.0,0.0
1988-06-30 16:00:00-04:00,0.0,0.8882,0.8882,0.8882,10541,0.0,0.0,0.0,0.0,0.0
1988-07-01 16:00:00-04:00,0.0,0.8998,0.8766,0.8998,43403,0.0,0.0,0.0,0.0,0.0
1988-07-05 16:00:00-04:00,0.0,0.0,0.0,0.8998,0,0.0,0.0,0.0,0.0,0.0
1988-07-06 16:00:00-04:00,0.0,0.8998,0.8318,0.8318,35343,0.0,0.0,0.0,0.0,0.0
1988-07-07 16:00:00-04:00,0.0,0.0,0.0,0.8318,0,0.0,0.0,0.0,0.0,0.0
1988-07-08 16:00:00-04:00,0.0,0.8998,0.8882,0.8882,65105,0.0,0.0,0.0,0.0,0.0
1988-07-11 16:00:00-04:00,0.0,0.0,0.0,0.8882,0,0.0,0.0,0.0,0.0,0.0
1988-07-12 16:00:00-04:00,0.0,0.0,0.0,0.8882,0,0.0,0.0,0.0,0.0,0.0
1988-07-13 16:00:00-04:00,0.0,0.0,0.0,0.8882,0,0.0,0.0,0.0,0.0,0.0
1988-07-14 16:00:00-04:00,0.0,0.8882,0.8542,0.8882,46503,0.0,0.0,0.0,0.0,0.0
1988-07-15 16:00:00-04:00,0.0,0.8542,0.8542,0.8542,35343,0.0,0.0,0.0,0.0,0.0
1988-07-18 16:00:00-04:00,0.0,0.8998,0.8542,0.8882,89287,0.0,0.0,0.0,0.0,0.0
1988-07-19 16:00:00-04:00,0.0,0.0,0.0,0.8882,0,0.0,0.0,0.0,0.0,0.0
1988-07-20 16:00:00-04:00,0.0,0.8094,0.8094,0.8094,29762,0.0,0.0,0.0,0.0,0.0
1988-07-21 16:00:00-04:00,0.0,0.8998,0.8318,0.8318,93007,0.0,0.0,0.0,0.0,0.0
1988-07-22 16:00:00-04:00,0.0,0.0,0.0,0.8318,0,0.0,0.0,0.0,0.0,0.0
1988-07-25 16:00:00-04:00,0.0,0.8998,0.8542,0.8766,93007,0.0,0.0,0.0,0.0,0.0
1988-07-26 16:00:00-04:00,0.0,0.8998,0.8434,0.8542,212056,0.0,0.0,0.0,0.0,0.0
1988-07-27 16:00:00-04:00,0.0,0.0,0.0,0.8542,0,0.0,0.0,0.0,0.0,0.0
1988-07-28 16:00:00-04:00,0.0,0.8998,0.8882,0.8998,10541,0.0,0.0,0.0,0.0,0.0
1988-07-29 16:00:00-04:00,0.0,0.8998,0.8998,0.8998,1240,0.0,0.0,0.0,0.0,0.0
1988-08-01 16:00:00-04:00,0.0,0.8094,0.8094,0.8094,5580,0.0,0.0,0.0,0.0,0.0
1988-08-02 16:00:00-04:00,0.0,0.8094,0.8094,0.8094,5580,0.0,0.0,0.0,0.0,0.0
1988-08-03 16:00:00-04:00,0.0,0.0,0.0,0.8094,0,0.0,0.0,0.0,0.0,0.0
1988-08-04 16:00:00-04:00,0.0,0.8094,0.8094,0.8094,12401,0.0,0.0,0.0,0.0,0.0
1988-08-05 16:00:00-04:00,0.0,0.0,0.0,0.8094,0,0.0,0.0,0.0,0.0,0.0
1988-08-08 16:00:00-04:00,0.0,0.8998,0.8094,0.8998,137030,0.0,0.0,0.0,0.0,0.0
1988-08-09 16:00:00-04:00,0.0,0.8998,0.8542,0.8542,158112,0.0,0.0,0.0,0.0,0.0
1988-08-10 16:00:00-04:00,0.0,0.8318,0.8318,0.8318,10541,0.0,0.0,0.0,0.0,0.0
1988-08-11 16:00:00-04:00,0.0,0.8094,0.8094,0.8094,5580,0.0,0.0,0.0,0.0,0.0
1988-08-12 16:00:00-04:00,0.0,0.8998,0.8542,0.8882,192834,0.0,0.0,0.0,0.0,0.0
1988-08-15 16:00:00-04:00,0.0,0.0,0.0,0.8882,0,0.0,0.0,0.0,0.0,0.0
1988-08-16 16:00:00-04:00,0.0,0.8542,0.8094,0.8094,79986,0.0,0.0,0.0,0.0,0.0
1988-08-17 16:00:00-04:00,0.0,0.821,0.821,0.821,89287,0.0,0.0,0.0,0.0,0.0
1988-08-18 16:00:00-04:00,0.0,0.8882,0.8542,0.8882,210816,0.0,0.0,0.0,0.0,0.0
1988-08-19 16:00:00-04:00,0.0,0.0,0.0,0.8882,0,0.0,0.0,0.0,0.0,0.0
1988-08-22 16:00:00-04:00,0.0,0.0,0.0,0.8882,0,0.0,0.0,0.0,0.0,0.0
1988-08-23 16:00:00-04:00,0.0,0.0,0.0,0.8882,0,0.0,0.0,0.0,0.0,0.0
1988-08-24 16:00:00-04:00,0.0,0.0,0.0,0.8882,0,0.0,0.0,0.0,0.0,0.0
1988-08-25 16:00:00-04:00,0.0,0.8882,0.8094,0.8318,192834,0.0,0.0,0.0,0.0,0.0
1988-08-26 16:00:00-04:00,0.0,0.8998,0.8998,0.8998,29762,0.0,0.0,0.0,0.0,0.0
1988-08-29 16:00:00-04:00,0.0,0.8766,0.8094,0.8094,89287,0.0,0.0,0.0,0.0,0.0
1988-08-30 16:00:00-04:00,0.0,0.8882,0.8542,0.8542,89287,0.0,0.0,0.0,0.0,0.0
1988-08-31 16:00:00-04:00,0.0,0.8998,0.8542,0.8998,102928,0.0,0.0,0.0,0.0,0.0
1988-09-01 16:00:00-04:00,0.0,0.0,0.0,0.8998,0,0.0,0.0,0.0,0.0,0.0
1988-09-02 16:00:00-04:00,0.0,0.0,0.0,0.8998,0,0.0,0.0,0.0,0.0,0.0
1988-09-06 16:00:00-04:00,0.0,0.8882,0.8542,0.8882,207716,0.0,0.0,0.0,0.0,0.0
1988-09-07 16:00:00-04:00,0.0,0.0,0.0,0.8882,0,0.0,0.0,0.0,0.0,0.0
1988-09-08 16:00:00-04:00,0.0,0.0,0.0,0.8882,0,0.0,0.0,0.0,0.0,0.0
1988-09-09 16:00:00-04:00,0.0,0.0,0.0,0.8882,0,0.0,0.0,0.0,0.0,0.0
1988-09-12 16:00:00-04:00,0.0,0.0,0.0,0.8882,0,0.0,0.0,0.0,0.0,0.0
1988-09-13 16:00:00-04:00,0.0,0.8828,0.8094,0.8766,528279,0.0,0.0,0.0,0.0,0.0
1988-09-14 16:00:00-04:00,0.0,0.8766,0.8094,0.8766,37823,0.0,0.0,0.0,0.0,0.0
1988-09-15 16:00:00-04:00,0.0,0.0,0.0,0.8766,0,0.0,0.0,0.0,0.0,0.0
1988-09-16 16:00:00-04:00,0.0,0.0,0.0,0.8766,0,0.0,0.0,0.0,0.0,0.0
1988-09-19 16:00:00-04:00,0.0,0.0,0.0,0.8766,0,0.0,0.0,0.0,0.0,0.0
1988-09-20 16:00:00-04:00,0.0,0.8882,0.8658,0.8658,12401,0.0,0.0,0.0,0.0,0.0
1988-09-21 16:00:00-04:00,0.0,0.8712,0.8318,0.8712,97967,0.0,0.0,0.0,0.0,0.0
1988-09-22 16:00:00-04:00,0.0,0.8318,0.8318,0.8318,35343,0.0,0.0,0.0,0.0,0.0
1988-09-23 16:00:00-04:00,0.0,0.8766,0.8094,0.8094,158112,0.0,0.0,0.0,0.0,0.0
1988-09-26 16:00:00-04:00,0.0,0.8542,0.8542,0.8542,5580,0.0,0.0,0.0,0.0,0.0
1988-09-27 16:00:00-04:00,0.0,0.8712,0.8488,0.8712,119049,0.0,0.0,0.0,0.0,0.0
1988-09-28 16:00:00-04:00,0.0,0.8712,0.8094,0.8094,29762,0.0,0.0,0.0,0.0,0.0
1988-09-29 16:00:00-04:00,0.0,0.8766,0.8766,0.8766,1240,0.0,0.0,0.0,0.0,0.0
1988-09-30 16:00:00-04:00,0.0,0.0,0.0,0.8766,0,0.0,0.0,0.0,0.0,0.0
1988-10-03 16:00:00-04:00,0.0,0.0,0.0,0.8766,0,0.0,0.0,0.0,0.0,0.0
1988-10-04 16:00:00-04:00,0.0,0.0,0.0,0.8766,0,0.0,0.0,0.0,0.0,0.0
1988-10-05 16:00:00-04:00,0.0,0.8998,0.8998,0.8998,5580,0.0,0.0,0.0,0.0,0.0
1988-10-06 16:00:00-04:00,0.0,0.0,0.0,0.8998,0,0.0,0.0,0.0,0.0,0.0
1988-10-07 16:00:00-04:00,0.0,0.0,0.0,0.8998,0,0.0,0.0,0.0,0.0,0.0
1988-10-10 16:00:00-04:00,0.0,0.8318,0.8318,0.8318,12401,0.0,0.0,0.0,0.0,0.0
1988-10-11 16:00:00-04:00,0.0,0.8658,0.8658,0.8658,28522,0.0,0.0,0.0,0.0,0.0
1988-10-12 16:00:00-04:00,0.0,0.0,0.0,0.8658,0,0.0,0.0,0.0,0.0,0.0
1988-10-13 16:00:00-04:00,0.0,0.8542,0.8542,0.8542,1240,0.0,0.0,0.0,0.0,0.0
1988-10-14 16:00:00-04:00,0.0,0.8882,0.8658,0.8882,43403,0.0,0.0,0.0,0.0,0.0
1988-10-17 16:00:00-04:00,0.0,0.0,0.0,0.8882,0,0.0,0.0,0.0,0.0,0.0
1988-10-18 16:00:00-04:00,0.0,0.8882,0.8766,0.8828,35343,0.0,0.0,0.0,0.0,0.0
1988-10-19 16:00:00-04:00,0.0,0.8998,0.8542,0.8998,28522,0.0,0.0,0.0,0.0,0.0
1988-10-20 16:00:00-04:00,0.0,0.8882,0.8658,0.8882,10541,0.0,0.0,0.0,0.0,0.0
1988-10-21 16:00:00-04:00,0.0,0.0,0.0,0.8882,0,0.0,0.0,0.0,0.0,0.0
1988-10-24 16:00:00-04:00,0.0,0.0,0.0,0.8882,0,0.0,0.0,0.0,0.0,0.0
1988-10-25 16:00:00-04:00,0.0,0.8882,0.8658,0.8882,12401,0.0,0.0,0.0,0.0,0.0
1988-10-26 16:00:00-04:00,0.0,0.0,0.0,0.8882,0,0.0,0.0,0.0,0.0,0.0
1988-10-27 16:00:00-04:00,0.0,0.8882,0.8542,0.8882,10541,0.0,0.0,0.0,0.0,0.0
1988-10-28 16:00:00-04:00,0.0,0.0,0.0,0.8882,0,0.0,0.0,0.0,0.0,0.0
1988-10-31 16:00:00-05:00,0.0,0.8998,0.8766,0.8998,89287,0.0,0.0,0.0,0.0,0.0
1988-11-01 16:00:00-05:00,0.0,0.0,0.0,0.8998,0,0.0,0.0,0.0,0.0,0.0
1988-11-02 16:00:00-05:00,0.0,0.0,0.0,0.8998,0,0.0,0.0,0.0,0.0,0.0
1988-11-03 16:00:00-05:00,0.0,0.8998,0.8766,0.8998,5580,0.0,0.0,0.0,0.0,0.0
1988-11-04 16:00:00-05:00,0.0,0.0,0.0,0.8998,0,0.0,0.0,0.0,0.0,0.0
1988-11-07 16:00:00-05:00,0.0,0.0,0.0,0.8998,0,0.0,0.0,0.0,0.0,0.0
1988-11-08 16:00:00-05:00,0.0,0.9052,0.8882,0.9052,55184,0.0,0.0,0.0,0.0,0.0
1988-11-09 16:00:00-05:00,0.0,0.9307,0.8998,0.9307,5580,0.0,0.0,0.0,0.0,0.0
1988-11-10 16:00:00-05:00,0.0,0.8542,0.8542,0.8542,1240,0.0,0.0,0.0,0.0,0.0
1988-11-11 16:00:00-05:00,0.0,0.0,0.0,0.8542,0,0.0,0.0,0.0,0.0,0.0
1988-11-14 16:00:00-05:00,0.0,0.0,0.0,0.8542,0,0.0,0.0,0.0,0.0,0.0
1988-11-15 16:00:00-05:00,0.0,0.0,0.0,0.8542,0,0.0,0.0,0.0,0.0,0.0
1988-11-16 16:00:00-05:00,0.0,0.8882,0.8882,0.8882,10541,0.0,0.0,0.0,0.0,0.0
1988-11-17 16:00:00-05:00,0.0,0.9107,0.9107,0.9107,5580,0.0,0.0,0.0,0.0,0.0
1988-11-18 16:00:00-05:00,0.0,0.0,0.0,0.9107,0,0.0,0.0,0.0,0.0,0.0
1988-11-21 16:00:00-05:00,0.0,0.0,0.0,0.9107,0,0.0,0.0,0.0,0.0,0.0
1988-11-22 16:00:00-05:00,0.0,0.0,0.0,0.9107,0,0.0,0.0,0.0,0.0,0.0
1988-11-23 16:00:00-05:00,0.0,0.8998,0.8766,0.8766,5580,0.0,0.0,0.0,0.0,0.0
1988-11-25 16:00:00-05:00,0.0,0.9447,0.9447,0.9447,28522,0.0,0.0,0.0,0.0,0.0
1988-11-28 16:00:00-05:00,0.0,0.9779,0.8998,0.9779,36583,0.0,0.0,0.0,0.0,0.0
1988-11-29 16:00:00-05:00,0.0,0.0,0.0,0.9779,0,0.0,0.0,0.0,0.0,0.0
1988-11-30 16:00:00-05:00,0.0,0.0,0.0,0.9779,0,0.0,0.0,0.0,0.0,0.0
1988-12-01 16:00:00-05:00,0.0,0.8998,0.8998,0.8998,5580,0.0,0.0,0.0,0.0,0.0
1988-12-02 16:00:00-05:00,0.0,0.0,0.0,0.8998,0,0.0,0.0,0.0,0.0,0.0
1988-12-05 16:00:00-05:00,0.0,0.0,0.0,0.8998,0,0.0,0.0,0.0,0.0,0.0
1988-12-06 16:00:00-05:00,0.0,0.9895,0.9895,0.9895,1240,0.0,0.0,0.0,0.0,0.0
1988-12-07 16:00:00-05:00,0.0,0.0,0.0,0.9895,0,0.0,0.0,0.0,0.0,0.0
1988-12-08 16:00:00-05:00,0.0,0.9215,0.9153,0.9215,65105,0.0,0.0,0.0,0.0,0.0
1988-12-09 16:00:00-05:00,0.0,0.9895,0.9895,0.9895,1240,0.0,0.0,0.0,0.0,0.0
1988-12-12 16:00:00-05:00,0.0,0.0,0.0,0.9895,0,0.0,0.0,0.0,0.0,0.0
1988-12-13 16:00:00-05:00,0.0,0.0,0.0,0.9895,0,0.0,0.0,0.0,0.0,0.0
1988-12-14 16:00:00-05:00,0.0,0.971,0.9277,0.971,12401,0.0,0.0,0.0,0.0,0.0
1988-12-15 16:00:00-05:00,0.0,0.0,0.0,0.971,0,0.0,0.0,0.0,0.0,0.0
1988-12-16 16:00:00-05:00,0.0,0.0,0.0,0.971,0,0.0,0.0,0.0,0.0,0.0
1988-12-19 16:00:00-05:00,0.0,0.9648,0.94,0.9648,133930,0.0,0.0,0.0,0.0,0.0
1988-12-20 16:00:00-05:00,0.0,0.9648,0.9648,0.9648,102928,0.0,0.0,0.0,0.0,0.0
1988-12-21 16:00:00-05:00,0.0,1.0019,0.9771,1.0019,65105,0.0,0.0,0.0,0.0,0.0
1988-12-22 16:00:00-05:00,0.0,0.9648,0.9648,0.9648,107888,0.0,0.0,0.0,0.0,0.0
1988-12-23 16:00:00-05:00,0.0,0.9678,0.9678,0.9678,102928,0.0,0.0,0.0,0.0,0.0
1988-12-27 16:00:00-05:00,0.0,0.0,0.0,0.9678,0,0.0,0.0,0.0,0.0,0.0
1988-12-28 16:00:00-05:00,0.0,1.0019,0.9586,1.0019,37823,0.0,0.0,0.0,0.0,0.0
1988-12-29 16:00:00-05:00,0.0,0.94,0.94,0.94,1240,0.0,0.0,0.0,0.0,0.0
1988-12-30 16:00:00-05:00,0.0,0.9586,0.94,0.94,10541,0.0,0.0,0.0,0.0,0.0
1989-01-03 16:00:00-05:00,0.0,0.0,0.0,5.8286,0,0.0,0.0,0.0,0.0,0.0
1989-01-04 16:00:00-05:00,0.0,6.1354,6.1354,6.1354,899,0.0,0.0,0.0,0.0,0.0
1989-01-05 16:00:00-05:00,0.0,6.2887,6.1737,6.1737,1699,0.0,0.0,0.0,0.0,0.0
1989-01-06 16:00:00-05:00,0.0,6.4421,6.4421,6.4421,4799,0.0,0.0,0.0,0.0,0.0
1989-01-09 16:00:00-05:00,0.0,6.4421,6.4421,6.4421,198,0.0,0.0,0.0,0.0,0.0
1989-01-10 16:00:00-05:00,0.0,0.0,0.0,6.4421,0,0.0,0.0,0.0,0.0,0.0
1989-01-11 16:00:00-05:00,0.0,6.4421,5.982,6.212,144198,0.0,0.0,0.0,0.0,0.0
1989-01-12 16:00:00-05:00,0.0,6.4421,6.4421,6.4421,899,0.0,0.0,0.0,0.0,0.0
1989-01-13 16:00:00-05:00,0.0,6.2505,6.2505,6.2505,10497,0.0,0.0,0.0,0.0,0.0
1989-01-16 16:00:00-05:00,0.0,0.0,0.0,6.2505,0,0.0,0.0,0.0,0.0,0.0
1989-01-17 16:00:00-05:00,0.0,0.0,0.0,6.2505,0,0.0,0.0,0.0,0.0,0.0
1989-01-18 16:00:00-05:00,0.0,0.0,0.0,6.2505,0,0.0,0.0,0.0,0.0,0.0
1989-01-19 16:00:00-05:00,0.0,0.0,0.0,6.2505,0,0.0,0.0,0.0,0.0,0.0
1989-01-20 16:00:00-05:00,0.0,0.0,0.0,6.2505,0,0.0,0.0,0.0,0.0,0.0
1989-01-23 16:00:00-05:00,0.0,6.4421,5.8286,5.8286,2003,0.0,0.0,0.0,0.0,0.0
1989-01-24 16:00:00-05:00,0.0,6.1354,6.1354,6.1354,21602,0.0,0.0,0.0,0.0,0.0
1989-01-25 16:00:00-05:00,0.0,0.0,0.0,6.1354,0,0.0,0.0,0.0,0.0,0.0
1989-01-26 16:00:00-05:00,0.0,0.0,0.0,6.1354,0,0.0,0.0,0.0,0.0,0.0
1989-01-27 16:00:00-05:00,0.0,0.0,0.0,6.1354,0,0.0,0.0,0.0,0.0,0.0
1989-01-30 16:00:00-05:00,0.0,0.0,0.0,6.1354,0,0.0,0.0,0.0,0.0,0.0
1989-01-31 16:00:00-05:00,0.0,0.0,0.0,6.1354,0,0.0,0.0,0.0,0.0,0.0
1989-02-01 16:00:00-05:00,0.0,5.982,5.982,5.982,899,0.0,0.0,0.0,0.0,0.0
1989-02-02 16:00:00-05:00,0.0,0.0,0.0,5.982,0,0.0,0.0,0.0,0.0,0.0
1989-02-03 16:00:00-05:00,0.0,0.0,0.0,5.982,0,0.0,0.0,0.0,0.0,0.0
1989-02-06 16:00:00-05:00,0.0,0.0,0.0,5.982,0,0.0,0.0,0.0,0.0,0.0
1989-02-07 16:00:00-05:00,0.0,0.0,0.0,5.982,0,0.0,0.0,0.0,0.0,0.0
1989-02-08 16:00:00-05:00,0.0,0.0,0.0,5.982,0,0.0,0.0,0.0,0.0,0.0
1989-02-09 16:00:00-05:00,0.0,6.4421,6.4421,6.4421,198,0.0,0.0,0.0,0.0,0.0
1989-02-10 16:00:00-05:00,0.0,6.212,6.1354,6.212,26302,0.0,0.0,0.0,0.0,0.0
1989-02-13 16:00:00-05:00,0.0,0.0,0.0,6.212,0,0.0,0.0,0.0,0.0,0.0
1989-02-14 16:00:00-05:00,0.0,0.0,0.0,6.212,0,0.0,0.0,0.0,0.0,0.0
1989-02-15 16:00:00-05:00,0.0,0.0,0.0,6.212,0,0.0,0.0,0.0,0.0,0.0
1989-02-16 16:00:00-05:00,0.0,6.1354,6.1354,6.1354,17399,0.0,0.0,0.0,0.0,0.0
1989-02-17 16:00:00-05:00,0.0,6.212,5.982,5.982,23301,0.0,0.0,0.0,0.0,0.0
1989-02-21 16:00:00-05:00,0.0,6.4037,6.212,6.2887,11700,0.0,0.0,0.0,0.0,0.0
1989-02-22 16:00:00-05:00,0.0,6.4421,6.1737,6.4421,6101,0.0,0.0,0.0,0.0,0.0
1989-02-23 16:00:00-05:00,0.0,6.4421,6.1354,6.2887,2003,0.0,0.0,0.0,0.0,0.0
1989-02-24 16:00:00-05:00,0.0,6.3655,6.1354,6.3655,4601,0.0,0.0,0.0,0.0,0.0
1989-02-27 16:00:00-05:00,0.0,0.0,0.0,6.3655,0,0.0,0.0,0.0,0.0,0.0
1989-02-28 16:00:00-05:00,0.0,0.0,0.0,6.3655,0,0.0,0.0,0.0,0.0,0.0
1989-03-01 16:00:00-05:00,0.0,0.0,0.0,6.3655,0,0.0,0.0,0.0,0.0,0.0
1989-03-02 16:00:00-05:00,0.0,0.0,0.0,6.3655,0,0.0,0.0,0.0,0.0,0.0
1989-03-03 16:00:00-05:00,0.0,0.0,0.0,6.3655,0,0.0,0.0,0.0,0.0,0.0
1989-03-06 16:00:00-05:00,0.0,6.4421,6.4421,6.4421,899,0.0,0.0,0.0,0.0,0.0
1989-03-07 16:00:00-05:00,0.0,0.0,0.0,6.4421,0,0.0,0.0,0.0,0.0,0.0
1989-03-08 16:00:00-05:00,0.0,0.0,0.0,6.4421,0,0.0,0.0,0.0,0.0,0.0
1989-03-09 16:00:00-05:00,0.0,6.4421,5.982,5.982,36403,0.0,0.0,0.0,0.0,0.0
1989-03-10 16:00:00-05:00,0.0,6.2887,6.1928,6.1928,899,0.0,0.0,0.0,0.0,0.0
1989-03-13 16:00:00-05:00,0.0,0.0,0.0,6.1928,0,0.0,0.0,0.0,0.0,0.0
1989-03-14 16:00:00-05:00,0.0,6.4421,6.2887,6.4037,22098,0.0,0.0,0.0,0.0,0.0
1989-03-15 16:00:00-05:00,0.0,6.5956,6.5956,6.5956,2003,0.0,0.0,0.0,0.0,0.0
1989-03-16 16:00:00-05:00,0.0,6.5956,6.4037,6.5572,7000,0.0,0.0,0.0,0.0,0.0
1989-03-17 16:00:00-05:00,0.0,0.0,0.0,6.5572,0,0.0,0.0,0.0,0.0,0.0
1989-03-20 16:00:00-05:00,0.0,0.0,0.0,6.5572,0,0.0,0.0,0.0,0.0,0.0
1989-03-21 16:00:00-05:00,0.0,6.5956,6.5956,6.5956,899,0.0,0.0,0.0,0.0,0.0
1989-03-22 16:00:00-05:00,0.0,6.5956,6.5956,6.5956,2003,0.0,0.0,0.0,0.0,0.0
1989-03-23 16:00:00-05:00,0.0,0.0,0.0,6.5956,0,0.0,0.0,0.0,0.0,0.0
1989-03-27 16:00:00-05:00,0.0,6.538,6.4421,6.538,7503,0.0,0.0,0.0,0.0,0.0
1989-03-28 16:00:00-05:00,0.0,0.0,0.0,6.538,0,0.0,0.0,0.0,0.0,0.0
1989-03-29 16:00:00-05:00,0.0,6.6722,6.5956,6.6722,4601,0.0,0.0,0.0,0.0,0.0
1989-03-30 16:00:00-05:00,0.0,0.0,0.0,6.6722,0,0.0,0.0,0.0,0.0,0.0
1989-03-31 16:00:00-05:00,0.0,6.1354,6.1354,6.1354,899,0.0,0.0,0.0,0.0,0.0
1989-04-03 16:00:00-04:00,0.0,6.1354,6.1354,6.1354,198,0.0,0.0,0.0,0.0,0.0
1989-04-04 16:00:00-04:00,0.0,6.4805,6.4805,6.4805,899,0.0,0.0,0.0,0.0,0.0
1989-04-05 16:00:00-04:00,0.0,0.0,0.0,6.4805,0,0.0,0.0,0.0,0.0,0.0
1989-04-06 16:00:00-04:00,0.0,0.0,0.0,6.4805,0,0.0,0.0,0.0,0.0,0.0
1989-04-07 16:00:00-04:00,0.0,6.6722,6.212,6.3655,32001,0.0,0.0,0.0,0.0,0.0
1989-04-10 16:00:00-04:00,0.0,0.0,0.0,6.3655,0,0.0,0.0,0.0,0.0,0.0
1989-04-11 16:00:00-04:00,0.0,0.0,0.0,6.3655,0,0.0,0.0,0.0,0.0,0.0
1989-04-12 16:00:00-04:00,0.0,0.0,0.0,6.3655,0,0.0,0.0,0.0,0.0,0.0
1989-04-13 16:00:00-04:00,0.0,0.0,0.0,6.3655,0,0.0,0.0,0.0,0.0,0.0
1989-04-14 16:00:00-04:00,0.0,6.4421,6.4421,6.4421,198,0.0,0.0,0.0,0.0,0.0
1989-04-17 16:00:00-04:00,0.0,6.9023,6.5188,6.9023,4601,0.0,0.0,0.0,0.0,0.0
1989-04-18 16:00:00-04:00,0.0,0.0,0.0,6.9023,0,0.0,0.0,0.0,0.0,0.0
1989-04-19 16:00:00-04:00,0.0,0.0,0.0,6.9023,0,0.0,0.0,0.0,0.0,0.0
1989-04-20 16:00:00-04:00,0.0,0.0,0.0,6.9023,0,0.0,0.0,0.0,0.0,0.0
1989-04-21 16:00:00-04:00,0.0,6.5572,6.5572,6.5572,1699,0.0,0.0,0.0,0.0,0.0
1989-04-24 16:00:00-04:00,0.0,6.9023,6.7106,6.9023,5698,0.0,0.0,0.0,0.0,0.0
1989-04-25 16:00:00-04:00,0.0,0.0,0.0,6.9023,0,0.0,0.0,0.0,0.0,0.0
1989-04-26 16:00:00-04:00,0.0,6.9023,6.7106,6.8639,6101,0.0,0.0,0.0,0.0,0.0
1989-04-27 16:00:00-04:00,0.0,6.7106,6.4997,6.7106,16599,0.0,0.0,0.0,0.0,0.0
1989-04-28 16:00:00-04:00,0.0,0.0,0.0,6.7106,0,0.0,0.0,0.0,0.0,0.0
1989-05-01 16:00:00-04:00,0.0,0.0,0.0,6.7106,0,0.0,0.0,0.0,0.0,0.0
1989-05-02 16:00:00-04:00,0.0,0.0,0.0,6.7106,0,0.0,0.0,0.0,0.0,0.0
1989-05-03 16:00:00-04:00,0.0,6.8639,6.7106,6.7106,4601,0.0,0.0,0.0,0.0,0.0
1989-05-04 16:00:00-04:00,0.0,6.4421,6.4421,6.4421,198,0.0,0.0,0.0,0.0,0.0
1989-05-05 16:00:00-04:00,0.0,0.0,0.0,6.4421,0,0.0,0.0,0.0,0.0,0.0
1989-05-08 16:00:00-04:00,0.0,0.0,0.0,6.4421,0,0.0,0.0,0.0,0.0,0.0
1989-05-09 16:00:00-04:00,0.0,6.8256,6.4421,6.8256,31102,0.0,0.0,0.0,0.0,0.0
1989-05-10 16:00:00-04:00,0.0,0.0,0.0,6.8256,0,0.0,0.0,0.0,0.0,0.0
1989-05-11 16:00:00-04:00,0.0,7.0557,7.0557,7.0557,198,0.0,0.0,0.0,0.0,0.0
1989-05-12 16:00:00-04:00,0.0,6.9407,6.4421,6.4421,1699,0.0,0.0,0.0,0.0,0.0
1989-05-15 16:00:00-04:00,0.0,0.0,0.0,6.4421,0,0.0,0.0,0.0,0.0,0.0
1989-05-16 16:00:00-04:00,0.0,6.4421,6.4421,6.4421,899,0.0,0.0,0.0,0.0,0.0
1989-05-17 16:00:00-04:00,0.0,7.0557,7.0557,7.0557,198,0.0,0.0,0.0,0.0,0.0
1989-05-18 16:00:00-04:00,0.0,0.0,0.0,7.0557,0,0.0,0.0,0.0,0.0,0.0
1989-05-19 16:00:00-04:00,0.0,7.0557,7.0557,7.0557,198,0.0,0.0,0.0,0.0,0.0
1989-05-22 16:00:00-04:00,0.0,6.9407,6.4421,6.4421,8898,0.0,0.0,0.0,0.0,0.0
1989-05-23 16:00:00-04:00,0.0,6.9023,6.7489,6.9023,11700,0.0,0.0,0.0,0.0,0.0
1989-05-24 16:00:00-04:00,0.0,0.0,0.0,6.9023,0,0.0,0.0,0.0,0.0,0.0
1989-05-25 16:00:00-04:00,0.0,0.0,0.0,6.9023,0,0.0,0.0,0.0,0.0,0.0
1989-05-26 16:00:00-04:00,0.0,0.0,0.0,6.9023,0,0.0,0.0,0.0,0.0,0.0
1989-05-30 16:00:00-04:00,0.0,0.0,0.0,6.9023,0,0.0,0.0,0.0,0.0,0.0
1989-05-31 16:00:00-04:00,0.0,0.0,0.0,6.9023,0,0.0,0.0,0.0,0.0,0.0
1989-06-01 16:00:00-04:00,0.0,0.0,0.0,6.9023,0,0.0,0.0,0.0,0.0,0.0
1989-06-02 16:00:00-04:00,0.0,7.0557,6.7489,6.7489,8898,0.0,0.0,0.0,0.0,0.0
1989-06-05 16:00:00-04:00,0.0,7.0557,7.0557,7.0557,899,0.0,0.0,0.0,0.0,0.0
1989-06-06 16:00:00-04:00,0.0,0.0,0.0,7.0557,0,0.0,0.0,0.0,0.0,0.0
1989-06-07 16:00:00-04:00,0.0,6.9023,6.5956,6.5956,4099,0.0,0.0,0.0,0.0,0.0
1989-06-08 16:00:00-04:00,0.0,7.0557,6.979,7.0557,5698,0.0,0.0,0.0,0.0,0.0
1989-06-09 16:00:00-04:00,0.0,0.0,0.0,7.0557,0,0.0,0.0,0.0,0.0,0.0
1989-06-12 16:00:00-04:00,0.0,0.0,0.0,7.0557,0,0.0,0.0,0.0,0.0,0.0
1989-06-13 16:00:00-04:00,0.0,0.0,0.0,7.0557,0,0.0,0.0,0.0,0.0,0.0
1989-06-14 16:00:00-04:00,0.0,0.0,0.0,7.0557,0,0.0,0.0,0.0,0.0,0.0
1989-06-15 16:00:00-04:00,0.0,6.979,6.8256,6.979,2003,0.0,0.0,0.0,0.0,0.0
1989-06-16 16:00:00-04:00,0.0,0.0,0.0,6.979,0,0.0,0.0,0.0,0.0,0.0
1989-06-19 16:00:00-04:00,0.0,0.0,0.0,6.979,0,0.0,0.0,0.0,0.0,0.0
1989-06-20 16:00:00-04:00,0.0,0.0,0.0,6.979,0,0.0,0.0,0.0,0.0,0.0
1989-06-21 16:00:00-04:00,0.0,0.0,0.0,6.979,0,0.0,0.0,0.0,0.0,0.0
1989-06-22 16:00:00-04:00,0.0,7.0173,6.5956,6.5956,13598,0.0,0.0,0.0,0.0,0.0
1989-06-23 16:00:00-04:00,0.0,7.0557,6.979,6.979,7000,0.0,0.0,0.0,0.0,0.0
1989-06-26 16:00:00-04:00,0.0,7.0557,7.0557,7.0557,899,0.0,0.0,0.0,0.0,0.0
1989-06-27 16:00:00-04:00,0.0,6.979,6.979,6.979,198,0.0,0.0,0.0,0.0,0.0
1989-06-28 16:00:00-04:00,0.0,0.0,0.0,6.979,0,0.0,0.0,0.0,0.0,0.0
1989-06-29 16:00:00-04:00,0.0,7.1324,6.7489,7.1324,899,0.0,0.0,0.0,0.0,0.0
1989-06-30 16:00:00-04:00,0.0,6.7489,6.7489,6.7489,1699,0.0,0.0,0.0,0.0,0.0
1989-07-03 16:00:00-04:00,0.0,0.0,0.0,6.7489,0,0.0,0.0,0.0,0.0,0.0
1989-07-05 16:00:00-04:00,0.0,7.0557,7.0557,7.0557,19401,0.0,0.0,0.0,0.0,0.0
1989-07-06 16:00:00-04:00,0.0,7.3625,7.1899,7.3625,19203,0.0,0.0,0.0,0.0,0.0
1989-07-07 16:00:00-04:00,0.0,0.0,0.0,7.3625,0,0.0,0.0,0.0,0.0,0.0
1989-07-10 16:00:00-04:00,0.0,0.0,0.0,7.3625,0,0.0,0.0,0.0,0.0,0.0
1989-07-11 16:00:00-04:00,0.0,7.5158,7.5158,7.5158,198,0.0,0.0,0.0,0.0,0.0
1989-07-12 16:00:00-04:00,0.0,0.0,0.0,7.5158,0,0.0,0.0,0.0,0.0,0.0
1989-07-13 16:00:00-04:00,0.0,0.0,0.0,7.5158,0,0.0,0.0,0.0,0.0,0.0
1989-07-14 16:00:00-04:00,0.0,0.0,0.0,7.5158,0,0.0,0.0,0.0,0.0,0.0
1989-07-17 16:00:00-04:00,0.0,0.0,0.0,7.5158,0,0.0,0.0,0.0,0.0,0.0
1989-07-18 16:00:00-04:00,0.0,7.4391,6.9023,7.0557,7503,0.0,0.0,0.0,0.0,0.0
1989-07-19 16:00:00-04:00,0.0,0.0,0.0,7.0557,0,0.0,0.0,0.0,0.0,0.0
1989-07-20 16:00:00-04:00,0.0,0.0,0.0,7.0557,0,0.0,0.0,0.0,0.0,0.0
1989-07-21 16:00:00-04:00,0.0,0.0,0.0,7.0557,0,0.0,0.0,0.0,0.0,0.0
1989-07-24 16:00:00-04:00,0.0,0.0,0.0,7.0557,0,0.0,0.0,0.0,0.0,0.0
1989-07-25 16:00:00-04:00,0.0,0.0,0.0,7.0557,0,0.0,0.0,0.0,0.0,0.0
1989-07-26 16:00:00-04:00,0.0,6.9023,6.9023,6.9023,198,0.0,0.0,0.0,0.0,0.0
1989-07-27 16:00:00-04:00,0.0,7.209,7.209,7.209,198,0.0,0.0,0.0,0.0,0.0
1989-07-28 16:00:00-04:00,0.0,0.0,0.0,7.209,0,0.0,0.0,0.0,0.0,0.0
1989-07-31 16:00:00-04:00,0.0,7.0557,7.0557,7.0557,198,0.0,0.0,0.0,0.0,0.0
1989-08-01 16:00:00-04:00,0.0,7.209,7.0557,7.209,5903,0.0,0.0,0.0,0.0,0.0
1989-08-02 16:00:00-04:00,0.0,7.4391,7.209,7.209,8898,0.0,0.0,0.0,0.0,0.0
1989-08-03 16:00:00-04:00,0.0,0.0,0.0,7.209,0,0.0,0.0,0.0,0.0,0.0
1989-08-04 16:00:00-04:00,0.0,0.0,0.0,7.209,0,0.0,0.0,0.0,0.0,0.0
1989-08-07 16:00:00-04:00,0.0,7.2857,7.2857,7.2857,1699,0.0,0.0,0.0,0.0,0.0
1989-08-08 16:00:00-04:00,0.0,0.0,0.0,7.2857,0,0.0,0.0,0.0,0.0,0.0
1989-08-09 16:00:00-04:00,0.0,0.0,0.0,7.2857,0,0.0,0.0,0.0,0.0,0.0
1989-08-10 16:00:00-04:00,0.0,7.8225,7.4008,7.5925,7000,0.0,0.0,0.0,0.0,0.0
1989-08-11 16:00:00-04:00,0.0,7.2857,7.2857,7.2857,899,0.0,0.0,0.0,0.0,0.0
1989-08-14 16:00:00-04:00,0.0,7.5158,7.3625,7.5158,8898,0.0,0.0,0.0,0.0,0.0
1989-08-15 16:00:00-04:00,0.0,7.5925,7.5925,7.5925,11700,0.0,0.0,0.0,0.0,0.0
1989-08-16 16:00:00-04:00,0.0,7.7076,7.5158,7.7076,6101,0.0,0.0,0.0,0.0,0.0
1989-08-17 16:00:00-04:00,0.0,7.8225,7.5925,7.8225,4601,0.0,0.0,0.0,0.0,0.0
1989-08-18 16:00:00-04:00,0.0,7.8225,7.8225,7.8225,198,0.0,0.0,0.0,0.0,0.0
1989-08-21 16:00:00-04:00,0.0,7.8992,7.5925,7.8992,26302,0.0,0.0,0.0,0.0,0.0
1989-08-22 16:00:00-04:00,0.0,7.8992,7.5158,7.8225,11700,0.0,0.0,0.0,0.0,0.0
1989-08-23 16:00:00-04:00,0.0,7.8225,7.7459,7.8225,1699,0.0,0.0,0.0,0.0,0.0
1989-08-24 16:00:00-04:00,0.0,0.0,0.0,7.8225,0,0.0,0.0,0.0,0.0,0.0
1989-08-25 16:00:00-04:00,0.0,7.976,7.5158,7.976,5903,0.0,0.0,0.0,0.0,0.0
1989-08-28 16:00:00-04:00,0.0,7.5158,7.5158,7.5158,899,0.0,0.0,0.0,0.0,0.0
1989-08-29 16:00:00-04:00,0.0,7.8609,7.5542,7.8609,20902,0.0,0.0,0.0,0.0,0.0
1989-08-30 16:00:00-04:00,0.0,8.0527,7.5158,8.0527,6101,0.0,0.0,0.0,0.0,0.0
1989-08-31 16:00:00-04:00,0.0,0.0,0.0,8.0527,0,0.0,0.0,0.0,0.0,0.0
1989-09-01 16:00:00-04:00,0.0,7.8609,7.5542,7.65,28398,0.0,0.0,0.0,0.0,0.0
1989-09-05 16:00:00-04:00,0.0,7.5734,7.5542,7.5542,22098,0.0,0.0,0.0,0.0,0.0
1989-09-06 16:00:00-04:00,0.0,7.8992,7.5542,7.5542,23500,0.0,0.0,0.0,0.0,0.0
1989-09-07 16:00:00-04:00,0.0,0.0,0.0,7.5542,0,0.0,0.0,0.0,0.0,0.0
1989-09-08 16:00:00-04:00,0.0,7.7267,7.5542,7.7267,52902,0.0,0.0,0.0,0.0,0.0
1989-09-11 16:00:00-04:00,0.0,7.8992,7.5542,7.6692,32001,0.0,0.0,0.0,0.0,0.0
1989-09-12 16:00:00-04:00,0.0,8.0527,7.5542,8.0527,27499,0.0,0.0,0.0,0.0,0.0
1989-09-13 16:00:00-04:00,0.0,0.0,0.0,8.0527,0,0.0,0.0,0.0,0.0,0.0
1989-09-14 16:00:00-04:00,0.0,8.0527,8.0527,8.0527,198,0.0,0.0,0.0,0.0,0.0
1989-09-15 16:00:00-04:00,0.0,0.0,0.0,8.0527,0,0.0,0.0,0.0,0.0,0.0
1989-09-18 16:00:00-04:00,0.0,0.0,0.0,8.0527,0,0.0,0.0,0.0,0.0,0.0
1989-09-19 16:00:00-04:00,0.0,7.5542,7.5542,7.5542,10497,0.0,0.0,0.0,0.0,0.0
1989-09-20 16:00:00-04:00,0.0,7.5542,7.5542,7.5542,4601,0.0,0.0,0.0,0.0,0.0
1989-09-21 16:00:00-04:00,0.0,7.5542,7.5542,7.5542,1699,0.0,0.0,0.0,0.0,0.0
1989-09-22 16:00:00-04:00,0.0,0.0,0.0,7.5542,0,0.0,0.0,0.0,0.0,0.0
1989-09-25 16:00:00-04:00,0.0,0.0,0.0,7.5542,0,0.0,0.0,0.0,0.0,0.0
1989-09-26 16:00:00-04:00,0.0,7.9377,7.9377,7.9377,1699,0.0,0.0,0.0,0.0,0.0
1989-09-27 16:00:00-04:00,0.0,7.5542,7.5542,7.5542,899,0.0,0.0,0.0,0.0,0.0
1989-09-28 16:00:00-04:00,0.0,7.7843,7.5542,7.5542,5698,0.0,0.0,0.0,0.0,0.0
1989-09-29 16:00:00-04:00,0.0,7.5542,7.5542,7.5542,198,0.0,0.0,0.0,0.0,0.0
1989-10-02 16:00:00-04:00,0.0,7.5542,7.5542,7.5542,899,0.0,0.0,0.0,0.0,0.0
1989-10-03 16:00:00-04:00,0.0,0.0,0.0,7.5542,0,0.0,0.0,0.0,0.0,0.0
1989-10-04 16:00:00-04:00,0.0,7.7843,7.7843,7.7843,6101,0.0,0.0,0.0,0.0,0.0
1989-10-05 16:00:00-04:00,0.0,7.9184,7.5542,7.9184,12897,0.0,0.0,0.0,0.0,0.0
1989-10-06 16:00:00-04:00,0.0,7.8225,7.8225,7.8225,198,0.0,0.0,0.0,0.0,0.0
1989-10-09 16:00:00-04:00,0.0,0.0,0.0,7.8225,0,0.0,0.0,0.0,0.0,0.0
1989-10-10 16:00:00-04:00,0.0,7.5542,7.5542,7.5542,4601,0.0,0.0,0.0,0.0,0.0
1989-10-11 16:00:00-04:00,0.0,7.5542,7.5542,7.5542,8501,0.0,0.0,0.0,0.0,0.0
1989-10-12 16:00:00-04:00,0.0,7.7459,7.5542,7.5542,27499,0.0,0.0,0.0,0.0,0.0
1989-10-13 16:00:00-04:00,0.0,7.7843,7.5542,7.5542,66500,0.0,0.0,0.0,0.0,0.0
1989-10-16 16:00:00-04:00,0.0,7.5542,7.5542,7.5542,198,0.0,0.0,0.0,0.0,0.0
1989-10-17 16:00:00-04:00,0.0,7.6692,7.5542,7.6692,5903,0.0,0.0,0.0,0.0,0.0
1989-10-18 16:00:00-04:00,0.0,7.5542,7.5542,7.5542,198,0.0,0.0,0.0,0.0,0.0
1989-10-19 16:00:00-04:00,0.0,0.0,0.0,7.5542,0,0.0,0.0,0.0,0.0,0.0
1989-10-20 16:00:00-04:00,0.0,7.7459,7.5542,7.7459,18000,0.0,0.0,0.0,0.0,0.0
1989-10-23 16:00:00-04:00,0.0,7.8992,7.6692,7.8992,5698,0.0,0.0,0.0,0.0,0.0
1989-10-24 16:00:00-04:00,0.0,8.0527,8.0527,8.0527,198,0.0,0.0,0.0,0.0,0.0
1989-10-25 16:00:00-04:00,0.0,7.7076,7.5542,7.7076,2003,0.0,0.0,0.0,0.0,0.0
1989-10-26 16:00:00-04:00,0.0,7.7076,7.6692,7.6692,4601,0.0,0.0,0.0,0.0,0.0
1989-10-27 16:00:00-04:00,0.0,7.6692,7.6692,7.6692,198,0.0,0.0,0.0,0.0,0.0
1989-10-30 16:00:00-05:00,0.0,7.976,7.6692,7.976,10702,0.0,0.0,0.0,0.0,0.0
1989-10-31 16:00:00-05:00,0.0,0.0,0.0,7.976,0,0.0,0.0,0.0,0.0,0.0
1989-11-01 16:00:00-05:00,0.0,7.976,7.8225,7.976,11297,0.0,0.0,0.0,0.0,0.0
1989-11-02 16:00:00-05:00,0.0,8.1485,7.8225,8.1485,56802,0.0,0.0,0.0,0.0,0.0
1989-11-03 16:00:00-05:00,0.0,0.0,0.0,8.1485,0,0.0,0.0,0.0,0.0,0.0
1989-11-06 16:00:00-05:00,0.0,8.4361,8.4361,8.4361,198,0.0,0.0,0.0,0.0,0.0
1989-11-07 16:00:00-05:00,0.0,7.8225,7.8225,7.8225,1699,0.0,0.0,0.0,0.0,0.0
1989-11-08 16:00:00-05:00,0.0,7.8225,7.8225,7.8225,2003,0.0,0.0,0.0,0.0,0.0
1989-11-09 16:00:00-05:00,0.0,7.8225,7.8225,7.8225,1699,0.0,0.0,0.0,0.0,0.0
1989-11-10 16:00:00-05:00,0.0,7.976,7.8225,7.8225,4799,0.0,0.0,0.0,0.0,0.0
1989-11-13 16:00:00-05:00,0.0,7.8801,7.8225,7.8801,45201,0.0,0.0,0.0,0.0,0.0
1989-11-14 16:00:00-05:00,0.0,8.2828,7.8225,8.2828,14999,0.0,0.0,0.0,0.0,0.0
1989-11-15 16:00:00-05:00,0.0,8.091,7.8225,8.091,24498,0.0,0.0,0.0,0.0,0.0
1989-11-16 16:00:00-05:00,0.0,8.091,8.091,8.091,13598,0.0,0.0,0.0,0.0,0.0
1989-11-17 16:00:00-05:00,0.0,7.8225,7.8225,7.8225,1699,0.0,0.0,0.0,0.0,0.0
1989-11-20 16:00:00-05:00,0.0,7.8225,7.8225,7.8225,12897,0.0,0.0,0.0,0.0,0.0
1989-11-21 16:00:00-05:00,0.0,8.1293,8.0527,8.0527,7503,0.0,0.0,0.0,0.0,0.0
1989-11-22 16:00:00-05:00,0.0,8.3211,8.3211,8.3211,2003,0.0,0.0,0.0,0.0,0.0
1989-11-24 16:00:00-05:00,0.0,0.0,0.0,8.3211,0,0.0,0.0,0.0,0.0,0.0
1989-11-27 16:00:00-05:00,0.0,0.0,0.0,8.3211,0,0.0,0.0,0.0,0.0,0.0
1989-11-28 16:00:00-05:00,0.0,8.3211,8.3211,8.3211,198,0.0,0.0,0.0,0.0,0.0
1989-11-29 16:00:00-05:00,0.0,8.2828,8.0527,8.2828,8898,0.0,0.0,0.0,0.0,0.0
1989-11-30 16:00:00-05:00,0.0,8.1293,8.1293,8.1293,899,0.0,0.0,0.0,0.0,0.0
1989-12-01 16:00:00-05:00,0.0,8.3594,8.3594,8.3594,198,0.0,0.0,0.0,0.0,0.0
1989-12-04 16:00:00-05:00,0.0,7.9308,7.9308,7.9308,5903,0.0,0.0,0.0,0.0,0.0
1989-12-05 16:00:00-05:00,0.0,0.0,0.0,7.9308,0,0.0,0.0,0.0,0.0,0.0
1989-12-06 16:00:00-05:00,0.0,8.0994,7.9308,8.0994,3199,0.0,0.0,0.0,0.0,0.0
1989-12-07 16:00:00-05:00,0.0,8.0994,8.0994,8.0994,198,0.0,0.0,0.0,0.0,0.0
1989-12-08 16:00:00-05:00,0.0,8.0994,8.0994,8.0994,899,0.0,0.0,0.0,0.0,0.0
1989-12-11 16:00:00-05:00,0.0,7.9729,7.762,7.9729,22303,0.0,0.0,0.0,0.0,0.0
1989-12-12 16:00:00-05:00,0.0,8.2682,7.8464,8.2682,7000,0.0,0.0,0.0,0.0,0.0
1989-12-13 16:00:00-05:00,0.0,0.0,0.0,8.2682,0,0.0,0.0,0.0,0.0,0.0
1989-12-14 16:00:00-05:00,0.0,8.2682,8.2682,8.2682,899,0.0,0.0,0.0,0.0,0.0
1989-12-15 16:00:00-05:00,0.0,0.0,0.0,8.2682,0,0.0,0.0,0.0,0.0,0.0
1989-12-18 16:00:00-05:00,0.0,8.2682,8.0152,8.1839,36403,0.0,0.0,0.0,0.0,0.0
1989-12-19 16:00:00-05:00,0.0,0.0,0.0,8.1839,0,0.0,0.0,0.0,0.0,0.0
1989-12-20 16:00:00-05:00,0.0,0.0,0.0,8.1839,0,0.0,0.0,0.0,0.0,0.0
1989-12-21 16:00:00-05:00,0.0,8.1839,7.9729,8.1839,28200,0.0,0.0,0.0,0.0,0.0
1989-12-22 16:00:00-05:00,0.0,8.1839,8.1839,8.1839,899,0.0,0.0,0.0,0.0,0.0
1989-12-26 16:00:00-05:00,0.0,8.1839,7.8464,7.8464,10001,0.0,0.0,0.0,0.0,0.0
1989-12-27 16:00:00-05:00,0.0,7.8464,7.8464,7.8464,10702,0.0,0.0,0.0,0.0,0.0
1989-12-28 16:00:00-05:00,0.0,7.9308,7.8464,7.9308,14397,0.0,0.0,0.0,0.0,0.0
1989-12-29 16:00:00-05:00,0.0,0.0,0.0,7.9308,0,0.0,0.0,0.0,0.0,0.0
1990-01-02 16:00:00-05:00,0.0,8.0994,7.9308,8.0994,20400,0.0,0.0,0.0,0.0,0.0
1990-01-03 16:00:00-05:00,0.0,8.3526,7.8464,8.3526,7503,0.0,0.0,0.0,0.0,0.0
1990-01-04 16:00:00-05:00,0.0,8.0994,7.8886,7.8886,17802,0.0,0.0,0.0,0.0,0.0
1990-01-05 16:00:00-05:00,0.0,8.0994,7.8886,8.0994,1699,0.0,0.0,0.0,0.0,0.0
1990-01-08 16:00:00-05:00,0.0,8.3526,8.0994,8.0994,10497,0.0,0.0,0.0,0.0,0.0
1990-01-09 16:00:00-05:00,0.0,8.3526,8.1839,8.3104,12203,0.0,0.0,0.0,0.0,0.0
1990-01-10 16:00:00-05:00,0.0,8.437,8.1839,8.437,10001,0.0,0.0,0.0,0.0,0.0
1990-01-11 16:00:00-05:00,0.0,0.0,0.0,8.437,0,0.0,0.0,0.0,0.0,0.0
1990-01-12 16:00:00-05:00,0.0,8.0152,8.0152,8.0152,5903,0.0,0.0,0.0,0.0,0.0
1990-01-15 16:00:00-05:00,0.0,0.0,0.0,8.0152,0,0.0,0.0,0.0,0.0,0.0
1990-01-16 16:00:00-05:00,0.0,8.3526,8.0152,8.2682,76303,0.0,0.0,0.0,0.0,0.0
1990-01-17 16:00:00-05:00,0.0,8.3526,8.1417,8.3526,22098,0.0,0.0,0.0,0.0,0.0
1990-01-18 16:00:00-05:00,0.0,8.437,8.0152,8.3526,128901,0.0,0.0,0.0,0.0,0.0
1990-01-19 16:00:00-05:00,0.0,8.3526,8.3526,8.3526,2003,0.0,0.0,0.0,0.0,0.0
1990-01-22 16:00:00-05:00,0.0,8.437,8.0573,8.437,36403,0.0,0.0,0.0,0.0,0.0
1990-01-23 16:00:00-05:00,0.0,8.3104,8.0573,8.2682,53901,0.0,0.0,0.0,0.0,0.0
1990-01-24 16:00:00-05:00,0.0,8.2682,7.9308,8.2682,19203,0.0,0.0,0.0,0.0,0.0
1990-01-25 16:00:00-05:00,0.0,7.9308,7.9308,7.9308,899,0.0,0.0,0.0,0.0,0.0
1990-01-26 16:00:00-05:00,0.0,8.0152,7.8464,8.0152,22098,0.0,0.0,0.0,0.0,0.0
1990-01-29 16:00:00-05:00,0.0,8.1839,7.762,7.762,31102,0.0,0.0,0.0,0.0,0.0
1990-01-30 16:00:00-05:00,0.0,7.762,7.762,7.762,10001,0.0,0.0,0.0,0.0,0.0
1990-01-31 16:00:00-05:00,0.0,7.762,7.762,7.762,3199,0.0,0.0,0.0,0.0,0.0
1990-02-01 16:00:00-05:00,0.0,0.0,0.0,7.762,0,0.0,0.0,0.0,0.0,0.0
1990-02-02 16:00:00-05:00,0.0,0.0,0.0,7.762,0,0.0,0.0,0.0,0.0,0.0
1990-02-05 16:00:00-05:00,0.0,0.0,0.0,7.762,0,0.0,0.0,0.0,0.0,0.0
1990-02-06 16:00:00-05:00,0.0,8.1839,8.1839,8.1839,899,0.0,0.0,0.0,0.0,0.0
1990-02-07 16:00:00-05:00,0.0,8.0573,8.0573,8.0573,4099,0.0,0.0,0.0,0.0,0.0
1990-02-08 16:00:00-05:00,0.0,0.0,0.0,8.0573,0,0.0,0.0,0.0,0.0,0.0
1990-02-09 16:00:00-05:00,0.0,8.1839,7.9308,8.1839,14397,0.0,0.0,0.0,0.0,0.0
1990-02-12 16:00:00-05:00,0.0,0.0,0.0,8.1839,0,0.0,0.0,0.0,0.0,0.0
1990-02-13 16:00:00-05:00,0.0,8.0573,7.8464,8.0573,32602,0.0,0.0,0.0,0.0,0.0
1990-02-14 16:00:00-05:00,0.0,7.8464,7.8464,7.8464,899,0.0,0.0,0.0,0.0,0.0
1990-02-15 16:00:00-05:00,0.0,8.0994,7.9308,8.0152,10497,0.0,0.0,0.0,0.0,0.0
1990-02-16 16:00:00-05:00,0.0,7.8464,7.8464,7.8464,1699,0.0,0.0,0.0,0.0,0.0
1990-02-20 16:00:00-05:00,0.0,0.0,0.0,7.8464,0,0.0,0.0,0.0,0.0,0.0
1990-02-21 16:00:00-05:00,0.0,8.0994,8.0994,8.0994,1699,0.0,0.0,0.0,0.0,0.0
1990-02-22 16:00:00-05:00,0.0,8.2682,7.8464,8.2682,5698,0.0,0.0,0.0,0.0,0.0
1990-02-23 16:00:00-05:00,0.0,7.762,7.762,7.762,2003,0.0,0.0,0.0,0.0,0.0
1990-02-26 16:00:00-05:00,0.0,0.0,0.0,7.762,0,0.0,0.0,0.0,0.0,0.0
1990-02-27 16:00:00-05:00,0.0,7.762,7.762,7.762,899,0.0,0.0,0.0,0.0,0.0
1990-02-28 16:00:00-05:00,0.0,0.0,0.0,7.762,0,0.0,0.0,0.0,0.0,0.0
1990-03-01 16:00:00-05:00,0.0,0.0,0.0,7.762,0,0.0,0.0,0.0,0.0,0.0
1990-03-02 16:00:00-05:00,0.0,8.2049,7.994,8.0994,11700,0.0,0.0,0.0,0.0,0.0
1990-03-05 16:00:00-05:00,0.0,8.2049,7.762,8.2049,8898,0.0,0.0,0.0,0.0,0.0
1990-03-06 16:00:00-05:00,0.0,8.2049,7.994,8.2049,2003,0.0,0.0,0.0,0.0,0.0
1990-03-07 16:00:00-05:00,0.0,8.1839,8.0152,8.1839,10001,0.0,0.0,0.0,0.0,0.0
1990-03-08 16:00:00-05:00,0.0,8.2682,7.762,7.762,1699,0.0,0.0,0.0,0.0,0.0
1990-03-09 16:00:00-05:00,0.0,8.2682,8.2682,8.2682,2003,0.0,0.0,0.0,0.0,0.0
1990-03-12 16:00:00-05:00,0.0,0.0,0.0,8.2682,0,0.0,0.0,0.0,0.0,0.0
1990-03-13 16:00:00-05:00,0.0,8.2682,8.2682,8.2682,198,0.0,0.0,0.0,0.0,0.0
1990-03-14 16:00:00-05:00,0.0,8.1839,7.8464,7.9308,11700,0.0,0.0,0.0,0.0,0.0
1990-03-15 16:00:00-05:00,0.0,0.0,0.0,7.9308,0,0.0,0.0,0.0,0.0,0.0
1990-03-16 16:00:00-05:00,0.0,7.762,7.762,7.762,4799,0.0,0.0,0.0,0.0,0.0
1990-03-19 16:00:00-05:00,0.0,7.9729,7.762,7.9729,16599,0.0,0.0,0.0,0.0,0.0
1990-03-20 16:00:00-05:00,0.0,8.0994,7.762,8.0994,39801,0.0,0.0,0.0,0.0,0.0
1990-03-21 16:00:00-05:00,0.0,8.0994,7.6777,7.6777,5698,0.0,0.0,0.0,0.0,0.0
1990-03-22 16:00:00-05:00,0.0,8.0994,8.0994,8.0994,198,0.0,0.0,0.0,0.0,0.0
1990-03-23 16:00:00-05:00,0.0,8.0994,8.0994,8.0994,198,0.0,0.0,0.0,0.0,0.0
1990-03-26 16:00:00-05:00,0.0,8.0994,8.0994,8.0994,899,0.0,0.0,0.0,0.0,0.0
1990-03-27 16:00:00-05:00,0.0,7.8886,7.6777,7.8886,10001,0.0,0.0,0.0,0.0,0.0
1990-03-28 16:00:00-05:00,0.0,7.8042,7.6777,7.8042,15799,0.0,0.0,0.0,0.0,0.0
1990-03-29 16:00:00-05:00,0.0,7.8886,7.8886,7.8886,4799,0.0,0.0,0.0,0.0,0.0
1990-03-30 16:00:00-05:00,0.0,7.762,7.762,7.762,899,0.0,0.0,0.0,0.0,0.0
1990-04-02 16:00:00-04:00,0.0,8.0152,7.5932,8.0152,4601,0.0,0.0,0.0,0.0,0.0
1990-04-03 16:00:00-04:00,0.0,8.0152,7.9308,7.9308,899,0.0,0.0,0.0,0.0,0.0
1990-04-04 16:00:00-04:00,0.0,7.9308,7.5932,7.5932,13598,0.0,0.0,0.0,0.0,0.0
1990-04-05 16:00:00-04:00,0.0,8.0152,7.5932,8.0152,27499,0.0,0.0,0.0,0.0,0.0
1990-04-06 16:00:00-04:00,0.0,7.6354,7.5932,7.6354,42802,0.0,0.0,0.0,0.0,0.0
1990-04-09 16:00:00-04:00,0.0,0.0,0.0,7.6354,0,0.0,0.0,0.0,0.0,0.0
1990-04-10 16:00:00-04:00,0.0,7.8886,7.8464,7.8464,7000,0.0,0.0,0.0,0.0,0.0
1990-04-11 16:00:00-04:00,0.0,0.0,0.0,7.8464,0,0.0,0.0,0.0,0.0,0.0
1990-04-12 16:00:00-04:00,0.0,7.9308,7.762,7.9308,2003,0.0,0.0,0.0,0.0,0.0
1990-04-16 16:00:00-04:00,0.0,7.8464,7.8464,7.8464,4099,0.0,0.0,0.0,0.0,0.0
1990-04-17 16:00:00-04:00,0.0,0.0,0.0,7.8464,0,0.0,0.0,0.0,0.0,0.0
1990-04-18 16:00:00-04:00,0.0,7.9729,7.5932,7.5932,20400,0.0,0.0,0.0,0.0,0.0
1990-04-19 16:00:00-04:00,0.0,0.0,0.0,7.5932,0,0.0,0.0,0.0,0.0,0.0
1990-04-20 16:00:00-04:00,0.0,8.0152,7.762,7.762,4099,0.0,0.0,0.0,0.0,0.0
1990-04-23 16:00:00-04:00,0.0,0.0,0.0,7.762,0,0.0,0.0,0.0,0.0,0.0
1990-04-24 16:00:00-04:00,0.0,7.762,7.762,7.762,1699,0.0,0.0,0.0,0.0,0.0
1990-04-25 16:00:00-04:00,0.0,0.0,0.0,7.762,0,0.0,0.0,0.0,0.0,0.0
1990-04-26 16:00:00-04:00,0.0,7.5089,7.5089,7.5089,4799,0.0,0.0,0.0,0.0,0.0
1990-04-27 16:00:00-04:00,0.0,7.5089,7.5089,7.5089,3199,0.0,0.0,0.0,0.0,0.0
1990-04-30 16:00:00-04:00,0.0,7.5089,7.5089,7.5089,3199,0.0,0.0,0.0,0.0,0.0
1990-05-01 16:00:00-04:00,0.0,7.9308,7.5932,7.9308,6101,0.0,0.0,0.0,0.0,0.0
1990-05-02 16:00:00-04:00,0.0,7.8464,7.5089,7.8464,4601,0.0,0.0,0.0,0.0,0.0
1990-05-03 16:00:00-04:00,0.0,7.8464,7.8464,7.8464,3199,0.0,0.0,0.0,0.0,0.0
1990-05-04 16:00:00-04:00,0.0,0.0,0.0,7.8464,0,0.0,0.0,0.0,0.0,0.0
1990-05-07 16:00:00-04:00,0.0,7.5089,7.5089,7.5089,198,0.0,0.0,0.0,0.0,0.0
1990-05-08 16:00:00-04:00,0.0,0.0,0.0,7.5089,0,0.0,0.0,0.0,0.0,0.0
1990-05-09 16:00:00-04:00,0.0,7.762,7.762,7.762,5903,0.0,0.0,0.0,0.0,0.0
1990-05-10 16:00:00-04:00,0.0,7.8886,7.5089,7.6777,25000,0.0,0.0,0.0,0.0,0.0
1990-05-11 16:00:00-04:00,0.0,0.0,0.0,7.6777,0,0.0,0.0,0.0,0.0,0.0
1990-05-14 16:00:00-04:00,0.0,7.5089,7.5089,7.5089,198,0.0,0.0,0.0,0.0,0.0
1990-05-15 16:00:00-04:00,0.0,7.762,7.5089,7.5089,1699,0.0,0.0,0.0,0.0,0.0
1990-05-16 16:00:00-04:00,0.0,7.9308,7.5089,7.8886,21602,0.0,0.0,0.0,0.0,0.0
1990-05-17 16:00:00-04:00,0.0,7.9308,7.9308,7.9308,198,0.0,0.0,0.0,0.0,0.0
1990-05-18 16:00:00-04:00,0.0,8.0994,7.762,7.762,19401,0.0,0.0,0.0,0.0,0.0
1990-05-21 16:00:00-04:00,0.0,8.0994,7.762,7.9729,10001,0.0,0.0,0.0,0.0,0.0
1990-05-22 16:00:00-04:00,0.0,7.9729,7.8464,7.9729,10497,0.0,0.0,0.0,0.0,0.0
1990-05-23 16:00:00-04:00,0.0,7.8464,7.6354,7.6354,19203,0.0,0.0,0.0,0.0,0.0
1990-05-24 16:00:00-04:00,0.0,7.9729,7.8042,7.9729,4799,0.0,0.0,0.0,0.0,0.0
1990-05-25 16:00:00-04:00,0.0,0.0,0.0,7.9729,0,0.0,0.0,0.0,0.0,0.0
1990-05-29 16:00:00-04:00,0.0,7.762,7.762,7.762,5903,0.0,0.0,0.0,0.0,0.0
1990-05-30 16:00:00-04:00,0.0,7.7198,7.7198,7.7198,3199,0.0,0.0,0.0,0.0,0.0
1990-05-31 16:00:00-04:00,0.0,7.8464,7.8464,7.8464,2003,0.0,0.0,0.0,0.0,0.0
1990-06-01 16:00:00-04:00,0.0,0.0,0.0,7.8464,0,0.0,0.0,0.0,0.0,0.0
1990-06-04 16:00:00-04:00,0.0,0.0,0.0,7.8464,0,0.0,0.0,0.0,0.0,0.0
1990-06-05 16:00:00-04:00,0.0,7.9308,7.762,7.762,7000,0.0,0.0,0.0,0.0,0.0
1990-06-06 16:00:00-04:00,0.0,7.8464,7.8464,7.8464,899,0.0,0.0,0.0,0.0,0.0
1990-06-07 16:00:00-04:00,0.0,7.6777,7.6777,7.6777,4099,0.0,0.0,0.0,0.0,0.0
1990-06-08 16:00:00-04:00,0.0,7.8464,7.8464,7.8464,5903,0.0,0.0,0.0,0.0,0.0
1990-06-11 16:00:00-04:00,0.0,7.9308,7.9308,7.9308,5698,0.0,0.0,0.0,0.0,0.0
1990-06-12 16:00:00-04:00,0.0,7.9308,7.8042,7.9308,12897,0.0,0.0,0.0,0.0,0.0
1990-06-13 16:00:00-04:00,0.0,0.0,0.0,7.9308,0,0.0,0.0,0.0,0.0,0.0
1990-06-14 16:00:00-04:00,0.0,7.5932,7.4246,7.4246,1699,0.0,0.0,0.0,0.0,0.0
1990-06-15 16:00:00-04:00,0.0,0.0,0.0,7.4246,0,0.0,0.0,0.0,0.0,0.0
1990-06-18 16:00:00-04:00,0.0,0.0,0.0,7.4246,0,0.0,0.0,0.0,0.0,0.0
1990-06-19 16:00:00-04:00,0.0,7.9308,7.9308,7.9308,5698,0.0,0.0,0.0,0.0,0.0
1990-06-20 16:00:00-04:00,0.0,7.9308,7.4246,7.9308,17399,0.0,0.0,0.0,0.0,0.0
1990-06-21 16:00:00-04:00,0.0,0.0,0.0,7.9308,0,0.0,0.0,0.0,0.0,0.0
1990-06-22 16:00:00-04:00,0.0,0.0,0.0,7.9308,0,0.0,0.0,0.0,0.0,0.0
1990-06-25 16:00:00-04:00,0.0,0.0,0.0,7.9308,0,0.0,0.0,0.0,0.0,0.0
1990-06-26 16:00:00-04:00,0.0,7.8464,7.5511,7.5511,1699,0.0,0.0,0.0,0.0,0.0
1990-06-27 16:00:00-04:00,0.0,7.7198,7.7198,7.7198,198,0.0,0.0,0.0,0.0,0.0
1990-06-28 16:00:00-04:00,0.0,7.7198,7.7198,7.7198,198,0.0,0.0,0.0,0.0,0.0
1990-06-29 16:00:00-04:00,0.0,7.4666,7.4666,7.4666,198,0.0,0.0,0.0,0.0,0.0
1990-07-02 16:00:00-04:00,0.0,7.7198,7.7198,7.7198,2003,0.0,0.0,0.0,0.0,0.0
1990-07-03 16:00:00-04:00,0.0,7.4666,7.4666,7.4666,11700,0.0,0.0,0.0,0.0,0.0
1990-07-05 16:00:00-04:00,0.0,7.7198,7.4666,7.4666,14397,0.0,0.0,0.0,0.0,0.0
1990-07-06 16:00:00-04:00,0.0,7.5511,7.3823,7.3823,30401,0.0,0.0,0.0,0.0,0.0
1990-07-09 16:00:00-04:00,0.0,7.3823,7.3823,7.3823,899,0.0,0.0,0.0,0.0,0.0
1990-07-10 16:00:00-04:00,0.0,7.4666,7.3612,7.4034,64497,0.0,0.0,0.0,0.0,0.0
1990-07-11 16:00:00-04:00,0.0,7.7198,7.7198,7.7198,2003,0.0,0.0,0.0,0.0,0.0
1990-07-12 16:00:00-04:00,0.0,7.7198,7.2558,7.4246,22303,0.0,0.0,0.0,0.0,0.0
1990-07-13 16:00:00-04:00,0.0,7.7198,7.7198,7.7198,5698,0.0,0.0,0.0,0.0,0.0
1990-07-16 16:00:00-04:00,0.0,7.7198,7.2558,7.2558,42200,0.0,0.0,0.0,0.0,0.0
1990-07-17 16:00:00-04:00,0.0,0.0,0.0,7.2558,0,0.0,0.0,0.0,0.0,0.0
1990-07-18 16:00:00-04:00,0.0,7.4246,7.1714,7.298,28398,0.0,0.0,0.0,0.0,0.0
1990-07-19 16:00:00-04:00,0.0,7.2558,7.1292,7.2558,10001,0.0,0.0,0.0,0.0,0.0
1990-07-20 16:00:00-04:00,0.0,7.298,7.298,7.298,899,0.0,0.0,0.0,0.0,0.0
1990-07-23 16:00:00-04:00,0.0,7.2558,7.2558,7.2558,3199,0.0,0.0,0.0,0.0,0.0
1990-07-24 16:00:00-04:00,0.0,7.3401,7.1292,7.1292,12897,0.0,0.0,0.0,0.0,0.0
1990-07-25 16:00:00-04:00,0.0,7.4666,7.0449,7.4246,11297,0.0,0.0,0.0,0.0,0.0
1990-07-26 16:00:00-04:00,0.0,7.4666,6.9605,7.2558,10001,0.0,0.0,0.0,0.0,0.0
1990-07-27 16:00:00-04:00,0.0,7.2558,7.0871,7.2558,7503,0.0,0.0,0.0,0.0,0.0
1990-07-30 16:00:00-04:00,0.0,6.9183,6.9183,6.9183,5903,0.0,0.0,0.0,0.0,0.0
1990-07-31 16:00:00-04:00,0.0,7.2558,6.8762,7.2558,87197,0.0,0.0,0.0,0.0,0.0
1990-08-01 16:00:00-04:00,0.0,7.1714,6.7918,6.9605,13598,0.0,0.0,0.0,0.0,0.0
1990-08-02 16:00:00-04:00,0.0,7.1292,6.7495,6.9605,4799,0.0,0.0,0.0,0.0,0.0
1990-08-03 16:00:00-04:00,0.0,6.8339,6.623,6.7495,16599,0.0,0.0,0.0,0.0,0.0
1990-08-06 16:00:00-04:00,0.0,0.0,0.0,6.7495,0,0.0,0.0,0.0,0.0,0.0
1990-08-07 16:00:00-04:00,0.0,6.9183,6.5809,6.7918,18000,0.0,0.0,0.0,0.0,0.0
1990-08-08 16:00:00-04:00,0.0,6.9183,6.5809,6.9183,8898,0.0,0.0,0.0,0.0,0.0
1990-08-09 16:00:00-04:00,0.0,6.8762,6.5809,6.7495,22098,0.0,0.0,0.0,0.0,0.0
1990-08-10 16:00:00-04:00,0.0,6.7495,6.412,6.5809,35398,0.0,0.0,0.0,0.0,0.0
1990-08-13 16:00:00-04:00,0.0,6.5809,6.5809,6.5809,198,0.0,0.0,0.0,0.0,0.0
1990-08-14 16:00:00-04:00,0.0,0.0,0.0,6.5809,0,0.0,0.0,0.0,0.0,0.0
1990-08-15 16:00:00-04:00,0.0,6.2433,6.2433,6.2433,3199,0.0,0.0,0.0,0.0,0.0
1990-08-16 16:00:00-04:00,0.0,6.3277,6.1167,6.3277,50199,0.0,0.0,0.0,0.0,0.0
1990-08-17 16:00:00-04:00,0.0,6.2011,6.0747,6.2011,3199,0.0,0.0,0.0,0.0,0.0
1990-08-20 16:00:00-04:00,0.0,6.3277,6.3277,6.3277,198,0.0,0.0,0.0,0.0,0.0
1990-08-21 16:00:00-04:00,0.0,6.2433,6.0747,6.0747,16599,0.0,0.0,0.0,0.0,0.0
1990-08-22 16:00:00-04:00,0.0,6.1167,6.1167,6.1167,198,0.0,0.0,0.0,0.0,0.0
1990-08-23 16:00:00-04:00,0.0,6.1167,6.1167,6.1167,1699,0.0,0.0,0.0,0.0,0.0
1990-08-24 16:00:00-04:00,0.0,0.0,0.0,6.1167,0,0.0,0.0,0.0,0.0,0.0
1990-08-27 16:00:00-04:00,0.0,6.2433,6.2433,6.2433,4799,0.0,0.0,0.0,0.0,0.0
1990-08-28 16:00:00-04:00,0.0,6.2856,6.1591,6.2856,26699,0.0,0.0,0.0,0.0,0.0
1990-08-29 16:00:00-04:00,0.0,6.3277,6.2433,6.3277,5698,0.0,0.0,0.0,0.0,0.0
1990-08-30 16:00:00-04:00,0.0,6.2433,6.2433,6.2433,198,0.0,0.0,0.0,0.0,0.0
1990-08-31 16:00:00-04:00,0.0,0.0,0.0,6.2433,0,0.0,0.0,0.0,0.0,0.0
1990-09-04 16:00:00-04:00,0.0,0.0,0.0,6.2433,0,0.0,0.0,0.0,0.0,0.0
1990-09-05 16:00:00-04:00,0.0,0.0,0.0,6.2433,0,0.0,0.0,0.0,0.0,0.0
1990-09-06 16:00:00-04:00,0.0,6.3277,6.1591,6.3277,4601,0.0,0.0,0.0,0.0,0.0
1990-09-07 16:00:00-04:00,0.0,6.2856,6.1591,6.2856,7503,0.0,0.0,0.0,0.0,0.0
1990-09-10 16:00:00-04:00,0.0,5.9902,5.5684,5.5684,23301,0.0,0.0,0.0,0.0,0.0
1990-09-11 16:00:00-04:00,0.0,5.7371,5.4841,5.7371,10702,0.0,0.0,0.0,0.0,0.0
1990-09-12 16:00:00-04:00,0.0,5.9058,5.695,5.695,4099,0.0,0.0,0.0,0.0,0.0
1990-09-13 16:00:00-04:00,0.0,5.9058,5.6528,5.8637,8501,0.0,0.0,0.0,0.0,0.0
1990-09-14 16:00:00-04:00,0.0,5.9481,5.6528,5.8637,43701,0.0,0.0,0.0,0.0,0.0
1990-09-17 16:00:00-04:00,0.0,5.9058,5.9058,5.9058,5903,0.0,0.0,0.0,0.0,0.0
1990-09-18 16:00:00-04:00,0.0,5.8216,5.695,5.7371,23301,0.0,0.0,0.0,0.0,0.0
1990-09-19 16:00:00-04:00,0.0,5.8216,5.6106,5.8216,12203,0.0,0.0,0.0,0.0,0.0
1990-09-20 16:00:00-04:00,0.0,5.7371,5.4418,5.6528,28398,0.0,0.0,0.0,0.0,0.0
1990-09-21 16:00:00-04:00,0.0,5.5684,5.273,5.273,23301,0.0,0.0,0.0,0.0,0.0
1990-09-24 16:00:00-04:00,0.0,5.4841,4.6402,4.9779,93701,0.0,0.0,0.0,0.0,0.0
1990-09-25 16:00:00-04:00,0.0,4.9779,4.6826,4.7247,40898,0.0,0.0,0.0,0.0,0.0
1990-09-26 16:00:00-04:00,0.0,4.9779,4.7247,4.809,20902,0.0,0.0,0.0,0.0,0.0
1990-09-27 16:00:00-04:00,0.0,4.9779,4.7247,4.7247,29099,0.0,0.0,0.0,0.0,0.0
1990-09-28 16:00:00-04:00,0.0,4.8935,4.7247,4.7247,23500,0.0,0.0,0.0,0.0,0.0
1990-10-01 16:00:00-04:00,0.0,0.0,0.0,4.7247,0,0.0,0.0,0.0,0.0,0.0
1990-10-02 16:00:00-04:00,0.0,4.9779,4.809,4.809,70202,0.0,0.0,0.0,0.0,0.0
1990-10-03 16:00:00-04:00,0.0,4.8935,4.6402,4.6826,78200,0.0,0.0,0.0,0.0,0.0
1990-10-04 16:00:00-04:00,0.0,4.809,4.5983,4.6826,35398,0.0,0.0,0.0,0.0,0.0
1990-10-05 16:00:00-04:00,0.0,4.809,4.6402,4.809,10001,0.0,0.0,0.0,0.0,0.0
1990-10-08 16:00:00-04:00,0.0,4.7247,4.6402,4.6826,43701,0.0,0.0,0.0,0.0,0.0
1990-10-09 16:00:00-04:00,0.0,4.6826,4.6826,4.6826,5903,0.0,0.0,0.0,0.0,0.0
1990-10-10 16:00:00-04:00,0.0,4.7669,4.6826,4.6826,20400,0.0,0.0,0.0,0.0,0.0
1990-10-11 16:00:00-04:00,0.0,4.809,4.6826,4.6826,8898,0.0,0.0,0.0,0.0,0.0
1990-10-12 16:00:00-04:00,0.0,4.7669,4.5983,4.7669,13598,0.0,0.0,0.0,0.0,0.0
1990-10-15 16:00:00-04:00,0.0,4.7247,4.556,4.7247,19203,0.0,0.0,0.0,0.0,0.0
1990-10-16 16:00:00-04:00,0.0,4.577,4.556,4.556,36403,0.0,0.0,0.0,0.0,0.0
1990-10-17 16:00:00-04:00,0.0,4.7247,4.556,4.556,45201,0.0,0.0,0.0,0.0,0.0
1990-10-18 16:00:00-04:00,0.0,4.6402,4.556,4.556,17802,0.0,0.0,0.0,0.0,0.0
1990-10-19 16:00:00-04:00,0.0,4.6402,4.556,4.6402,4099,0.0,0.0,0.0,0.0,0.0
1990-10-22 16:00:00-04:00,0.0,4.556,4.4716,4.4716,5903,0.0,0.0,0.0,0.0,0.0
1990-10-23 16:00:00-04:00,0.0,4.5983,4.5983,4.5983,899,0.0,0.0,0.0,0.0,0.0
1990-10-24 16:00:00-04:00,0.0,4.5983,4.4716,4.4716,10702,0.0,0.0,0.0,0.0,0.0
1990-10-25 16:00:00-04:00,0.0,4.4716,4.4716,4.4716,5903,0.0,0.0,0.0,0.0,0.0
1990-10-26 16:00:00-04:00,0.0,4.5983,4.4716,4.556,36403,0.0,0.0,0.0,0.0,0.0
1990-10-29 16:00:00-05:00,0.0,4.556,4.4716,4.4716,14397,0.0,0.0,0.0,0.0,0.0
1990-10-30 16:00:00-05:00,0.0,4.4716,4.4716,4.4716,899,0.0,0.0,0.0,0.0,0.0
1990-10-31 16:00:00-05:00,0.0,4.556,4.3028,4.3028,10702,0.0,0.0,0.0,0.0,0.0
1990-11-01 16:00:00-05:00,0.0,4.556,4.3028,4.4294,21602,0.0,0.0,0.0,0.0,0.0
1990-11-02 16:00:00-05:00,0.0,4.556,4.3028,4.556,15799,0.0,0.0,0.0,0.0,0.0
1990-11-05 16:00:00-05:00,0.0,4.5137,4.3028,4.3872,31300,0.0,0.0,0.0,0.0,0.0
1990-11-06 16:00:00-05:00,0.0,4.556,4.3872,4.556,11700,0.0,0.0,0.0,0.0,0.0
1990-11-07 16:00:00-05:00,0.0,4.3872,4.3872,4.3872,899,0.0,0.0,0.0,0.0,0.0
1990-11-08 16:00:00-05:00,0.0,4.4927,4.3872,4.3872,11297,0.0,0.0,0.0,0.0,0.0
1990-11-09 16:00:00-05:00,0.0,4.556,4.3872,4.3872,3199,0.0,0.0,0.0,0.0,0.0
1990-11-12 16:00:00-05:00,0.0,4.556,4.4294,4.4294,21602,0.0,0.0,0.0,0.0,0.0
1990-11-13 16:00:00-05:00,0.0,4.6402,4.5137,4.5137,7000,0.0,0.0,0.0,0.0,0.0
1990-11-14 16:00:00-05:00,0.0,4.556,4.4294,4.556,4601,0.0,0.0,0.0,0.0,0.0
1990-11-15 16:00:00-05:00,0.0,4.556,4.556,4.556,48500,0.0,0.0,0.0,0.0,0.0
1990-11-16 16:00:00-05:00,0.0,4.4294,4.4294,4.4294,899,0.0,0.0,0.0,0.0,0.0
1990-11-19 16:00:00-05:00,0.0,4.556,4.4294,4.4294,20400,0.0,0.0,0.0,0.0,0.0
1990-11-20 16:00:00-05:00,0.0,4.556,4.3662,4.3872,71603,0.0,0.0,0.0,0.0,0.0
1990-11-21 16:00:00-05:00,0.0,4.556,4.4294,4.4927,11700,0.0,0.0,0.0,0.0,0.0
1990-11-23 16:00:00-05:00,0.0,4.556,4.4294,4.5137,14397,0.0,0.0,0.0,0.0,0.0
1990-11-26 16:00:00-05:00,0.0,4.3872,4.3872,4.3872,10702,0.0,0.0,0.0,0.0,0.0
1990-11-27 16:00:00-05:00,0.0,4.5137,4.3872,4.3872,95103,0.0,0.0,0.0,0.0,0.0
1990-11-28 16:00:00-05:00,0.0,4.5137,4.3872,4.3872,120202,0.0,0.0,0.0,0.0,0.0
1990-11-29 16:00:00-05:00,0.0,4.4716,4.3872,4.4716,16599,0.0,0.0,0.0,0.0,0.0
1990-11-30 16:00:00-05:00,0.0,4.4716,4.3028,4.3872,19203,0.0,0.0,0.0,0.0,0.0
1990-12-03 16:00:00-05:00,0.0,4.324,4.2185,4.3028,16599,0.0,0.0,0.0,0.0,0.0
1990-12-04 16:00:00-05:00,0.0,4.3872,4.1341,4.3872,85201,0.0,0.0,0.0,0.0,0.0
1990-12-05 16:00:00-05:00,0.0,4.3872,4.1763,4.3028,39801,0.0,0.0,0.0,0.0,0.0
1990-12-06 16:00:00-05:00,0.0,4.1763,4.1763,4.1763,198,0.0,0.0,0.0,0.0,0.0
1990-12-07 16:00:00-05:00,0.0,4.3872,4.2185,4.2607,23301,0.0,0.0,0.0,0.0,0.0
1990-12-10 16:00:00-05:00,0.0,4.345,4.1763,4.1763,71603,0.0,0.0,0.0,0.0,0.0
1990-12-11 16:00:00-05:00,0.0,4.345,4.1763,4.2185,29099,0.0,0.0,0.0,0.0,0.0
1990-12-12 16:00:00-05:00,0.0,0.0,0.0,4.2185,0,0.0,0.0,0.0,0.0,0.0
1990-12-13 16:00:00-05:00,0.0,4.345,4.1763,4.1763,15799,0.0,0.0,0.0,0.0,0.0
1990-12-14 16:00:00-05:00,0.0,4.3028,4.1763,4.3028,20400,0.0,0.0,0.0,0.0,0.0
1990-12-17 16:00:00-05:00,0.0,4.2185,4.092,4.1341,40898,0.0,0.0,0.0,0.0,0.0
1990-12-18 16:00:00-05:00,0.0,4.1763,4.0497,4.1763,14999,0.0,0.0,0.0,0.0,0.0
1990-12-19 16:00:00-05:00,0.0,4.1763,4.0497,4.0497,31102,0.0,0.0,0.0,0.0,0.0
1990-12-20 16:00:00-05:00,0.0,4.0497,4.0497,4.0497,20400,0.0,0.0,0.0,0.0,0.0
1990-12-21 16:00:00-05:00,0.0,4.1341,4.0497,4.0497,37203,0.0,0.0,0.0,0.0,0.0
1990-12-24 16:00:00-05:00,0.0,4.1341,4.0497,4.0497,10702,0.0,0.0,0.0,0.0,0.0
1990-12-26 16:00:00-05:00,0.0,4.1341,4.0497,4.0497,33501,0.0,0.0,0.0,0.0,0.0
1990-12-27 16:00:00-05:00,0.0,4.1341,4.0497,4.092,25000,0.0,0.0,0.0,0.0,0.0
1990-12-28 16:00:00-05:00,0.0,4.092,4.0075,4.0075,6101,0.0,0.0,0.0,0.0,0.0
1990-12-31 16:00:00-05:00,0.0,4.092,3.9655,4.0497,57801,0.0,0.0,0.0,0.0,0.0
1991-01-02 16:00:00-05:00,0.0,4.092,3.9655,4.092,26302,0.0,0.0,0.0,0.0,0.0
1991-01-03 16:00:00-05:00,0.0,4.0497,4.0497,4.0497,3199,0.0,0.0,0.0,0.0,0.0
1991-01-04 16:00:00-05:00,0.0,4.0497,3.9655,3.9655,19401,0.0,0.0,0.0,0.0,0.0
1991-01-07 16:00:00-05:00,0.0,4.0497,3.9655,3.9655,57503,0.0,0.0,0.0,0.0,0.0
1991-01-08 16:00:00-05:00,0.0,4.0497,3.881,4.0075,87799,0.0,0.0,0.0,0.0,0.0
1991-01-09 16:00:00-05:00,0.0,4.0075,3.7123,3.8388,34202,0.0,0.0,0.0,0.0,0.0
1991-01-10 16:00:00-05:00,0.0,3.8388,3.5857,3.7966,30401,0.0,0.0,0.0,0.0,0.0
1991-01-11 16:00:00-05:00,0.0,3.7545,3.5857,3.7123,58501,0.0,0.0,0.0,0.0,0.0
1991-01-14 16:00:00-05:00,0.0,3.7123,3.417,3.417,101700,0.0,0.0,0.0,0.0,0.0
1991-01-15 16:00:00-05:00,0.0,3.7123,3.4592,3.5224,55600,0.0,0.0,0.0,0.0,0.0
1991-01-16 16:00:00-05:00,0.0,3.7123,3.4592,3.628,7503,0.0,0.0,0.0,0.0,0.0
1991-01-17 16:00:00-05:00,0.0,3.881,3.5435,3.7123,105997,0.0,0.0,0.0,0.0,0.0
1991-01-18 16:00:00-05:00,0.0,3.7123,3.5435,3.6912,14397,0.0,0.0,0.0,0.0,0.0
1991-01-21 16:00:00-05:00,0.0,3.7123,3.5435,3.5857,47198,0.0,0.0,0.0,0.0,0.0
1991-01-22 16:00:00-05:00,0.0,3.7123,3.5435,3.7123,16599,0.0,0.0,0.0,0.0,0.0
1991-01-23 16:00:00-05:00,0.0,3.7123,3.5435,3.7123,26302,0.0,0.0,0.0,0.0,0.0
1991-01-24 16:00:00-05:00,0.0,3.7123,3.7123,3.7123,899,0.0,0.0,0.0,0.0,0.0
1991-01-25 16:00:00-05:00,0.0,3.7545,3.5857,3.7123,20902,0.0,0.0,0.0,0.0,0.0
1991-01-28 16:00:00-05:00,0.0,3.7966,3.5857,3.5857,52902,0.0,0.0,0.0,0.0,0.0
1991-01-29 16:00:00-05:00,0.0,3.7966,3.6912,3.7966,12897,0.0,0.0,0.0,0.0,0.0
1991-01-30 16:00:00-05:00,0.0,3.881,3.628,3.6701,58501,0.0,0.0,0.0,0.0,0.0
1991-01-31 16:00:00-05:00,0.0,4.0075,3.9231,4.0075,7000,0.0,0.0,0.0,0.0,0.0
1991-02-01 16:00:00-05:00,0.0,3.881,3.6701,3.6701,4799,0.0,0.0,0.0,0.0,0.0
1991-02-04 16:00:00-05:00,0.0,3.881,3.7123,3.7123,25503,0.0,0.0,0.0,0.0,0.0
1991-02-05 16:00:00-05:00,0.0,3.881,3.7123,3.8178,94197,0.0,0.0,0.0,0.0,0.0
1991-02-06 16:00:00-05:00,0.0,3.881,3.7123,3.7123,18000,0.0,0.0,0.0,0.0,0.0
1991-02-07 16:00:00-05:00,0.0,3.881,3.881,3.881,8898,0.0,0.0,0.0,0.0,0.0
1991-02-08 16:00:00-05:00,0.0,4.3028,3.881,4.1763,81102,0.0,0.0,0.0,0.0,0.0
1991-02-11 16:00:00-05:00,0.0,4.4294,4.2185,4.4294,16599,0.0,0.0,0.0,0.0,0.0
1991-02-12 16:00:00-05:00,0.0,4.556,4.2185,4.4294,150101,0.0,0.0,0.0,0.0,0.0
1991-02-13 16:00:00-05:00,0.0,4.556,4.3028,4.3872,57503,0.0,0.0,0.0,0.0,0.0
1991-02-14 16:00:00-05:00,0.0,4.556,4.3872,4.4716,35200,0.0,0.0,0.0,0.0,0.0
1991-02-15 16:00:00-05:00,0.0,4.6402,4.4716,4.4716,47403,0.0,0.0,0.0,0.0,0.0
1991-02-19 16:00:00-05:00,0.0,4.6402,4.4716,4.6402,24498,0.0,0.0,0.0,0.0,0.0
1991-02-20 16:00:00-05:00,0.0,4.6402,4.4716,4.4716,42802,0.0,0.0,0.0,0.0,0.0
1991-02-21 16:00:00-05:00,0.0,4.556,4.4716,4.4716,15799,0.0,0.0,0.0,0.0,0.0
1991-02-22 16:00:00-05:00,0.0,4.6402,4.5137,4.5137,19203,0.0,0.0,0.0,0.0,0.0
1991-02-25 16:00:00-05:00,0.0,4.5983,4.556,4.5983,10497,0.0,0.0,0.0,0.0,0.0
1991-02-26 16:00:00-05:00,0.0,4.6826,4.556,4.6826,26302,0.0,0.0,0.0,0.0,0.0
1991-02-27 16:00:00-05:00,0.0,4.7669,4.556,4.7669,14999,0.0,0.0,0.0,0.0,0.0
1991-02-28 16:00:00-05:00,0.0,4.8935,4.6402,4.7669,18000,0.0,0.0,0.0,0.0,0.0
1991-03-01 16:00:00-05:00,0.0,4.8935,4.6402,4.6402,29601,0.0,0.0,0.0,0.0,0.0
1991-03-04 16:00:00-05:00,0.0,4.8935,4.7247,4.8935,27499,0.0,0.0,0.0,0.0,0.0
1991-03-05 16:00:00-05:00,0.0,4.9779,4.809,4.9779,25000,0.0,0.0,0.0,0.0,0.0
1991-03-06 16:00:00-05:00,0.0,5.1044,4.8513,5.02,93701,0.0,0.0,0.0,0.0,0.0
1991-03-07 16:00:00-05:00,0.0,5.1044,4.9356,5.0622,23500,0.0,0.0,0.0,0.0,0.0
1991-03-08 16:00:00-05:00,0.0,5.1044,4.9356,4.9356,77400,0.0,0.0,0.0,0.0,0.0
1991-03-11 16:00:00-05:00,0.0,5.1044,4.9356,4.9356,13598,0.0,0.0,0.0,0.0,0.0
1991-03-12 16:00:00-05:00,0.0,5.0622,4.9356,5.02,39801,0.0,0.0,0.0,0.0,0.0
1991-03-13 16:00:00-05:00,0.0,5.231,5.0622,5.1465,103901,0.0,0.0,0.0,0.0,0.0
1991-03-14 16:00:00-05:00,0.0,5.231,5.0622,5.231,81102,0.0,0.0,0.0,0.0,0.0
1991-03-15 16:00:00-05:00,0.0,5.3575,5.1465,5.231,173303,0.0,0.0,0.0,0.0,0.0
1991-03-18 16:00:00-05:00,0.0,5.4418,5.1888,5.4418,71603,0.0,0.0,0.0,0.0,0.0
1991-03-19 16:00:00-05:00,0.0,5.4418,5.231,5.3153,45902,0.0,0.0,0.0,0.0,0.0
1991-03-20 16:00:00-05:00,0.0,5.3575,4.9779,5.3153,46801,0.0,0.0,0.0,0.0,0.0
1991-03-21 16:00:00-05:00,0.0,5.252,5.0622,5.0622,31300,0.0,0.0,0.0,0.0,0.0
1991-03-22 16:00:00-05:00,0.0,5.3996,5.1465,5.1465,17802,0.0,0.0,0.0,0.0,0.0
1991-03-25 16:00:00-05:00,0.0,5.0622,5.0622,5.0622,1699,0.0,0.0,0.0,0.0,0.0
1991-03-26 16:00:00-05:00,0.0,5.3153,5.3153,5.3153,4601,0.0,0.0,0.0,0.0,0.0
1991-03-27 16:00:00-05:00,0.0,5.3996,5.1888,5.1888,23301,0.0,0.0,0.0,0.0,0.0
1991-03-28 16:00:00-05:00,0.0,5.3996,5.0622,5.3996,12897,0.0,0.0,0.0,0.0,0.0
1991-04-01 16:00:00-05:00,0.0,5.3996,5.0622,5.0622,17399,0.0,0.0,0.0,0.0,0.0
1991-04-02 16:00:00-05:00,0.0,5.0622,5.0622,5.0622,198,0.0,0.0,0.0,0.0,0.0
1991-04-03 16:00:00-05:00,0.0,5.3996,5.231,5.231,4601,0.0,0.0,0.0,0.0,0.0
1991-04-04 16:00:00-05:00,0.0,0.0,0.0,5.231,0,0.0,0.0,0.0,0.0,0.0
1991-04-05 16:00:00-05:00,0.0,5.3996,5.1465,5.231,7503,0.0,0.0,0.0,0.0,0.0
1991-04-08 16:00:00-04:00,0.0,5.4841,5.3996,5.3996,10001,0.0,0.0,0.0,0.0,0.0
1991-04-09 16:00:00-04:00,0.0,5.1888,5.1888,5.1888,899,0.0,0.0,0.0,0.0,0.0
1991-04-10 16:00:00-04:00,0.0,5.5262,5.5262,5.5262,3199,0.0,0.0,0.0,0.0,0.0
1991-04-11 16:00:00-04:00,0.0,5.231,5.231,5.231,198,0.0,0.0,0.0,0.0,0.0
1991-04-12 16:00:00-04:00,0.0,5.6106,5.3575,5.6106,19401,0.0,0.0,0.0,0.0,0.0
1991-04-15 16:00:00-04:00,0.0,5.3575,5.3575,5.3575,3199,0.0,0.0,0.0,0.0,0.0
1991-04-16 16:00:00-04:00,0.0,0.0,0.0,5.3575,0,0.0,0.0,0.0,0.0,0.0
1991-04-17 16:00:00-04:00,0.0,5.6106,5.3996,5.3996,19401,0.0,0.0,0.0,0.0,0.0
1991-04-18 16:00:00-04:00,0.0,0.0,0.0,5.3996,0,0.0,0.0,0.0,0.0,0.0
1991-04-19 16:00:00-04:00,0.0,5.5684,5.3996,5.5262,18000,0.0,0.0,0.0,0.0,0.0
1991-04-22 16:00:00-04:00,0.0,5.6528,5.3996,5.3996,3199,0.0,0.0,0.0,0.0,0.0
1991-04-23 16:00:00-04:00,0.0,5.4418,5.3996,5.4418,3199,0.0,0.0,0.0,0.0,0.0
1991-04-24 16:00:00-04:00,0.0,5.6528,5.6528,5.6528,198,0.0,0.0,0.0,0.0,0.0
1991-04-25 16:00:00-04:00,0.0,0.0,0.0,5.6528,0,0.0,0.0,0.0,0.0,0.0
1991-04-26 16:00:00-04:00,0.0,5.4841,5.4841,5.4841,29601,0.0,0.0,0.0,0.0,0.0
1991-04-29 16:00:00-04:00,0.0,0.0,0.0,5.4841,0,0.0,0.0,0.0,0.0,0.0
1991-04-30 16:00:00-04:00,0.0,5.7371,5.3996,5.3996,7000,0.0,0.0,0.0,0.0,0.0
1991-05-01 16:00:00-04:00,0.0,5.6528,5.3996,5.3996,12897,0.0,0.0,0.0,0.0,0.0
1991-05-02 16:00:00-04:00,0.0,0.0,0.0,5.3996,0,0.0,0.0,0.0,0.0,0.0
1991-05-03 16:00:00-04:00,0.0,5.695,5.695,5.695,4799,0.0,0.0,0.0,0.0,0.0
1991-05-06 16:00:00-04:00,0.0,5.7371,5.7371,5.7371,899,0.0,0.0,0.0,0.0,0.0
1991-05-07 16:00:00-04:00,0.0,5.3996,5.3996,5.3996,198,0.0,0.0,0.0,0.0,0.0
1991-05-08 16:00:00-04:00,0.0,5.5684,5.4418,5.4418,16202,0.0,0.0,0.0,0.0,0.0
1991-05-09 16:00:00-04:00,0.0,5.3996,5.3996,5.3996,6101,0.0,0.0,0.0,0.0,0.0
1991-05-10 16:00:00-04:00,0.0,0.0,0.0,5.3996,0,0.0,0.0,0.0,0.0,0.0
1991-05-13 16:00:00-04:00,0.0,5.3996,5.3996,5.3996,4099,0.0,0.0,0.0,0.0,0.0
1991-05-14 16:00:00-04:00,0.0,5.7371,5.3996,5.3996,8898,0.0,0.0,0.0,0.0,0.0
1991-05-15 16:00:00-04:00,0.0,5.3996,5.3996,5.3996,198,0.0,0.0,0.0,0.0,0.0
1991-05-16 16:00:00-04:00,0.0,5.7371,5.4841,5.7371,64497,0.0,0.0,0.0,0.0,0.0
1991-05-17 16:00:00-04:00,0.0,5.5896,5.3996,5.5896,14397,0.0,0.0,0.0,0.0,0.0
1991-05-20 16:00:00-04:00,0.0,0.0,0.0,5.5896,0,0.0,0.0,0.0,0.0,0.0
1991-05-21 16:00:00-04:00,0.0,5.5262,5.3996,5.5262,16202,0.0,0.0,0.0,0.0,0.0
1991-05-22 16:00:00-04:00,0.0,5.7371,5.5684,5.5684,5698,0.0,0.0,0.0,0.0,0.0
1991-05-23 16:00:00-04:00,0.0,5.3996,5.3996,5.3996,899,0.0,0.0,0.0,0.0,0.0
1991-05-24 16:00:00-04:00,0.0,0.0,0.0,5.3996,0,0.0,0.0,0.0,0.0,0.0
1991-05-28 16:00:00-04:00,0.0,0.0,0.0,5.3996,0,0.0,0.0,0.0,0.0,0.0
1991-05-29 16:00:00-04:00,0.0,5.3996,5.3996,5.3996,1699,0.0,0.0,0.0,0.0,0.0
1991-05-30 16:00:00-04:00,0.0,5.6528,5.6528,5.6528,1699,0.0,0.0,0.0,0.0,0.0
1991-05-31 16:00:00-04:00,0.0,5.5684,5.3996,5.3996,13598,0.0,0.0,0.0,0.0,0.0
1991-06-03 16:00:00-04:00,0.0,5.6528,5.3996,5.4841,10702,0.0,0.0,0.0,0.0,0.0
1991-06-04 16:00:00-04:00,0.0,0.0,0.0,5.4841,0,0.0,0.0,0.0,0.0,0.0
1991-06-05 16:00:00-04:00,0.0,5.4418,5.4418,5.4418,8898,0.0,0.0,0.0,0.0,0.0
1991-06-06 16:00:00-04:00,0.0,5.7371,5.3996,5.3996,90000,0.0,0.0,0.0,0.0,0.0
1991-06-07 16:00:00-04:00,0.0,5.7371,5.5262,5.6528,28398,0.0,0.0,0.0,0.0,0.0
1991-06-10 16:00:00-04:00,0.0,5.6317,5.5684,5.6317,10001,0.0,0.0,0.0,0.0,0.0
1991-06-11 16:00:00-04:00,0.0,5.5684,5.3996,5.5262,28398,0.0,0.0,0.0,0.0,0.0
1991-06-12 16:00:00-04:00,0.0,0.0,0.0,5.5262,0,0.0,0.0,0.0,0.0,0.0
1991-06-13 16:00:00-04:00,0.0,5.3996,5.3996,5.3996,198,0.0,0.0,0.0,0.0,0.0
1991-06-14 16:00:00-04:00,0.0,5.3996,5.3996,5.3996,7000,0.0,0.0,0.0,0.0,0.0
1991-06-17 16:00:00-04:00,0.0,5.4841,5.3996,5.3996,3199,0.0,0.0,0.0,0.0,0.0
1991-06-18 16:00:00-04:00,0.0,5.6528,5.3996,5.4841,7503,0.0,0.0,0.0,0.0,0.0
1991-06-19 16:00:00-04:00,0.0,5.4841,5.3996,5.3996,4601,0.0,0.0,0.0,0.0,0.0
1991-06-20 16:00:00-04:00,0.0,5.7371,5.6528,5.6528,30401,0.0,0.0,0.0,0.0,0.0
1991-06-21 16:00:00-04:00,0.0,0.0,0.0,5.6528,0,0.0,0.0,0.0,0.0,0.0
1991-06-24 16:00:00-04:00,0.0,5.3996,5.3996,5.3996,198,0.0,0.0,0.0,0.0,0.0
1991-06-25 16:00:00-04:00,0.0,5.3996,5.3996,5.3996,1699,0.0,0.0,0.0,0.0,0.0
1991-06-26 16:00:00-04:00,0.0,0.0,0.0,5.3996,0,0.0,0.0,0.0,0.0,0.0
1991-06-27 16:00:00-04:00,0.0,5.3996,5.3996,5.3996,2003,0.0,0.0,0.0,0.0,0.0
1991-06-28 16:00:00-04:00,0.0,5.6528,5.3996,5.3996,10497,0.0,0.0,0.0,0.0,0.0
1991-07-01 16:00:00-04:00,0.0,5.4841,5.3996,5.3996,3199,0.0,0.0,0.0,0.0,0.0
1991-07-02 16:00:00-04:00,0.0,5.3996,5.3996,5.3996,4799,0.0,0.0,0.0,0.0,0.0
1991-07-03 16:00:00-04:00,0.0,0.0,0.0,5.3996,0,0.0,0.0,0.0,0.0,0.0
1991-07-05 16:00:00-04:00,0.0,0.0,0.0,5.3996,0,0.0,0.0,0.0,0.0,0.0
1991-07-08 16:00:00-04:00,0.0,5.4841,5.3996,5.4841,10001,0.0,0.0,0.0,0.0,0.0
1991-07-09 16:00:00-04:00,0.0,5.4418,5.4418,5.4418,23500,0.0,0.0,0.0,0.0,0.0
1991-07-10 16:00:00-04:00,0.0,0.0,0.0,5.4418,0,0.0,0.0,0.0,0.0,0.0
1991-07-11 16:00:00-04:00,0.0,5.4841,5.4418,5.4841,8501,0.0,0.0,0.0,0.0,0.0
1991-07-12 16:00:00-04:00,0.0,5.5684,5.4841,5.4841,4799,0.0,0.0,0.0,0.0,0.0
1991-07-15 16:00:00-04:00,0.0,5.7371,5.5684,5.5684,10497,0.0,0.0,0.0,0.0,0.0
1991-07-16 16:00:00-04:00,0.0,5.5684,5.4841,5.5684,5698,0.0,0.0,0.0,0.0,0.0
1991-07-17 16:00:00-04:00,0.0,5.5684,5.4841,5.4841,4099,0.0,0.0,0.0,0.0,0.0
1991-07-18 16:00:00-04:00,0.0,5.5684,5.4841,5.5684,1699,0.0,0.0,0.0,0.0,0.0
1991-07-19 16:00:00-04:00,0.0,0.0,0.0,5.5684,0,0.0,0.0,0.0,0.0,0.0
1991-07-22 16:00:00-04:00,0.0,5.7371,5.7371,5.7371,899,0.0,0.0,0.0,0.0,0.0
1991-07-23 16:00:00-04:00,0.0,0.0,0.0,5.7371,0,0.0,0.0,0.0,0.0,0.0
1991-07-24 16:00:00-04:00,0.0,5.5684,5.5684,5.5684,2003,0.0,0.0,0.0,0.0,0.0
1991-07-25 16:00:00-04:00,0.0,5.4841,5.4841,5.4841,15799,0.0,0.0,0.0,0.0,0.0
1991-07-26 16:00:00-04:00,0.0,5.6106,5.5684,5.5684,58997,0.0,0.0,0.0,0.0,0.0
1991-07-29 16:00:00-04:00,0.0,5.6528,5.4841,5.4841,24498,0.0,0.0,0.0,0.0,0.0
1991-07-30 16:00:00-04:00,0.0,5.6317,5.4841,5.6317,19401,0.0,0.0,0.0,0.0,0.0
1991-07-31 16:00:00-04:00,0.0,5.7371,5.7371,5.7371,899,0.0,0.0,0.0,0.0,0.0
1991-08-01 16:00:00-04:00,0.0,5.4841,5.4841,5.4841,5903,0.0,0.0,0.0,0.0,0.0
1991-08-02 16:00:00-04:00,0.0,5.7371,5.4841,5.5684,32602,0.0,0.0,0.0,0.0,0.0
1991-08-05 16:00:00-04:00,0.0,5.7371,5.5684,5.7371,44402,0.0,0.0,0.0,0.0,0.0
1991-08-06 16:00:00-04:00,0.0,5.9058,5.6528,5.7371,48698,0.0,0.0,0.0,0.0,0.0
1991-08-07 16:00:00-04:00,0.0,5.8637,5.7371,5.8637,132597,0.0,0.0,0.0,0.0,0.0
1991-08-08 16:00:00-04:00,0.0,0.0,0.0,5.8637,0,0.0,0.0,0.0,0.0,0.0
1991-08-09 16:00:00-04:00,0.0,5.8637,5.7371,5.7371,4099,0.0,0.0,0.0,0.0,0.0
1991-08-12 16:00:00-04:00,0.0,5.6528,5.6528,5.6528,198,0.0,0.0,0.0,0.0,0.0
1991-08-13 16:00:00-04:00,0.0,5.6528,5.6528,5.6528,3199,0.0,0.0,0.0,0.0,0.0
1991-08-14 16:00:00-04:00,0.0,5.927,5.6528,5.6528,42200,0.0,0.0,0.0,0.0,0.0
1991-08-15 16:00:00-04:00,0.0,5.9902,5.6528,5.8216,25503,0.0,0.0,0.0,0.0,0.0
1991-08-16 16:00:00-04:00,0.0,5.927,5.6528,5.9058,18000,0.0,0.0,0.0,0.0,0.0
1991-08-19 16:00:00-04:00,0.0,5.9058,5.6106,5.9058,8501,0.0,0.0,0.0,0.0,0.0
1991-08-20 16:00:00-04:00,0.0,5.7371,5.5684,5.7371,15799,0.0,0.0,0.0,0.0,0.0
1991-08-21 16:00:00-04:00,0.0,5.7793,5.6106,5.6106,11297,0.0,0.0,0.0,0.0,0.0
1991-08-22 16:00:00-04:00,0.0,5.5684,5.5684,5.5684,4799,0.0,0.0,0.0,0.0,0.0
1991-08-23 16:00:00-04:00,0.0,5.6528,5.5684,5.5684,4799,0.0,0.0,0.0,0.0,0.0
1991-08-26 16:00:00-04:00,0.0,0.0,0.0,5.5684,0,0.0,0.0,0.0,0.0,0.0
1991-08-27 16:00:00-04:00,0.0,5.7371,5.7371,5.7371,19203,0.0,0.0,0.0,0.0,0.0
1991-08-28 16:00:00-04:00,0.0,5.9058,5.5684,5.5684,11297,0.0,0.0,0.0,0.0,0.0
1991-08-29 16:00:00-04:00,0.0,5.9058,5.5684,5.7371,22098,0.0,0.0,0.0,0.0,0.0
1991-08-30 16:00:00-04:00,0.0,5.695,5.695,5.695,4099,0.0,0.0,0.0,0.0,0.0
1991-09-03 16:00:00-04:00,0.0,5.8216,5.695,5.8216,10702,0.0,0.0,0.0,0.0,0.0
1991-09-04 16:00:00-04:00,0.0,5.7371,5.5262,5.5684,144198,0.0,0.0,0.0,0.0,0.0
1991-09-05 16:00:00-04:00,0.0,5.6528,5.5684,5.5684,3199,0.0,0.0,0.0,0.0,0.0
1991-09-06 16:00:00-04:00,0.0,5.6528,5.5684,5.5684,4799,0.0,0.0,0.0,0.0,0.0
1991-09-09 16:00:00-04:00,0.0,5.5896,5.5896,5.5896,4601,0.0,0.0,0.0,0.0,0.0
1991-09-10 16:00:00-04:00,0.0,5.5684,5.5684,5.5684,899,0.0,0.0,0.0,0.0,0.0
1991-09-11 16:00:00-04:00,0.0,5.695,5.5684,5.5684,8898,0.0,0.0,0.0,0.0,0.0
1991-09-12 16:00:00-04:00,0.0,0.0,0.0,5.5684,0,0.0,0.0,0.0,0.0,0.0
1991-09-13 16:00:00-04:00,0.0,5.6528,5.5684,5.6528,4601,0.0,0.0,0.0,0.0,0.0
1991-09-16 16:00:00-04:00,0.0,5.695,5.5684,5.5684,18000,0.0,0.0,0.0,0.0,0.0
1991-09-17 16:00:00-04:00,0.0,5.695,5.5684,5.5684,4099,0.0,0.0,0.0,0.0,0.0
1991-09-18 16:00:00-04:00,0.0,0.0,0.0,5.5684,0,0.0,0.0,0.0,0.0,0.0
1991-09-19 16:00:00-04:00,0.0,5.695,5.6528,5.6528,5698,0.0,0.0,0.0,0.0,0.0
1991-09-20 16:00:00-04:00,0.0,5.695,5.6106,5.6739,35398,0.0,0.0,0.0,0.0,0.0
1991-09-23 16:00:00-04:00,0.0,5.695,5.6528,5.6528,28200,0.0,0.0,0.0,0.0,0.0
1991-09-24 16:00:00-04:00,0.0,5.8216,5.695,5.8216,16202,0.0,0.0,0.0,0.0,0.0
1991-09-25 16:00:00-04:00,0.0,5.9902,5.8004,5.8004,6101,0.0,0.0,0.0,0.0,0.0
1991-09-26 16:00:00-04:00,0.0,5.9902,5.6528,5.9902,4601,0.0,0.0,0.0,0.0,0.0
1991-09-27 16:00:00-04:00,0.0,5.9902,5.6528,5.7582,8501,0.0,0.0,0.0,0.0,0.0
1991-09-30 16:00:00-04:00,0.0,5.9058,5.6528,5.695,16599,0.0,0.0,0.0,0.0,0.0
1991-10-01 16:00:00-04:00,0.0,5.6528,5.6528,5.6528,198,0.0,0.0,0.0,0.0,0.0
1991-10-02 16:00:00-04:00,0.0,5.9058,5.6528,5.9058,5698,0.0,0.0,0.0,0.0,0.0
1991-10-03 16:00:00-04:00,0.0,6.0747,5.6528,5.8216,62898,0.0,0.0,0.0,0.0,0.0
1991-10-04 16:00:00-04:00,0.0,6.0747,5.8216,5.9902,109699,0.0,0.0,0.0,0.0,0.0
1991-10-07 16:00:00-04:00,0.0,6.0324,5.8216,5.8216,10001,0.0,0.0,0.0,0.0,0.0
1991-10-08 16:00:00-04:00,0.0,6.0747,5.8216,5.9058,28398,0.0,0.0,0.0,0.0,0.0
1991-10-09 16:00:00-04:00,0.0,6.1167,5.9058,6.0324,21602,0.0,0.0,0.0,0.0,0.0
1991-10-10 16:00:00-04:00,0.0,5.9058,5.9058,5.9058,198,0.0,0.0,0.0,0.0,0.0
1991-10-11 16:00:00-04:00,0.0,6.2433,6.0747,6.2011,23500,0.0,0.0,0.0,0.0,0.0
1991-10-14 16:00:00-04:00,0.0,6.0747,6.0747,6.0747,4601,0.0,0.0,0.0,0.0,0.0
1991-10-15 16:00:00-04:00,0.0,6.2856,6.0747,6.2011,42200,0.0,0.0,0.0,0.0,0.0
1991-10-16 16:00:00-04:00,0.0,6.2856,6.1167,6.2433,12897,0.0,0.0,0.0,0.0,0.0
1991-10-17 16:00:00-04:00,0.0,6.1167,6.1167,6.1167,1699,0.0,0.0,0.0,0.0,0.0
1991-10-18 16:00:00-04:00,0.0,6.2856,6.1167,6.2856,12897,0.0,0.0,0.0,0.0,0.0
1991-10-21 16:00:00-04:00,0.0,6.4544,6.3699,6.3699,5903,0.0,0.0,0.0,0.0,0.0
1991-10-22 16:00:00-04:00,0.0,0.0,0.0,6.3699,0,0.0,0.0,0.0,0.0,0.0
1991-10-23 16:00:00-04:00,0.0,6.2856,6.1591,6.2856,14397,0.0,0.0,0.0,0.0,0.0
1991-10-24 16:00:00-04:00,0.0,6.412,6.412,6.412,3199,0.0,0.0,0.0,0.0,0.0
1991-10-25 16:00:00-04:00,0.0,6.2223,6.2223,6.2223,4099,0.0,0.0,0.0,0.0,0.0
1991-10-28 16:00:00-05:00,0.0,6.4964,6.4331,6.4331,5698,0.0,0.0,0.0,0.0,0.0
1991-10-29 16:00:00-05:00,0.0,6.4964,6.4964,6.4964,2003,0.0,0.0,0.0,0.0,0.0
1991-10-30 16:00:00-05:00,0.0,6.4964,6.2433,6.4964,7000,0.0,0.0,0.0,0.0,0.0
1991-10-31 16:00:00-05:00,0.0,6.4331,6.2433,6.412,32001,0.0,0.0,0.0,0.0,0.0
1991-11-01 16:00:00-05:00,0.0,0.0,0.0,6.412,0,0.0,0.0,0.0,0.0,0.0
1991-11-04 16:00:00-05:00,0.0,6.5809,6.3277,6.412,14397,0.0,0.0,0.0,0.0,0.0
1991-11-05 16:00:00-05:00,0.0,6.5809,6.3277,6.412,19203,0.0,0.0,0.0,0.0,0.0
1991-11-06 16:00:00-05:00,0.0,6.6652,6.5809,6.6652,3199,0.0,0.0,0.0,0.0,0.0
1991-11-07 16:00:00-05:00,0.0,0.0,0.0,6.6652,0,0.0,0.0,0.0,0.0,0.0
1991-11-08 16:00:00-05:00,0.0,6.5598,6.3277,6.5598,11297,0.0,0.0,0.0,0.0,0.0
1991-11-11 16:00:00-05:00,0.0,0.0,0.0,6.5598,0,0.0,0.0,0.0,0.0,0.0
1991-11-12 16:00:00-05:00,0.0,6.6652,6.3277,6.3277,4601,0.0,0.0,0.0,0.0,0.0
1991-11-13 16:00:00-05:00,0.0,0.0,0.0,6.3277,0,0.0,0.0,0.0,0.0,0.0
1991-11-14 16:00:00-05:00,0.0,6.6652,6.6652,6.6652,2003,0.0,0.0,0.0,0.0,0.0
1991-11-15 16:00:00-05:00,0.0,6.7285,6.3277,6.7285,28398,0.0,0.0,0.0,0.0,0.0
1991-11-18 16:00:00-05:00,0.0,6.4964,6.4964,6.4964,8898,0.0,0.0,0.0,0.0,0.0
1991-11-19 16:00:00-05:00,0.0,6.6652,6.4964,6.6652,144000,0.0,0.0,0.0,0.0,0.0
1991-11-20 16:00:00-05:00,0.0,0.0,0.0,6.6652,0,0.0,0.0,0.0,0.0,0.0
1991-11-21 16:00:00-05:00,0.0,6.623,6.4964,6.623,3199,0.0,0.0,0.0,0.0,0.0
1991-11-22 16:00:00-05:00,0.0,6.6652,6.4964,6.4964,11700,0.0,0.0,0.0,0.0,0.0
1991-11-25 16:00:00-05:00,0.0,0.0,0.0,6.4964,0,0.0,0.0,0.0,0.0,0.0
1991-11-26 16:00:00-05:00,0.0,6.5809,6.4964,6.5809,5698,0.0,0.0,0.0,0.0,0.0
1991-11-27 16:00:00-05:00,0.0,6.6652,6.4964,6.4964,3199,0.0,0.0,0.0,0.0,0.0
1991-11-29 16:00:00-05:00,0.0,6.6652,6.4964,6.6019,50199,0.0,0.0,0.0,0.0,0.0
1991-12-02 16:00:00-05:00,0.0,6.7495,6.4964,6.7495,19401,0.0,0.0,0.0,0.0,0.0
1991-12-03 16:00:00-05:00,0.0,6.6828,6.6828,6.6828,197,0.0,0.0,0.0,0.0,0.0
1991-12-04 16:00:00-05:00,0.0,6.6828,6.6828,6.6828,197,0.0,0.0,0.0,0.0,0.0
1991-12-05 16:00:00-05:00,0.0,0.0,0.0,6.6828,0,0.0,0.0,0.0,0.0,0.0
1991-12-06 16:00:00-05:00,0.0,0.0,0.0,6.6828,0,0.0,0.0,0.0,0.0,0.0
1991-12-09 16:00:00-05:00,0.0,6.6828,6.6828,6.6828,8698,0.0,0.0,0.0,0.0,0.0
1991-12-10 16:00:00-05:00,0.0,6.6595,6.4971,6.6595,8698,0.0,0.0,0.0,0.0,0.0
1991-12-11 16:00:00-05:00,0.0,0.0,0.0,6.6595,0,0.0,0.0,0.0,0.0,0.0
1991-12-12 16:00:00-05:00,0.0,6.7756,6.6363,6.6363,124601,0.0,0.0,0.0,0.0,0.0
1991-12-13 16:00:00-05:00,0.0,6.6363,6.6363,6.6363,6099,0.0,0.0,0.0,0.0,0.0
1991-12-16 16:00:00-05:00,0.0,6.7756,6.6828,6.6828,22299,0.0,0.0,0.0,0.0,0.0
1991-12-17 16:00:00-05:00,0.0,6.7756,6.6828,6.7292,10501,0.0,0.0,0.0,0.0,0.0
1991-12-18 16:00:00-05:00,0.0,6.6828,6.6828,6.6828,1702,0.0,0.0,0.0,0.0,0.0
1991-12-19 16:00:00-05:00,0.0,6.7756,6.7756,6.7756,902,0.0,0.0,0.0,0.0,0.0
1991-12-20 16:00:00-05:00,0.0,6.6828,6.6828,6.6828,7503,0.0,0.0,0.0,0.0,0.0
1991-12-23 16:00:00-05:00,0.0,0.0,0.0,6.6828,0,0.0,0.0,0.0,0.0,0.0
1991-12-24 16:00:00-05:00,0.0,6.7756,6.6828,6.7292,3202,0.0,0.0,0.0,0.0,0.0
1991-12-26 16:00:00-05:00,0.0,0.0,0.0,6.7292,0,0.0,0.0,0.0,0.0,0.0
1991-12-27 16:00:00-05:00,0.0,6.6828,6.6828,6.6828,3202,0.0,0.0,0.0,0.0,0.0
1991-12-30 16:00:00-05:00,0.0,6.7756,6.6828,6.7756,19199,0.0,0.0,0.0,0.0,0.0
1991-12-31 16:00:00-05:00,0.0,6.7756,6.7756,6.7756,2801,0.0,0.0,0.0,0.0,0.0
1992-01-02 16:00:00-05:00,0.0,6.7292,6.6828,6.6828,4098,0.0,0.0,0.0,0.0,0.0
1992-01-03 16:00:00-05:00,0.0,6.7756,6.6828,6.6828,11702,0.0,0.0,0.0,0.0,0.0
1992-01-06 16:00:00-05:00,0.0,6.8683,6.7292,6.8683,8500,0.0,0.0,0.0,0.0,0.0
1992-01-07 16:00:00-05:00,0.0,6.8683,6.7756,6.8683,17801,0.0,0.0,0.0,0.0,0.0
1992-01-08 16:00:00-05:00,0.0,6.8683,6.6828,6.8683,7503,0.0,0.0,0.0,0.0,0.0
1992-01-09 16:00:00-05:00,0.0,6.8683,6.6828,6.7756,14802,0.0,0.0,0.0,0.0,0.0
1992-01-10 16:00:00-05:00,0.0,6.8219,6.6828,6.706,15800,0.0,0.0,0.0,0.0,0.0
1992-01-13 16:00:00-05:00,0.0,6.8683,6.6828,6.6828,8900,0.0,0.0,0.0,0.0,0.0
1992-01-14 16:00:00-05:00,0.0,6.8683,6.8683,6.8683,197,0.0,0.0,0.0,0.0,0.0
1992-01-15 16:00:00-05:00,0.0,6.8683,6.6828,6.6828,13602,0.0,0.0,0.0,0.0,0.0
1992-01-16 16:00:00-05:00,0.0,0.0,0.0,6.6828,0,0.0,0.0,0.0,0.0,0.0
1992-01-17 16:00:00-05:00,0.0,6.8219,6.8219,6.8219,5699,0.0,0.0,0.0,0.0,0.0
1992-01-20 16:00:00-05:00,0.0,0.0,0.0,6.8219,0,0.0,0.0,0.0,0.0,0.0
1992-01-21 16:00:00-05:00,0.0,6.6828,6.6828,6.6828,197,0.0,0.0,0.0,0.0,0.0
1992-01-22 16:00:00-05:00,0.0,6.7756,6.6828,6.7756,2801,0.0,0.0,0.0,0.0,0.0
1992-01-23 16:00:00-05:00,0.0,6.8683,6.8683,6.8683,4803,0.0,0.0,0.0,0.0,0.0
1992-01-24 16:00:00-05:00,0.0,6.8683,6.6828,6.8683,38398,0.0,0.0,0.0,0.0,0.0
1992-01-27 16:00:00-05:00,0.0,6.8683,6.6828,6.8683,2801,0.0,0.0,0.0,0.0,0.0
1992-01-28 16:00:00-05:00,0.0,6.7756,6.6828,6.6828,5902,0.0,0.0,0.0,0.0,0.0
1992-01-29 16:00:00-05:00,0.0,6.8683,6.8683,6.8683,1702,0.0,0.0,0.0,0.0,0.0
1992-01-30 16:00:00-05:00,0.0,6.8683,6.6828,6.8683,11702,0.0,0.0,0.0,0.0,0.0
1992-01-31 16:00:00-05:00,0.0,6.9612,6.7756,6.9612,7001,0.0,0.0,0.0,0.0,0.0
1992-02-03 16:00:00-05:00,0.0,6.9612,6.9612,6.9612,902,0.0,0.0,0.0,0.0,0.0
1992-02-04 16:00:00-05:00,0.0,0.0,0.0,6.9612,0,0.0,0.0,0.0,0.0,0.0
1992-02-05 16:00:00-05:00,0.0,7.1469,6.8683,6.8683,902,0.0,0.0,0.0,0.0,0.0
1992-02-06 16:00:00-05:00,0.0,0.0,0.0,6.8683,0,0.0,0.0,0.0,0.0,0.0
1992-02-07 16:00:00-05:00,0.0,7.1469,6.8219,6.8683,13602,0.0,0.0,0.0,0.0,0.0
1992-02-10 16:00:00-05:00,0.0,7.286,7.0076,7.286,34198,0.0,0.0,0.0,0.0,0.0
1992-02-11 16:00:00-05:00,0.0,7.0539,7.0539,7.0539,902,0.0,0.0,0.0,0.0,0.0
1992-02-12 16:00:00-05:00,0.0,7.3326,7.0539,7.3326,10501,0.0,0.0,0.0,0.0,0.0
1992-02-13 16:00:00-05:00,0.0,7.1004,7.1004,7.1004,197,0.0,0.0,0.0,0.0,0.0
1992-02-14 16:00:00-05:00,0.0,0.0,0.0,7.1004,0,0.0,0.0,0.0,0.0,0.0
1992-02-18 16:00:00-05:00,0.0,0.0,0.0,7.1004,0,0.0,0.0,0.0,0.0,0.0
1992-02-19 16:00:00-05:00,0.0,7.1469,7.1469,7.1469,902,0.0,0.0,0.0,0.0,0.0
1992-02-20 16:00:00-05:00,0.0,7.1469,7.1469,7.1469,3202,0.0,0.0,0.0,0.0,0.0
1992-02-21 16:00:00-05:00,0.0,7.2397,7.2397,7.2397,1702,0.0,0.0,0.0,0.0,0.0
1992-02-24 16:00:00-05:00,0.0,7.518,7.1469,7.518,4098,0.0,0.0,0.0,0.0,0.0
1992-02-25 16:00:00-05:00,0.0,7.518,7.1469,7.518,2801,0.0,0.0,0.0,0.0,0.0
1992-02-26 16:00:00-05:00,0.0,7.3093,7.1469,7.3093,5902,0.0,0.0,0.0,0.0,0.0
1992-02-27 16:00:00-05:00,0.0,7.518,7.518,7.518,1702,0.0,0.0,0.0,0.0,0.0
1992-02-28 16:00:00-05:00,0.0,7.4252,7.1469,7.4252,2001,0.0,0.0,0.0,0.0,0.0
1992-03-02 16:00:00-05:00,0.0,7.518,7.1469,7.1469,11702,0.0,0.0,0.0,0.0,0.0
1992-03-03 16:00:00-05:00,0.0,7.1469,7.1469,7.1469,197,0.0,0.0,0.0,0.0,0.0
1992-03-04 16:00:00-05:00,0.0,7.518,7.518,7.518,197,0.0,0.0,0.0,0.0,0.0
1992-03-05 16:00:00-05:00,0.0,7.1469,7.1469,7.1469,197,0.0,0.0,0.0,0.0,0.0
1992-03-06 16:00:00-05:00,0.0,7.286,7.1469,7.1469,5902,0.0,0.0,0.0,0.0,0.0
1992-03-09 16:00:00-05:00,0.0,7.2397,7.1469,7.1469,1702,0.0,0.0,0.0,0.0,0.0
1992-03-10 16:00:00-05:00,0.0,7.518,7.518,7.518,1702,0.0,0.0,0.0,0.0,0.0
1992-03-11 16:00:00-05:00,0.0,7.518,7.3326,7.518,13602,0.0,0.0,0.0,0.0,0.0
1992-03-12 16:00:00-05:00,0.0,7.4252,7.2397,7.4252,14999,0.0,0.0,0.0,0.0,0.0
1992-03-13 16:00:00-05:00,0.0,7.518,7.1469,7.518,1702,0.0,0.0,0.0,0.0,0.0
1992-03-16 16:00:00-05:00,0.0,0.0,0.0,7.518,0,0.0,0.0,0.0,0.0,0.0
1992-03-17 16:00:00-05:00,0.0,7.518,7.1469,7.518,73600,0.0,0.0,0.0,0.0,0.0
1992-03-18 16:00:00-05:00,0.0,7.4252,7.4252,7.4252,2801,0.0,0.0,0.0,0.0,0.0
1992-03-19 16:00:00-05:00,0.0,7.518,7.1469,7.518,902,0.0,0.0,0.0,0.0,0.0
1992-03-20 16:00:00-05:00,0.0,7.518,7.518,7.518,1702,0.0,0.0,0.0,0.0,0.0
1992-03-23 16:00:00-05:00,0.0,0.0,0.0,7.518,0,0.0,0.0,0.0,0.0,0.0
1992-03-24 16:00:00-05:00,0.0,7.3326,7.1469,7.1469,12198,0.0,0.0,0.0,0.0,0.0
1992-03-25 16:00:00-05:00,0.0,0.0,0.0,7.1469,0,0.0,0.0,0.0,0.0,0.0
1992-03-26 16:00:00-05:00,0.0,7.3556,7.1469,7.3556,48499,0.0,0.0,0.0,0.0,0.0
1992-03-27 16:00:00-05:00,0.0,0.0,0.0,7.3556,0,0.0,0.0,0.0,0.0,0.0
1992-03-30 16:00:00-05:00,0.0,0.0,0.0,7.3556,0,0.0,0.0,0.0,0.0,0.0
1992-03-31 16:00:00-05:00,0.0,7.1469,7.1469,7.1469,4803,0.0,0.0,0.0,0.0,0.0
1992-04-01 16:00:00-05:00,0.0,0.0,0.0,7.1469,0,0.0,0.0,0.0,0.0,0.0
1992-04-02 16:00:00-05:00,0.0,7.4484,7.1469,7.4484,4600,0.0,0.0,0.0,0.0,0.0
1992-04-03 16:00:00-05:00,0.0,7.518,7.1469,7.3556,11302,0.0,0.0,0.0,0.0,0.0
1992-04-06 16:00:00-04:00,0.0,7.4021,7.4021,7.4021,197,0.0,0.0,0.0,0.0,0.0
1992-04-07 16:00:00-04:00,0.0,0.0,0.0,7.4021,0,0.0,0.0,0.0,0.0,0.0
1992-04-08 16:00:00-04:00,0.0,0.0,0.0,7.4021,0,0.0,0.0,0.0,0.0,0.0
1992-04-09 16:00:00-04:00,0.0,0.0,0.0,7.4021,0,0.0,0.0,0.0,0.0,0.0
1992-04-10 16:00:00-04:00,0.0,7.2628,7.1469,7.2628,14999,0.0,0.0,0.0,0.0,0.0
1992-04-13 16:00:00-04:00,0.0,0.0,0.0,7.2628,0,0.0,0.0,0.0,0.0,0.0
1992-04-14 16:00:00-04:00,0.0,0.0,0.0,7.2628,0,0.0,0.0,0.0,0.0,0.0
1992-04-15 16:00:00-04:00,0.0,0.0,0.0,7.2628,0,0.0,0.0,0.0,0.0,0.0
1992-04-16 16:00:00-04:00,0.0,7.1469,7.1469,7.1469,902,0.0,0.0,0.0,0.0,0.0
1992-04-20 16:00:00-04:00,0.0,7.2397,7.1469,7.1469,3202,0.0,0.0,0.0,0.0,0.0
1992-04-21 16:00:00-04:00,0.0,7.518,7.518,7.518,197,0.0,0.0,0.0,0.0,0.0
1992-04-22 16:00:00-04:00,0.0,7.518,7.286,7.518,26701,0.0,0.0,0.0,0.0,0.0
1992-04-23 16:00:00-04:00,0.0,7.518,7.518,7.518,902,0.0,0.0,0.0,0.0,0.0
1992-04-24 16:00:00-04:00,0.0,7.518,7.4252,7.518,47400,0.0,0.0,0.0,0.0,0.0
1992-04-27 16:00:00-04:00,0.0,7.518,7.286,7.3789,8900,0.0,0.0,0.0,0.0,0.0
1992-04-28 16:00:00-04:00,0.0,7.4717,7.4717,7.4717,8900,0.0,0.0,0.0,0.0,0.0
1992-04-29 16:00:00-04:00,0.0,7.4252,7.2397,7.4252,4098,0.0,0.0,0.0,0.0,0.0
1992-04-30 16:00:00-04:00,0.0,7.518,7.518,7.518,197,0.0,0.0,0.0,0.0,0.0
1992-05-01 16:00:00-04:00,0.0,7.518,7.4252,7.4252,7001,0.0,0.0,0.0,0.0,0.0
1992-05-04 16:00:00-04:00,0.0,7.3326,7.3326,7.3326,197,0.0,0.0,0.0,0.0,0.0
1992-05-05 16:00:00-04:00,0.0,7.6109,7.6109,7.6109,1702,0.0,0.0,0.0,0.0,0.0
1992-05-06 16:00:00-04:00,0.0,7.7037,7.7037,7.7037,1702,0.0,0.0,0.0,0.0,0.0
1992-05-07 16:00:00-04:00,0.0,7.6573,7.5877,7.5877,3202,0.0,0.0,0.0,0.0,0.0
1992-05-08 16:00:00-04:00,0.0,7.5413,7.4717,7.5413,29599,0.0,0.0,0.0,0.0,0.0
1992-05-11 16:00:00-04:00,0.0,0.0,0.0,7.5413,0,0.0,0.0,0.0,0.0,0.0
1992-05-12 16:00:00-04:00,0.0,7.7037,7.3326,7.7037,1702,0.0,0.0,0.0,0.0,0.0
1992-05-13 16:00:00-04:00,0.0,7.5645,7.3326,7.5645,3202,0.0,0.0,0.0,0.0,0.0
1992-05-14 16:00:00-04:00,0.0,0.0,0.0,7.5645,0,0.0,0.0,0.0,0.0,0.0
1992-05-15 16:00:00-04:00,0.0,7.3326,7.3326,7.3326,197,0.0,0.0,0.0,0.0,0.0
1992-05-18 16:00:00-04:00,0.0,0.0,0.0,7.3326,0,0.0,0.0,0.0,0.0,0.0
1992-05-19 16:00:00-04:00,0.0,7.7037,7.3326,7.7037,5699,0.0,0.0,0.0,0.0,0.0
1992-05-20 16:00:00-04:00,0.0,7.7037,7.6109,7.6109,4098,0.0,0.0,0.0,0.0,0.0
1992-05-21 16:00:00-04:00,0.0,7.6109,7.3326,7.3326,56802,0.0,0.0,0.0,0.0,0.0
1992-05-22 16:00:00-04:00,0.0,7.7037,7.518,7.7037,3202,0.0,0.0,0.0,0.0,0.0
1992-05-26 16:00:00-04:00,0.0,7.3326,7.3326,7.3326,197,0.0,0.0,0.0,0.0,0.0
1992-05-27 16:00:00-04:00,0.0,7.7037,7.518,7.7037,33499,0.0,0.0,0.0,0.0,0.0
1992-05-28 16:00:00-04:00,0.0,0.0,0.0,7.7037,0,0.0,0.0,0.0,0.0,0.0
1992-05-29 16:00:00-04:00,0.0,7.7966,7.3326,7.7966,31098,0.0,0.0,0.0,0.0,0.0
1992-06-01 16:00:00-04:00,0.0,7.4252,7.4252,7.4252,902,0.0,0.0,0.0,0.0,0.0
1992-06-02 16:00:00-04:00,0.0,7.6109,7.4252,7.6109,4098,0.0,0.0,0.0,0.0,0.0
1992-06-03 16:00:00-04:00,0.0,7.75,7.4252,7.75,10501,0.0,0.0,0.0,0.0,0.0
1992-06-04 16:00:00-04:00,0.0,7.6805,7.6805,7.6805,5699,0.0,0.0,0.0,0.0,0.0
1992-06-05 16:00:00-04:00,0.0,7.5645,7.4252,7.4252,10000,0.0,0.0,0.0,0.0,0.0
1992-06-08 16:00:00-04:00,0.0,7.518,7.518,7.518,4098,0.0,0.0,0.0,0.0,0.0
1992-06-09 16:00:00-04:00,0.0,7.518,7.518,7.518,2801,0.0,0.0,0.0,0.0,0.0
1992-06-10 16:00:00-04:00,0.0,7.7966,7.5645,7.7966,32000,0.0,0.0,0.0,0.0,0.0
1992-06-11 16:00:00-04:00,0.0,7.7966,7.7966,7.7966,902,0.0,0.0,0.0,0.0,0.0
1992-06-12 16:00:00-04:00,0.0,7.75,7.5645,7.7037,40901,0.0,0.0,0.0,0.0,0.0
1992-06-15 16:00:00-04:00,0.0,7.8893,7.5645,7.8197,41098,0.0,0.0,0.0,0.0,0.0
1992-06-16 16:00:00-04:00,0.0,7.843,7.6573,7.75,61898,0.0,0.0,0.0,0.0,0.0
1992-06-17 16:00:00-04:00,0.0,7.843,7.5645,7.7037,7001,0.0,0.0,0.0,0.0,0.0
1992-06-18 16:00:00-04:00,0.0,0.0,0.0,7.7037,0,0.0,0.0,0.0,0.0,0.0
1992-06-19 16:00:00-04:00,0.0,7.8893,7.6109,7.7037,67799,0.0,0.0,0.0,0.0,0.0
1992-06-22 16:00:00-04:00,0.0,0.0,0.0,7.7037,0,0.0,0.0,0.0,0.0,0.0
1992-06-23 16:00:00-04:00,0.0,7.8893,7.8893,7.8893,2801,0.0,0.0,0.0,0.0,0.0
1992-06-24 16:00:00-04:00,0.0,7.6573,7.5645,7.5645,2801,0.0,0.0,0.0,0.0,0.0
1992-06-25 16:00:00-04:00,0.0,7.5645,7.5645,7.5645,197,0.0,0.0,0.0,0.0,0.0
1992-06-26 16:00:00-04:00,0.0,7.8893,7.8893,7.8893,902,0.0,0.0,0.0,0.0,0.0
1992-06-29 16:00:00-04:00,0.0,7.5645,7.5645,7.5645,902,0.0,0.0,0.0,0.0,0.0
1992-06-30 16:00:00-04:00,0.0,0.0,0.0,7.5645,0,0.0,0.0,0.0,0.0,0.0
1992-07-01 16:00:00-04:00,0.0,7.5645,7.5645,7.5645,2001,0.0,0.0,0.0,0.0,0.0
1992-07-02 16:00:00-04:00,0.0,7.8893,7.5645,7.5645,1702,0.0,0.0,0.0,0.0,0.0
1992-07-06 16:00:00-04:00,0.0,7.6109,7.6109,7.6109,21600,0.0,0.0,0.0,0.0,0.0
1992-07-07 16:00:00-04:00,0.0,7.7966,7.7966,7.7966,16200,0.0,0.0,0.0,0.0,0.0
1992-07-08 16:00:00-04:00,0.0,7.8893,7.6109,7.6109,4098,0.0,0.0,0.0,0.0,0.0
1992-07-09 16:00:00-04:00,0.0,0.0,0.0,7.6109,0,0.0,0.0,0.0,0.0,0.0
1992-07-10 16:00:00-04:00,0.0,7.6109,7.6109,7.6109,197,0.0,0.0,0.0,0.0,0.0
1992-07-13 16:00:00-04:00,0.0,0.0,0.0,7.6109,0,0.0,0.0,0.0,0.0,0.0
1992-07-14 16:00:00-04:00,0.0,7.9821,7.6109,7.9125,5902,0.0,0.0,0.0,0.0,0.0
1992-07-15 16:00:00-04:00,0.0,7.6573,7.6109,7.6573,2801,0.0,0.0,0.0,0.0,0.0
1992-07-16 16:00:00-04:00,0.0,7.9821,7.9821,7.9821,1702,0.0,0.0,0.0,0.0,0.0
1992-07-17 16:00:00-04:00,0.0,0.0,0.0,7.9821,0,0.0,0.0,0.0,0.0,0.0
1992-07-20 16:00:00-04:00,0.0,7.9821,7.6573,7.8197,5699,0.0,0.0,0.0,0.0,0.0
1992-07-21 16:00:00-04:00,0.0,7.7966,7.6573,7.6573,4098,0.0,0.0,0.0,0.0,0.0
1992-07-22 16:00:00-04:00,0.0,0.0,0.0,7.6573,0,0.0,0.0,0.0,0.0,0.0
1992-07-23 16:00:00-04:00,0.0,7.6573,7.6573,7.6573,2801,0.0,0.0,0.0,0.0,0.0
1992-07-24 16:00:00-04:00,0.0,7.75,7.6573,7.75,12198,0.0,0.0,0.0,0.0,0.0
1992-07-27 16:00:00-04:00,0.0,0.0,0.0,7.75,0,0.0,0.0,0.0,0.0,0.0
1992-07-28 16:00:00-04:00,0.0,0.0,0.0,7.75,0,0.0,0.0,0.0,0.0,0.0
1992-07-29 16:00:00-04:00,0.0,7.6573,7.6573,7.6573,197,0.0,0.0,0.0,0.0,0.0
1992-07-30 16:00:00-04:00,0.0,7.7037,7.7037,7.7037,902,0.0,0.0,0.0,0.0,0.0
1992-07-31 16:00:00-04:00,0.0,0.0,0.0,7.7037,0,0.0,0.0,0.0,0.0,0.0
1992-08-03 16:00:00-04:00,0.0,7.7966,7.6573,7.7966,4600,0.0,0.0,0.0,0.0,0.0
1992-08-04 16:00:00-04:00,0.0,0.0,0.0,7.7966,0,0.0,0.0,0.0,0.0,0.0
1992-08-05 16:00:00-04:00,0.0,7.6573,7.6573,7.6573,197,0.0,0.0,0.0,0.0,0.0
1992-08-06 16:00:00-04:00,0.0,7.9358,7.6573,7.9358,44102,0.0,0.0,0.0,0.0,0.0
1992-08-07 16:00:00-04:00,0.0,7.8197,7.8197,7.8197,902,0.0,0.0,0.0,0.0,0.0
1992-08-10 16:00:00-04:00,0.0,7.7966,7.7966,7.7966,197,0.0,0.0,0.0,0.0,0.0
1992-08-11 16:00:00-04:00,0.0,0.0,0.0,7.7966,0,0.0,0.0,0.0,0.0,0.0
1992-08-12 16:00:00-04:00,0.0,7.7966,7.7966,7.7966,5699,0.0,0.0,0.0,0.0,0.0
1992-08-13 16:00:00-04:00,0.0,7.7966,7.7966,7.7966,2001,0.0,0.0,0.0,0.0,0.0
1992-08-14 16:00:00-04:00,0.0,0.0,0.0,7.7966,0,0.0,0.0,0.0,0.0,0.0
1992-08-17 16:00:00-04:00,0.0,7.9358,7.7037,7.7037,1702,0.0,0.0,0.0,0.0,0.0
1992-08-18 16:00:00-04:00,0.0,0.0,0.0,7.7037,0,0.0,0.0,0.0,0.0,0.0
1992-08-19 16:00:00-04:00,0.0,0.0,0.0,7.7037,0,0.0,0.0,0.0,0.0,0.0
1992-08-20 16:00:00-04:00,0.0,0.0,0.0,7.7037,0,0.0,0.0,0.0,0.0,0.0
1992-08-21 16:00:00-04:00,0.0,8.0286,7.75,7.9821,17998,0.0,0.0,0.0,0.0,0.0
1992-08-24 16:00:00-04:00,0.0,7.9821,7.7966,7.9821,10501,0.0,0.0,0.0,0.0,0.0
1992-08-25 16:00:00-04:00,0.0,7.7966,7.75,7.75,1702,0.0,0.0,0.0,0.0,0.0
1992-08-26 16:00:00-04:00,0.0,8.0286,8.0286,8.0286,4098,0.0,0.0,0.0,0.0,0.0
1992-08-27 16:00:00-04:00,0.0,7.8893,7.8893,7.8893,2801,0.0,0.0,0.0,0.0,0.0
1992-08-28 16:00:00-04:00,0.0,0.0,0.0,7.8893,0,0.0,0.0,0.0,0.0,0.0
1992-08-31 16:00:00-04:00,0.0,8.0286,7.75,8.0286,4803,0.0,0.0,0.0,0.0,0.0
1992-09-01 16:00:00-04:00,0.0,7.9821,7.75,7.9821,14999,0.0,0.0,0.0,0.0,0.0
1992-09-02 16:00:00-04:00,0.0,7.9821,7.75,7.9821,87201,0.0,0.0,0.0,0.0,0.0
1992-09-03 16:00:00-04:00,0.0,7.9358,7.75,7.75,14402,0.0,0.0,0.0,0.0,0.0
1992-09-04 16:00:00-04:00,0.0,8.0286,8.0286,8.0286,197,0.0,0.0,0.0,0.0,0.0
1992-09-08 16:00:00-04:00,0.0,7.9821,7.7966,7.9821,65798,0.0,0.0,0.0,0.0,0.0
1992-09-09 16:00:00-04:00,0.0,0.0,0.0,7.9821,0,0.0,0.0,0.0,0.0,0.0
1992-09-10 16:00:00-04:00,0.0,0.0,0.0,7.9821,0,0.0,0.0,0.0,0.0,0.0
1992-09-11 16:00:00-04:00,0.0,8.0749,7.9358,8.0749,10501,0.0,0.0,0.0,0.0,0.0
1992-09-14 16:00:00-04:00,0.0,8.0749,8.0749,8.0749,197,0.0,0.0,0.0,0.0,0.0
1992-09-15 16:00:00-04:00,0.0,7.843,7.843,7.843,4600,0.0,0.0,0.0,0.0,0.0
1992-09-16 16:00:00-04:00,0.0,0.0,0.0,7.843,0,0.0,0.0,0.0,0.0,0.0
1992-09-17 16:00:00-04:00,0.0,8.0749,8.0749,8.0749,1702,0.0,0.0,0.0,0.0,0.0
1992-09-18 16:00:00-04:00,0.0,0.0,0.0,8.0749,0,0.0,0.0,0.0,0.0,0.0
1992-09-21 16:00:00-04:00,0.0,8.0749,7.8893,8.0749,37203,0.0,0.0,0.0,0.0,0.0
1992-09-22 16:00:00-04:00,0.0,8.0749,8.0749,8.0749,902,0.0,0.0,0.0,0.0,0.0
1992-09-23 16:00:00-04:00,0.0,7.9821,7.8893,7.8893,11302,0.0,0.0,0.0,0.0,0.0
1992-09-24 16:00:00-04:00,0.0,8.0749,7.8893,8.0749,21600,0.0,0.0,0.0,0.0,0.0
1992-09-25 16:00:00-04:00,0.0,0.0,0.0,8.0749,0,0.0,0.0,0.0,0.0,0.0
1992-09-28 16:00:00-04:00,0.0,8.0517,8.0517,8.0517,2801,0.0,0.0,0.0,0.0,0.0
1992-09-29 16:00:00-04:00,0.0,8.0749,7.9821,7.9821,2801,0.0,0.0,0.0,0.0,0.0
1992-09-30 16:00:00-04:00,0.0,8.1214,8.1214,8.1214,4098,0.0,0.0,0.0,0.0,0.0
1992-10-01 16:00:00-04:00,0.0,8.1214,7.8893,8.1214,17998,0.0,0.0,0.0,0.0,0.0
1992-10-02 16:00:00-04:00,0.0,8.2143,8.0286,8.2143,8900,0.0,0.0,0.0,0.0,0.0
1992-10-05 16:00:00-04:00,0.0,7.8893,7.8893,7.8893,1702,0.0,0.0,0.0,0.0,0.0
1992-10-06 16:00:00-04:00,0.0,8.1214,7.8893,8.1214,2001,0.0,0.0,0.0,0.0,0.0
1992-10-07 16:00:00-04:00,0.0,8.0749,7.8893,8.0749,5699,0.0,0.0,0.0,0.0,0.0
1992-10-08 16:00:00-04:00,0.0,0.0,0.0,8.0749,0,0.0,0.0,0.0,0.0,0.0
1992-10-09 16:00:00-04:00,0.0,7.9821,7.9821,7.9821,902,0.0,0.0,0.0,0.0,0.0
1992-10-12 16:00:00-04:00,0.0,0.0,0.0,7.9821,0,0.0,0.0,0.0,0.0,0.0
1992-10-13 16:00:00-04:00,0.0,7.8893,7.8893,7.8893,197,0.0,0.0,0.0,0.0,0.0
1992-10-14 16:00:00-04:00,0.0,0.0,0.0,7.8893,0,0.0,0.0,0.0,0.0,0.0
1992-10-15 16:00:00-04:00,0.0,8.1678,8.1678,8.1678,902,0.0,0.0,0.0,0.0,0.0
1992-10-16 16:00:00-04:00,0.0,8.2143,8.1678,8.1678,10000,0.0,0.0,0.0,0.0,0.0
1992-10-19 16:00:00-04:00,0.0,7.8893,7.8893,7.8893,2001,0.0,0.0,0.0,0.0,0.0
1992-10-20 16:00:00-04:00,0.0,7.9821,7.8893,7.8893,20901,0.0,0.0,0.0,0.0,0.0
1992-10-21 16:00:00-04:00,0.0,8.1678,7.8893,8.0749,4600,0.0,0.0,0.0,0.0,0.0
1992-10-22 16:00:00-04:00,0.0,8.1678,7.8893,8.0749,3202,0.0,0.0,0.0,0.0,0.0
1992-10-23 16:00:00-04:00,0.0,0.0,0.0,8.0749,0,0.0,0.0,0.0,0.0,0.0
1992-10-26 16:00:00-05:00,0.0,8.2606,7.8893,7.8893,3202,0.0,0.0,0.0,0.0,0.0
1992-10-27 16:00:00-05:00,0.0,0.0,0.0,7.8893,0,0.0,0.0,0.0,0.0,0.0
1992-10-28 16:00:00-05:00,0.0,0.0,0.0,7.8893,0,0.0,0.0,0.0,0.0,0.0
1992-10-29 16:00:00-05:00,0.0,8.2606,8.2606,8.2606,2801,0.0,0.0,0.0,0.0,0.0
1992-10-30 16:00:00-05:00,0.0,8.0286,7.9358,8.0286,24999,0.0,0.0,0.0,0.0,0.0
1992-11-02 16:00:00-05:00,0.0,8.307,8.1678,8.307,8500,0.0,0.0,0.0,0.0,0.0
1992-11-03 16:00:00-05:00,0.0,8.1678,8.1678,8.1678,902,0.0,0.0,0.0,0.0,0.0
1992-11-04 16:00:00-05:00,0.0,0.0,0.0,8.1678,0,0.0,0.0,0.0,0.0,0.0
1992-11-05 16:00:00-05:00,0.0,8.307,7.9821,7.9821,11702,0.0,0.0,0.0,0.0,0.0
1992-11-06 16:00:00-05:00,0.0,8.307,8.2606,8.2606,902,0.0,0.0,0.0,0.0,0.0
1992-11-09 16:00:00-05:00,0.0,0.0,0.0,8.2606,0,0.0,0.0,0.0,0.0,0.0
1992-11-10 16:00:00-05:00,0.0,0.0,0.0,8.2606,0,0.0,0.0,0.0,0.0,0.0
1992-11-11 16:00:00-05:00,0.0,0.0,0.0,8.2606,0,0.0,0.0,0.0,0.0,0.0
1992-11-12 16:00:00-05:00,0.0,7.9821,7.9821,7.9821,197,0.0,0.0,0.0,0.0,0.0
1992-11-13 16:00:00-05:00,0.0,8.307,8.0749,8.307,26301,0.0,0.0,0.0,0.0,0.0
1992-11-16 16:00:00-05:00,0.0,8.307,7.9358,8.307,2801,0.0,0.0,0.0,0.0,0.0
1992-11-17 16:00:00-05:00,0.0,8.307,8.307,8.307,6099,0.0,0.0,0.0,0.0,0.0
1992-11-18 16:00:00-05:00,0.0,0.0,0.0,8.307,0,0.0,0.0,0.0,0.0,0.0
1992-11-19 16:00:00-05:00,0.0,0.0,0.0,8.307,0,0.0,0.0,0.0,0.0,0.0
1992-11-20 16:00:00-05:00,0.0,8.2606,7.9358,8.2606,16200,0.0,0.0,0.0,0.0,0.0
1992-11-23 16:00:00-05:00,0.0,8.0749,7.9821,8.0749,41498,0.0,0.0,0.0,0.0,0.0
1992-11-24 16:00:00-05:00,0.0,0.0,0.0,8.0749,0,0.0,0.0,0.0,0.0,0.0
1992-11-25 16:00:00-05:00,0.0,8.2606,8.2606,8.2606,1702,0.0,0.0,0.0,0.0,0.0
1992-11-27 16:00:00-05:00,0.0,8.2606,8.0749,8.0749,11702,0.0,0.0,0.0,0.0,0.0
1992-11-30 16:00:00-05:00,0.0,8.2606,8.0749,8.0749,15800,0.0,0.0,0.0,0.0,0.0
1992-12-01 16:00:00-05:00,0.0,8.2606,8.0749,8.1678,13602,0.0,0.0,0.0,0.0,0.0
1992-12-02 16:00:00-05:00,0.0,8.3534,8.0749,8.3534,16200,0.0,0.0,0.0,0.0,0.0
1992-12-03 16:00:00-05:00,0.0,8.2707,8.1175,8.2707,3198,0.0,0.0,0.0,0.0,0.0
1992-12-04 16:00:00-05:00,0.0,8.2707,8.2707,8.2707,2598,0.0,0.0,0.0,0.0,0.0
1992-12-07 16:00:00-05:00,0.0,8.1175,8.0666,8.0666,5698,0.0,0.0,0.0,0.0,0.0
1992-12-08 16:00:00-05:00,0.0,8.2707,7.9134,8.1686,12898,0.0,0.0,0.0,0.0,0.0
1992-12-09 16:00:00-05:00,0.0,8.2198,8.0155,8.2198,2798,0.0,0.0,0.0,0.0,0.0
1992-12-10 16:00:00-05:00,0.0,8.2198,8.0155,8.2198,2798,0.0,0.0,0.0,0.0,0.0
1992-12-11 16:00:00-05:00,0.0,8.2707,8.1686,8.1686,4802,0.0,0.0,0.0,0.0,0.0
1992-12-14 16:00:00-05:00,0.0,8.0921,7.9388,7.9388,3198,0.0,0.0,0.0,0.0,0.0
1992-12-15 16:00:00-05:00,0.0,0.0,0.0,7.9388,0,0.0,0.0,0.0,0.0,0.0
1992-12-16 16:00:00-05:00,0.0,8.2707,8.2707,8.2707,9998,0.0,0.0,0.0,0.0,0.0
1992-12-17 16:00:00-05:00,0.0,0.0,0.0,8.2707,0,0.0,0.0,0.0,0.0,0.0
1992-12-18 16:00:00-05:00,0.0,7.9134,7.9134,7.9134,902,0.0,0.0,0.0,0.0,0.0
1992-12-21 16:00:00-05:00,0.0,8.2707,7.9134,8.2198,17402,0.0,0.0,0.0,0.0,0.0
1992-12-22 16:00:00-05:00,0.0,8.1686,7.9644,8.1686,7000,0.0,0.0,0.0,0.0,0.0
1992-12-23 16:00:00-05:00,0.0,8.1175,8.1175,8.1175,902,0.0,0.0,0.0,0.0,0.0
1992-12-24 16:00:00-05:00,0.0,8.2707,8.2707,8.2707,200,0.0,0.0,0.0,0.0,0.0
1992-12-28 16:00:00-05:00,0.0,8.1686,7.9644,7.9644,7502,0.0,0.0,0.0,0.0,0.0
1992-12-29 16:00:00-05:00,0.0,8.1175,8.1175,8.1175,200,0.0,0.0,0.0,0.0,0.0
1992-12-30 16:00:00-05:00,0.0,8.2707,7.9644,7.9644,6098,0.0,0.0,0.0,0.0,0.0
1992-12-31 16:00:00-05:00,0.0,7.9644,7.9644,7.9644,3198,0.0,0.0,0.0,0.0,0.0
1993-01-04 16:00:00-05:00,0.0,8.2707,7.9644,8.2707,4602,0.0,0.0,0.0,0.0,0.0
1993-01-05 16:00:00-05:00,0.0,8.2707,8.143,8.2707,4802,0.0,0.0,0.0,0.0,0.0
1993-01-06 16:00:00-05:00,0.0,8.1175,7.9644,8.1175,49998,0.0,0.0,0.0,0.0,0.0
1993-01-07 16:00:00-05:00,0.0,8.3218,7.9644,8.0666,172399,0.0,0.0,0.0,0.0,0.0
1993-01-08 16:00:00-05:00,0.0,8.2451,8.1686,8.1686,1998,0.0,0.0,0.0,0.0,0.0
1993-01-11 16:00:00-05:00,0.0,8.2707,8.2707,8.2707,1998,0.0,0.0,0.0,0.0,0.0
1993-01-12 16:00:00-05:00,0.0,8.2707,8.041,8.2707,8701,0.0,0.0,0.0,0.0,0.0
1993-01-13 16:00:00-05:00,0.0,8.1686,7.9644,7.9644,26698,0.0,0.0,0.0,0.0,0.0
1993-01-14 16:00:00-05:00,0.0,8.143,7.9644,8.041,69399,0.0,0.0,0.0,0.0,0.0
1993-01-15 16:00:00-05:00,0.0,0.0,0.0,8.041,0,0.0,0.0,0.0,0.0,0.0
1993-01-18 16:00:00-05:00,0.0,0.0,0.0,8.041,0,0.0,0.0,0.0,0.0,0.0
1993-01-19 16:00:00-05:00,0.0,8.3728,8.3728,8.3728,200,0.0,0.0,0.0,0.0,0.0
1993-01-20 16:00:00-05:00,0.0,8.3728,8.3728,8.3728,902,0.0,0.0,0.0,0.0,0.0
1993-01-21 16:00:00-05:00,0.0,8.3473,8.1175,8.3473,18699,0.0,0.0,0.0,0.0,0.0
1993-01-22 16:00:00-05:00,0.0,8.3728,7.9644,8.3728,20902,0.0,0.0,0.0,0.0,0.0
1993-01-25 16:00:00-05:00,0.0,8.3728,8.3728,8.3728,4602,0.0,0.0,0.0,0.0,0.0
1993-01-26 16:00:00-05:00,0.0,8.3728,8.0666,8.3728,3198,0.0,0.0,0.0,0.0,0.0
1993-01-27 16:00:00-05:00,0.0,8.3728,8.3728,8.3728,2598,0.0,0.0,0.0,0.0,0.0
1993-01-28 16:00:00-05:00,0.0,8.3728,8.1686,8.1686,1701,0.0,0.0,0.0,0.0,0.0
1993-01-29 16:00:00-05:00,0.0,8.3728,8.0666,8.0666,1998,0.0,0.0,0.0,0.0,0.0
1993-02-01 16:00:00-05:00,0.0,0.0,0.0,8.0666,0,0.0,0.0,0.0,0.0,0.0
1993-02-02 16:00:00-05:00,0.0,0.0,0.0,8.0666,0,0.0,0.0,0.0,0.0,0.0
1993-02-03 16:00:00-05:00,0.0,8.3218,8.0666,8.0666,1701,0.0,0.0,0.0,0.0,0.0
1993-02-04 16:00:00-05:00,0.0,8.2707,8.2707,8.2707,200,0.0,0.0,0.0,0.0,0.0
1993-02-05 16:00:00-05:00,0.0,8.2451,8.0666,8.2451,13600,0.0,0.0,0.0,0.0,0.0
1993-02-08 16:00:00-05:00,0.0,0.0,0.0,8.2451,0,0.0,0.0,0.0,0.0,0.0
1993-02-09 16:00:00-05:00,0.0,8.3728,8.1686,8.3728,902,0.0,0.0,0.0,0.0,0.0
1993-02-10 16:00:00-05:00,0.0,8.3728,8.2707,8.2707,4099,0.0,0.0,0.0,0.0,0.0
1993-02-11 16:00:00-05:00,0.0,8.0666,8.0666,8.0666,6098,0.0,0.0,0.0,0.0,0.0
1993-02-12 16:00:00-05:00,0.0,8.3728,8.0666,8.1175,7502,0.0,0.0,0.0,0.0,0.0
1993-02-16 16:00:00-05:00,0.0,8.2707,8.0666,8.2707,75200,0.0,0.0,0.0,0.0,0.0
1993-02-17 16:00:00-05:00,0.0,8.2707,8.0666,8.2707,1998,0.0,0.0,0.0,0.0,0.0
1993-02-18 16:00:00-05:00,0.0,0.0,0.0,8.2707,0,0.0,0.0,0.0,0.0,0.0
1993-02-19 16:00:00-05:00,0.0,8.0666,8.0666,8.0666,200,0.0,0.0,0.0,0.0,0.0
1993-02-22 16:00:00-05:00,0.0,8.2707,8.0666,8.0666,28399,0.0,0.0,0.0,0.0,0.0
1993-02-23 16:00:00-05:00,0.0,8.3218,8.0666,8.1686,82102,0.0,0.0,0.0,0.0,0.0
1993-02-24 16:00:00-05:00,0.0,8.3728,8.2707,8.3728,2798,0.0,0.0,0.0,0.0,0.0
1993-02-25 16:00:00-05:00,0.0,8.0155,8.0155,8.0155,200,0.0,0.0,0.0,0.0,0.0
1993-02-26 16:00:00-05:00,0.0,8.3728,8.0155,8.0155,3198,0.0,0.0,0.0,0.0,0.0
1993-03-01 16:00:00-05:00,0.0,8.3728,8.3728,8.3728,902,0.0,0.0,0.0,0.0,0.0
1993-03-02 16:00:00-05:00,0.0,8.3728,8.0155,8.0155,5898,0.0,0.0,0.0,0.0,0.0
1993-03-03 16:00:00-05:00,0.0,8.3218,8.0155,8.3218,51802,0.0,0.0,0.0,0.0,0.0
1993-03-04 16:00:00-05:00,0.0,8.3728,8.2707,8.2707,4099,0.0,0.0,0.0,0.0,0.0
1993-03-05 16:00:00-05:00,0.0,8.3218,8.1941,8.3218,7000,0.0,0.0,0.0,0.0,0.0
1993-03-08 16:00:00-05:00,0.0,0.0,0.0,8.3218,0,0.0,0.0,0.0,0.0,0.0
1993-03-09 16:00:00-05:00,0.0,0.0,0.0,8.3218,0,0.0,0.0,0.0,0.0,0.0
1993-03-10 16:00:00-05:00,0.0,8.3473,8.1686,8.3473,50198,0.0,0.0,0.0,0.0,0.0
1993-03-11 16:00:00-05:00,0.0,8.3473,8.3473,8.3473,2598,0.0,0.0,0.0,0.0,0.0
1993-03-12 16:00:00-05:00,0.0,8.3728,8.0155,8.3728,6098,0.0,0.0,0.0,0.0,0.0
1993-03-15 16:00:00-05:00,0.0,8.1686,8.0155,8.0155,1701,0.0,0.0,0.0,0.0,0.0
1993-03-16 16:00:00-05:00,0.0,0.0,0.0,8.0155,0,0.0,0.0,0.0,0.0,0.0
1993-03-17 16:00:00-05:00,0.0,8.0666,8.0666,8.0666,200,0.0,0.0,0.0,0.0,0.0
1993-03-18 16:00:00-05:00,0.0,8.3728,8.0155,8.0155,26498,0.0,0.0,0.0,0.0,0.0
1993-03-19 16:00:00-05:00,0.0,8.3984,8.1686,8.2962,48502,0.0,0.0,0.0,0.0,0.0
1993-03-22 16:00:00-05:00,0.0,8.4494,8.1686,8.4494,71603,0.0,0.0,0.0,0.0,0.0
1993-03-23 16:00:00-05:00,0.0,0.0,0.0,8.4494,0,0.0,0.0,0.0,0.0,0.0
1993-03-24 16:00:00-05:00,0.0,8.5259,8.5259,8.5259,902,0.0,0.0,0.0,0.0,0.0
1993-03-25 16:00:00-05:00,0.0,8.3728,8.1686,8.3728,7000,0.0,0.0,0.0,0.0,0.0
1993-03-26 16:00:00-05:00,0.0,8.5259,8.4749,8.4749,29598,0.0,0.0,0.0,0.0,0.0
1993-03-29 16:00:00-05:00,0.0,8.5259,8.1686,8.5259,2798,0.0,0.0,0.0,0.0,0.0
1993-03-30 16:00:00-05:00,0.0,0.0,0.0,8.5259,0,0.0,0.0,0.0,0.0,0.0
1993-03-31 16:00:00-05:00,0.0,8.5259,8.1686,8.1686,2598,0.0,0.0,0.0,0.0,0.0
1993-04-01 16:00:00-05:00,0.0,8.5259,8.4749,8.4749,2798,0.0,0.0,0.0,0.0,0.0
1993-04-02 16:00:00-05:00,0.0,8.4239,8.4239,8.4239,200,0.0,0.0,0.0,0.0,0.0
1993-04-05 16:00:00-04:00,0.0,8.2198,8.2198,8.2198,200,0.0,0.0,0.0,0.0,0.0
1993-04-06 16:00:00-04:00,0.0,8.5259,8.4239,8.5259,1998,0.0,0.0,0.0,0.0,0.0
1993-04-07 16:00:00-04:00,0.0,8.4494,8.2707,8.4494,117501,0.0,0.0,0.0,0.0,0.0
1993-04-08 16:00:00-04:00,0.0,8.5259,8.2707,8.3728,64300,0.0,0.0,0.0,0.0,0.0
1993-04-12 16:00:00-04:00,0.0,8.2198,8.2198,8.2198,4602,0.0,0.0,0.0,0.0,0.0
1993-04-13 16:00:00-04:00,0.0,8.577,8.2198,8.577,2598,0.0,0.0,0.0,0.0,0.0
1993-04-14 16:00:00-04:00,0.0,8.577,8.2198,8.2707,10500,0.0,0.0,0.0,0.0,0.0
1993-04-15 16:00:00-04:00,0.0,8.577,8.5004,8.577,25002,0.0,0.0,0.0,0.0,0.0
1993-04-16 16:00:00-04:00,0.0,8.3218,8.3218,8.3218,4802,0.0,0.0,0.0,0.0,0.0
1993-04-19 16:00:00-04:00,0.0,8.577,8.3728,8.3728,5898,0.0,0.0,0.0,0.0,0.0
1993-04-20 16:00:00-04:00,0.0,8.577,8.3728,8.577,2798,0.0,0.0,0.0,0.0,0.0
1993-04-21 16:00:00-04:00,0.0,8.577,8.3728,8.3728,4099,0.0,0.0,0.0,0.0,0.0
1993-04-22 16:00:00-04:00,0.0,0.0,0.0,8.3728,0,0.0,0.0,0.0,0.0,0.0
1993-04-23 16:00:00-04:00,0.0,8.577,8.4239,8.577,22101,0.0,0.0,0.0,0.0,0.0
1993-04-26 16:00:00-04:00,0.0,0.0,0.0,8.577,0,0.0,0.0,0.0,0.0,0.0
1993-04-27 16:00:00-04:00,0.0,0.0,0.0,8.577,0,0.0,0.0,0.0,0.0,0.0
1993-04-28 16:00:00-04:00,0.0,8.6281,8.4239,8.4239,5898,0.0,0.0,0.0,0.0,0.0
1993-04-29 16:00:00-04:00,0.0,8.7812,8.4239,8.4239,4099,0.0,0.0,0.0,0.0,0.0
1993-04-30 16:00:00-04:00,0.0,8.8323,8.4749,8.4749,8501,0.0,0.0,0.0,0.0,0.0
1993-05-03 16:00:00-04:00,0.0,8.8323,8.4749,8.7302,4802,0.0,0.0,0.0,0.0,0.0
1993-05-04 16:00:00-04:00,0.0,8.7812,8.4749,8.7047,35199,0.0,0.0,0.0,0.0,0.0
1993-05-05 16:00:00-04:00,0.0,8.7302,8.577,8.577,9998,0.0,0.0,0.0,0.0,0.0
1993-05-06 16:00:00-04:00,0.0,8.8323,8.4749,8.7302,7502,0.0,0.0,0.0,0.0,0.0
1993-05-07 16:00:00-04:00,0.0,8.8323,8.577,8.7302,15798,0.0,0.0,0.0,0.0,0.0
1993-05-10 16:00:00-04:00,0.0,8.7812,8.6281,8.7047,48502,0.0,0.0,0.0,0.0,0.0
1993-05-11 16:00:00-04:00,0.0,8.8323,8.8323,8.8323,902,0.0,0.0,0.0,0.0,0.0
1993-05-12 16:00:00-04:00,0.0,0.0,0.0,8.8323,0,0.0,0.0,0.0,0.0,0.0
1993-05-13 16:00:00-04:00,0.0,8.8323,8.577,8.8323,2798,0.0,0.0,0.0,0.0,0.0
1993-05-14 16:00:00-04:00,0.0,0.0,0.0,8.8323,0,0.0,0.0,0.0,0.0,0.0
1993-05-17 16:00:00-04:00,0.0,8.8323,8.8323,8.8323,200,0.0,0.0,0.0,0.0,0.0
1993-05-18 16:00:00-04:00,0.0,8.8323,8.8323,8.8323,1998,0.0,0.0,0.0,0.0,0.0
1993-05-19 16:00:00-04:00,0.0,8.8833,8.6281,8.8833,23300,0.0,0.0,0.0,0.0,0.0
1993-05-20 16:00:00-04:00,0.0,8.6281,8.6281,8.6281,1998,0.0,0.0,0.0,0.0,0.0
1993-05-21 16:00:00-04:00,0.0,8.6281,8.6281,8.6281,3198,0.0,0.0,0.0,0.0,0.0
1993-05-24 16:00:00-04:00,0.0,8.6281,8.6281,8.6281,4099,0.0,0.0,0.0,0.0,0.0
1993-05-25 16:00:00-04:00,0.0,0.0,0.0,8.6281,0,0.0,0.0,0.0,0.0,0.0
1993-05-26 16:00:00-04:00,0.0,8.9855,8.8323,8.8323,2598,0.0,0.0,0.0,0.0,0.0
1993-05-27 16:00:00-04:00,0.0,8.8323,8.6791,8.8323,4602,0.0,0.0,0.0,0.0,0.0
1993-05-28 16:00:00-04:00,0.0,8.9855,8.8833,8.9855,10500,0.0,0.0,0.0,0.0,0.0
1993-06-01 16:00:00-04:00,0.0,8.8833,8.8833,8.8833,200,0.0,0.0,0.0,0.0,0.0
1993-06-02 16:00:00-04:00,0.0,0.0,0.0,8.8833,0,0.0,0.0,0.0,0.0,0.0
1993-06-03 16:00:00-04:00,0.0,8.9855,8.8833,8.9855,3198,0.0,0.0,0.0,0.0,0.0
1993-06-04 16:00:00-04:00,0.0,8.8833,8.6281,8.8833,3198,0.0,0.0,0.0,0.0,0.0
1993-06-07 16:00:00-04:00,0.0,8.6281,8.6281,8.6281,1701,0.0,0.0,0.0,0.0,0.0
1993-06-08 16:00:00-04:00,0.0,0.0,0.0,8.6281,0,0.0,0.0,0.0,0.0,0.0
1993-06-09 16:00:00-04:00,0.0,8.6281,8.6281,8.6281,902,0.0,0.0,0.0,0.0,0.0
1993-06-10 16:00:00-04:00,0.0,8.9855,8.6281,8.6281,3198,0.0,0.0,0.0,0.0,0.0
1993-06-11 16:00:00-04:00,0.0,8.9855,8.9855,8.9855,902,0.0,0.0,0.0,0.0,0.0
1993-06-14 16:00:00-04:00,0.0,8.9855,8.8579,8.8579,8901,0.0,0.0,0.0,0.0,0.0
1993-06-15 16:00:00-04:00,0.0,8.6281,8.6281,8.6281,902,0.0,0.0,0.0,0.0,0.0
1993-06-16 16:00:00-04:00,0.0,8.8579,8.8579,8.8579,1701,0.0,0.0,0.0,0.0,0.0
1993-06-17 16:00:00-04:00,0.0,8.9855,8.6281,8.6281,1701,0.0,0.0,0.0,0.0,0.0
1993-06-18 16:00:00-04:00,0.0,8.9855,8.7812,8.7812,18002,0.0,0.0,0.0,0.0,0.0
1993-06-21 16:00:00-04:00,0.0,8.9855,8.7812,8.7812,6098,0.0,0.0,0.0,0.0,0.0
1993-06-22 16:00:00-04:00,0.0,8.7302,8.6281,8.7302,8901,0.0,0.0,0.0,0.0,0.0
1993-06-23 16:00:00-04:00,0.0,0.0,0.0,8.7302,0,0.0,0.0,0.0,0.0,0.0
1993-06-24 16:00:00-04:00,0.0,8.8323,8.8323,8.8323,1998,0.0,0.0,0.0,0.0,0.0
1993-06-25 16:00:00-04:00,0.0,0.0,0.0,8.8323,0,0.0,0.0,0.0,0.0,0.0
1993-06-28 16:00:00-04:00,0.0,8.9855,8.9855,8.9855,4602,0.0,0.0,0.0,0.0,0.0
1993-06-29 16:00:00-04:00,0.0,8.6281,8.6281,8.6281,7000,0.0,0.0,0.0,0.0,0.0
1993-06-30 16:00:00-04:00,0.0,0.0,0.0,8.6281,0,0.0,0.0,0.0,0.0,0.0
1993-07-01 16:00:00-04:00,0.0,8.9855,8.6791,8.6791,4602,0.0,0.0,0.0,0.0,0.0
1993-07-02 16:00:00-04:00,0.0,9.0365,8.6791,8.9855,17802,0.0,0.0,0.0,0.0,0.0
1993-07-06 16:00:00-04:00,0.0,9.0365,8.9855,9.0365,12201,0.0,0.0,0.0,0.0,0.0
1993-07-07 16:00:00-04:00,0.0,9.0365,8.7302,9.0365,1998,0.0,0.0,0.0,0.0,0.0
1993-07-08 16:00:00-04:00,0.0,9.0876,8.7302,8.9344,17402,0.0,0.0,0.0,0.0,0.0
1993-07-09 16:00:00-04:00,0.0,0.0,0.0,8.9344,0,0.0,0.0,0.0,0.0,0.0
1993-07-12 16:00:00-04:00,0.0,9.0621,8.9089,8.9089,26698,0.0,0.0,0.0,0.0,0.0
1993-07-13 16:00:00-04:00,0.0,9.0876,8.8323,8.8323,14999,0.0,0.0,0.0,0.0,0.0
1993-07-14 16:00:00-04:00,0.0,9.1386,8.9855,8.9855,22301,0.0,0.0,0.0,0.0,0.0
1993-07-15 16:00:00-04:00,0.0,8.9344,8.9344,8.9344,200,0.0,0.0,0.0,0.0,0.0
1993-07-16 16:00:00-04:00,0.0,9.2408,9.2408,9.2408,4802,0.0,0.0,0.0,0.0,0.0
1993-07-19 16:00:00-04:00,0.0,9.3429,8.9855,9.2408,26698,0.0,0.0,0.0,0.0,0.0
1993-07-20 16:00:00-04:00,0.0,9.3429,9.0876,9.3429,17402,0.0,0.0,0.0,0.0,0.0
1993-07-21 16:00:00-04:00,0.0,9.394,9.394,9.394,200,0.0,0.0,0.0,0.0,0.0
1993-07-22 16:00:00-04:00,0.0,9.5982,9.394,9.5982,13600,0.0,0.0,0.0,0.0,0.0
1993-07-23 16:00:00-04:00,0.0,9.496,9.496,9.496,2598,0.0,0.0,0.0,0.0,0.0
1993-07-26 16:00:00-04:00,0.0,9.5982,9.496,9.5982,5898,0.0,0.0,0.0,0.0,0.0
1993-07-27 16:00:00-04:00,0.0,0.0,0.0,9.5982,0,0.0,0.0,0.0,0.0,0.0
1993-07-28 16:00:00-04:00,0.0,9.5982,9.1897,9.5982,39801,0.0,0.0,0.0,0.0,0.0
1993-07-29 16:00:00-04:00,0.0,10.2107,9.5982,9.9554,124998,0.0,0.0,0.0,0.0,0.0
1993-07-30 16:00:00-04:00,0.0,10.1597,9.8534,10.1597,47200,0.0,0.0,0.0,0.0,0.0
1993-08-02 16:00:00-04:00,0.0,10.1597,10.1597,10.1597,27502,0.0,0.0,0.0,0.0,0.0
1993-08-03 16:00:00-04:00,0.0,0.0,0.0,10.1597,0,0.0,0.0,0.0,0.0,0.0
1993-08-04 16:00:00-04:00,0.0,0.0,0.0,10.1597,0,0.0,0.0,0.0,0.0,0.0
1993-08-05 16:00:00-04:00,0.0,10.1597,9.9044,10.0575,7502,0.0,0.0,0.0,0.0,0.0
1993-08-06 16:00:00-04:00,0.0,10.1597,9.8534,10.1086,16598,0.0,0.0,0.0,0.0,0.0
1993-08-09 16:00:00-04:00,0.0,9.9811,9.8534,9.9811,6098,0.0,0.0,0.0,0.0,0.0
1993-08-10 16:00:00-04:00,0.0,10.1086,10.1086,10.1086,902,0.0,0.0,0.0,0.0,0.0
1993-08-11 16:00:00-04:00,0.0,10.1086,9.9044,10.0322,5698,0.0,0.0,0.0,0.0,0.0
1993-08-12 16:00:00-04:00,0.0,10.1086,10.0066,10.1086,19401,0.0,0.0,0.0,0.0,0.0
1993-08-13 16:00:00-04:00,0.0,10.3639,10.0575,10.3639,11299,0.0,0.0,0.0,0.0,0.0
1993-08-16 16:00:00-04:00,0.0,10.5682,10.415,10.415,20600,0.0,0.0,0.0,0.0,0.0
1993-08-17 16:00:00-04:00,0.0,10.8745,10.415,10.8745,61400,0.0,0.0,0.0,0.0,0.0
1993-08-18 16:00:00-04:00,0.0,11.0787,10.6703,11.0787,38402,0.0,0.0,0.0,0.0,0.0
1993-08-19 16:00:00-04:00,0.0,10.9255,10.7724,10.7724,49798,0.0,0.0,0.0,0.0,0.0
1993-08-20 16:00:00-04:00,0.0,11.0277,10.6703,11.0277,4802,0.0,0.0,0.0,0.0,0.0
1993-08-23 16:00:00-04:00,0.0,10.8489,10.6703,10.7467,15798,0.0,0.0,0.0,0.0,0.0
1993-08-24 16:00:00-04:00,0.0,11.0277,10.6703,10.6703,34000,0.0,0.0,0.0,0.0,0.0
1993-08-25 16:00:00-04:00,0.0,11.0277,10.6703,10.8999,5698,0.0,0.0,0.0,0.0,0.0
1993-08-26 16:00:00-04:00,0.0,10.8745,10.8745,10.8745,19401,0.0,0.0,0.0,0.0,0.0
1993-08-27 16:00:00-04:00,0.0,10.8745,10.7213,10.8745,54800,0.0,0.0,0.0,0.0,0.0
1993-08-30 16:00:00-04:00,0.0,0.0,0.0,10.8745,0,0.0,0.0,0.0,0.0,0.0
1993-08-31 16:00:00-04:00,0.0,11.0277,10.8745,10.8745,7502,0.0,0.0,0.0,0.0,0.0
1993-09-01 16:00:00-04:00,0.0,11.0277,10.7213,10.8745,36398,0.0,0.0,0.0,0.0,0.0
1993-09-02 16:00:00-04:00,0.0,10.8745,10.8745,10.8745,37198,0.0,0.0,0.0,0.0,0.0
1993-09-03 16:00:00-04:00,0.0,0.0,0.0,10.8745,0,0.0,0.0,0.0,0.0,0.0
1993-09-07 16:00:00-04:00,0.0,11.0277,10.6703,10.6957,12201,0.0,0.0,0.0,0.0,0.0
1993-09-08 16:00:00-04:00,0.0,11.0277,10.7213,11.0277,12201,0.0,0.0,0.0,0.0,0.0
1993-09-09 16:00:00-04:00,0.0,11.0277,10.6703,10.8745,1998,0.0,0.0,0.0,0.0,0.0
1993-09-10 16:00:00-04:00,0.0,11.0277,10.6192,10.9766,71603,0.0,0.0,0.0,0.0,0.0
1993-09-13 16:00:00-04:00,0.0,10.8745,10.6703,10.6703,26698,0.0,0.0,0.0,0.0,0.0
1993-09-14 16:00:00-04:00,0.0,0.0,0.0,10.6703,0,0.0,0.0,0.0,0.0,0.0
1993-09-15 16:00:00-04:00,0.0,11.0277,10.6703,11.0277,14999,0.0,0.0,0.0,0.0,0.0
1993-09-16 16:00:00-04:00,0.0,11.0277,10.7724,10.7724,1998,0.0,0.0,0.0,0.0,0.0
1993-09-17 16:00:00-04:00,0.0,11.0277,10.6192,10.9766,8501,0.0,0.0,0.0,0.0,0.0
1993-09-20 16:00:00-04:00,0.0,10.8235,10.6192,10.6192,29301,0.0,0.0,0.0,0.0,0.0
1993-09-21 16:00:00-04:00,0.0,10.7724,10.7724,10.7724,2798,0.0,0.0,0.0,0.0,0.0
1993-09-22 16:00:00-04:00,0.0,10.9766,10.6192,10.9766,11699,0.0,0.0,0.0,0.0,0.0
1993-09-23 16:00:00-04:00,0.0,10.8235,10.8235,10.8235,200,0.0,0.0,0.0,0.0,0.0
1993-09-24 16:00:00-04:00,0.0,10.6192,10.6192,10.6192,15798,0.0,0.0,0.0,0.0,0.0
1993-09-27 16:00:00-04:00,0.0,10.6447,10.6192,10.6447,4802,0.0,0.0,0.0,0.0,0.0
1993-09-28 16:00:00-04:00,0.0,0.0,0.0,10.6447,0,0.0,0.0,0.0,0.0,0.0
1993-09-29 16:00:00-04:00,0.0,10.9766,10.6192,10.9766,8701,0.0,0.0,0.0,0.0,0.0
1993-09-30 16:00:00-04:00,0.0,10.9766,10.6703,10.9766,22101,0.0,0.0,0.0,0.0,0.0
1993-10-01 16:00:00-04:00,0.0,10.8745,10.8745,10.8745,1701,0.0,0.0,0.0,0.0,0.0
1993-10-04 16:00:00-04:00,0.0,10.9255,10.6192,10.9255,31300,0.0,0.0,0.0,0.0,0.0
1993-10-05 16:00:00-04:00,0.0,11.0787,10.8235,11.0787,40903,0.0,0.0,0.0,0.0,0.0
1993-10-06 16:00:00-04:00,0.0,11.2318,10.8235,11.2318,23500,0.0,0.0,0.0,0.0,0.0
1993-10-07 16:00:00-04:00,0.0,11.3339,10.9255,11.3339,7502,0.0,0.0,0.0,0.0,0.0
1993-10-08 16:00:00-04:00,0.0,11.3084,11.0787,11.2574,17802,0.0,0.0,0.0,0.0,0.0
1993-10-11 16:00:00-04:00,0.0,10.9766,10.9766,10.9766,200,0.0,0.0,0.0,0.0,0.0
1993-10-12 16:00:00-04:00,0.0,0.0,0.0,10.9766,0,0.0,0.0,0.0,0.0,0.0
1993-10-13 16:00:00-04:00,0.0,11.3339,11.2318,11.3339,5698,0.0,0.0,0.0,0.0,0.0
1993-10-14 16:00:00-04:00,0.0,0.0,0.0,11.3339,0,0.0,0.0,0.0,0.0,0.0
1993-10-15 16:00:00-04:00,0.0,11.3339,11.3339,11.3339,7000,0.0,0.0,0.0,0.0,0.0
1993-10-18 16:00:00-04:00,0.0,11.1296,11.0277,11.1296,3198,0.0,0.0,0.0,0.0,0.0
1993-10-19 16:00:00-04:00,0.0,0.0,0.0,11.1296,0,0.0,0.0,0.0,0.0,0.0
1993-10-20 16:00:00-04:00,0.0,11.0277,11.0277,11.0277,4802,0.0,0.0,0.0,0.0,0.0
1993-10-21 16:00:00-04:00,0.0,11.3339,11.0277,11.1296,19201,0.0,0.0,0.0,0.0,0.0
1993-10-22 16:00:00-04:00,0.0,11.3339,11.0277,11.0277,19201,0.0,0.0,0.0,0.0,0.0
1993-10-25 16:00:00-04:00,0.0,0.0,0.0,11.0277,0,0.0,0.0,0.0,0.0,0.0
1993-10-26 16:00:00-04:00,0.0,11.3339,11.3339,11.3339,2598,0.0,0.0,0.0,0.0,0.0
1993-10-27 16:00:00-04:00,0.0,11.1808,11.1808,11.1808,10700,0.0,0.0,0.0,0.0,0.0
1993-10-28 16:00:00-04:00,0.0,11.3339,11.0277,11.3339,2798,0.0,0.0,0.0,0.0,0.0
1993-10-29 16:00:00-04:00,0.0,11.3339,11.0277,11.3339,22301,0.0,0.0,0.0,0.0,0.0
1993-11-01 16:00:00-05:00,0.0,0.0,0.0,11.3339,0,0.0,0.0,0.0,0.0,0.0
1993-11-02 16:00:00-05:00,0.0,11.3339,11.0787,11.3339,7799,0.0,0.0,0.0,0.0,0.0
1993-11-03 16:00:00-05:00,0.0,11.3339,11.1296,11.3339,4099,0.0,0.0,0.0,0.0,0.0
1993-11-04 16:00:00-05:00,0.0,11.1808,10.8235,10.9255,50198,0.0,0.0,0.0,0.0,0.0
1993-11-05 16:00:00-05:00,0.0,11.0277,10.7213,10.9766,5898,0.0,0.0,0.0,0.0,0.0
1993-11-08 16:00:00-05:00,0.0,10.9255,10.5171,10.8235,69199,0.0,0.0,0.0,0.0,0.0
1993-11-09 16:00:00-05:00,0.0,10.7724,10.7724,10.7724,4602,0.0,0.0,0.0,0.0,0.0
1993-11-10 16:00:00-05:00,0.0,11.1041,10.7213,10.9766,50198,0.0,0.0,0.0,0.0,0.0
1993-11-11 16:00:00-05:00,0.0,11.2318,11.0277,11.2318,13298,0.0,0.0,0.0,0.0,0.0
1993-11-12 16:00:00-05:00,0.0,11.3339,11.2318,11.2318,2598,0.0,0.0,0.0,0.0,0.0
1993-11-15 16:00:00-05:00,0.0,11.385,11.0277,11.0277,3198,0.0,0.0,0.0,0.0,0.0
1993-11-16 16:00:00-05:00,0.0,11.385,11.385,11.385,902,0.0,0.0,0.0,0.0,0.0
1993-11-17 16:00:00-05:00,0.0,11.1808,11.0277,11.1808,72402,0.0,0.0,0.0,0.0,0.0
1993-11-18 16:00:00-05:00,0.0,11.1553,10.9766,10.9766,12898,0.0,0.0,0.0,0.0,0.0
1993-11-19 16:00:00-05:00,0.0,11.1553,10.9766,11.1553,13298,0.0,0.0,0.0,0.0,0.0
1993-11-22 16:00:00-05:00,0.0,11.1553,10.9766,11.1553,5698,0.0,0.0,0.0,0.0,0.0
1993-11-23 16:00:00-05:00,0.0,11.1553,11.0787,11.1553,2598,0.0,0.0,0.0,0.0,0.0
1993-11-24 16:00:00-05:00,0.0,11.385,11.0277,11.385,39801,0.0,0.0,0.0,0.0,0.0
1993-11-26 16:00:00-05:00,0.0,11.385,11.385,11.385,1701,0.0,0.0,0.0,0.0,0.0
1993-11-29 16:00:00-05:00,0.0,11.385,11.0277,11.385,19201,0.0,0.0,0.0,0.0,0.0
1993-11-30 16:00:00-05:00,0.0,11.385,11.0277,11.0277,45899,0.0,0.0,0.0,0.0,0.0
1993-12-01 16:00:00-05:00,0.0,11.385,11.0277,11.3084,46801,0.0,0.0,0.0,0.0,0.0
1993-12-02 16:00:00-05:00,0.0,11.385,11.0787,11.385,10500,0.0,0.0,0.0,0.0,0.0
1993-12-03 16:00:00-05:00,0.0,11.385,11.0787,11.3084,6098,0.0,0.0,0.0,0.0,0.0
1993-12-06 16:00:00-05:00,0.0,11.385,11.0277,11.0277,1998,0.0,0.0,0.0,0.0,0.0
1993-12-07 16:00:00-05:00,0.0,11.385,11.0277,11.1296,48102,0.0,0.0,0.0,0.0,0.0
1993-12-08 16:00:00-05:00,0.0,11.385,11.385,11.385,2598,0.0,0.0,0.0,0.0,0.0
1993-12-09 16:00:00-05:00,0.0,11.2829,11.2829,11.2829,200,0.0,0.0,0.0,0.0,0.0
1993-12-10 16:00:00-05:00,0.0,11.385,11.3339,11.385,1701,0.0,0.0,0.0,0.0,0.0
1993-12-13 16:00:00-05:00,0.0,11.0532,11.0532,11.0532,18002,0.0,0.0,0.0,0.0,0.0
1993-12-14 16:00:00-05:00,0.0,0.0,0.0,11.0532,0,0.0,0.0,0.0,0.0,0.0
1993-12-15 16:00:00-05:00,0.0,11.1296,11.0277,11.0277,2798,0.0,0.0,0.0,0.0,0.0
1993-12-16 16:00:00-05:00,0.0,11.385,11.0787,11.0787,41102,0.0,0.0,0.0,0.0,0.0
1993-12-17 16:00:00-05:00,0.0,11.385,11.1041,11.1808,10500,0.0,0.0,0.0,0.0,0.0
1993-12-20 16:00:00-05:00,0.0,11.385,11.385,11.385,200,0.0,0.0,0.0,0.0,0.0
1993-12-21 16:00:00-05:00,0.0,0.0,0.0,11.385,0,0.0,0.0,0.0,0.0,0.0
1993-12-22 16:00:00-05:00,0.0,11.385,11.0277,11.385,5898,0.0,0.0,0.0,0.0,0.0
1993-12-23 16:00:00-05:00,0.0,11.385,11.1296,11.385,35399,0.0,0.0,0.0,0.0,0.0
1993-12-27 16:00:00-05:00,0.0,11.385,11.1808,11.2829,2598,0.0,0.0,0.0,0.0,0.0
1993-12-28 16:00:00-05:00,0.0,11.3339,11.0277,11.3339,32401,0.0,0.0,0.0,0.0,0.0
1993-12-29 16:00:00-05:00,0.0,11.385,11.385,11.385,2798,0.0,0.0,0.0,0.0,0.0
1993-12-30 16:00:00-05:00,0.0,11.385,11.0277,11.2318,5698,0.0,0.0,0.0,0.0,0.0
1993-12-31 16:00:00-05:00,0.0,11.385,11.0277,11.1808,26698,0.0,0.0,0.0,0.0,0.0
1994-01-03 16:00:00-05:00,0.0,11.2318,11.0277,11.2318,4802,0.0,0.0,0.0,0.0,0.0
1994-01-04 16:00:00-05:00,0.0,11.5042,10.8915,11.2999,37798,0.0,0.0,0.0,0.0,0.0
1994-01-05 16:00:00-05:00,0.0,11.5721,11.0957,11.5381,14401,0.0,0.0,0.0,0.0,0.0
1994-01-06 16:00:00-05:00,0.0,11.5721,11.0957,11.0957,6799,0.0,0.0,0.0,0.0,0.0
1994-01-07 16:00:00-05:00,0.0,11.5721,11.5721,11.5721,1699,0.0,0.0,0.0,0.0,0.0
1994-01-10 16:00:00-05:00,0.0,11.5721,11.1637,11.3339,24501,0.0,0.0,0.0,0.0,0.0
1994-01-11 16:00:00-05:00,0.0,11.436,11.436,11.436,200,0.0,0.0,0.0,0.0,0.0
1994-01-12 16:00:00-05:00,0.0,12.1849,11.1637,11.9125,41999,0.0,0.0,0.0,0.0,0.0
1994-01-13 16:00:00-05:00,0.0,12.5252,11.9125,12.4571,39301,0.0,0.0,0.0,0.0,0.0
1994-01-14 16:00:00-05:00,0.0,12.5252,11.9806,12.4571,37998,0.0,0.0,0.0,0.0,0.0
1994-01-17 16:00:00-05:00,0.0,12.6613,12.2529,12.6613,7802,0.0,0.0,0.0,0.0,0.0
1994-01-18 16:00:00-05:00,0.0,0.0,0.0,12.6613,0,0.0,0.0,0.0,0.0,0.0
1994-01-19 16:00:00-05:00,0.0,12.6613,12.2529,12.3889,4800,0.0,0.0,0.0,0.0,0.0
1994-01-20 16:00:00-05:00,0.0,12.5252,12.1168,12.5252,3201,0.0,0.0,0.0,0.0,0.0
1994-01-21 16:00:00-05:00,0.0,12.5932,12.1849,12.5932,4101,0.0,0.0,0.0,0.0,0.0
1994-01-24 16:00:00-05:00,0.0,12.5932,12.2529,12.5932,2398,0.0,0.0,0.0,0.0,0.0
1994-01-25 16:00:00-05:00,0.0,12.8655,12.4571,12.7975,28402,0.0,0.0,0.0,0.0,0.0
1994-01-26 16:00:00-05:00,0.0,12.5932,12.4571,12.5252,11299,0.0,0.0,0.0,0.0,0.0
1994-01-27 16:00:00-05:00,0.0,12.9337,12.7635,12.7975,18402,0.0,0.0,0.0,0.0,0.0
1994-01-28 16:00:00-05:00,0.0,13.5463,12.9337,13.274,70801,0.0,0.0,0.0,0.0,0.0
1994-01-31 16:00:00-05:00,0.0,13.274,12.5932,13.0697,37798,0.0,0.0,0.0,0.0,0.0
1994-02-01 16:00:00-05:00,0.0,13.0697,12.5932,12.6613,2602,0.0,0.0,0.0,0.0,0.0
1994-02-02 16:00:00-05:00,0.0,13.0697,12.4911,12.5932,25900,0.0,0.0,0.0,0.0,0.0
1994-02-03 16:00:00-05:00,0.0,13.0697,12.5932,12.6613,9700,0.0,0.0,0.0,0.0,0.0
1994-02-04 16:00:00-05:00,0.0,12.9337,12.5932,12.9337,5899,0.0,0.0,0.0,0.0,0.0
1994-02-07 16:00:00-05:00,0.0,13.0697,12.5932,12.7975,15000,0.0,0.0,0.0,0.0,0.0
1994-02-08 16:00:00-05:00,0.0,13.0697,12.5932,12.5932,6999,0.0,0.0,0.0,0.0,0.0
1994-02-09 16:00:00-05:00,0.0,13.0697,12.5932,12.5932,899,0.0,0.0,0.0,0.0,0.0
1994-02-10 16:00:00-05:00,0.0,13.0697,12.6954,12.6954,5700,0.0,0.0,0.0,0.0,0.0
1994-02-11 16:00:00-05:00,0.0,13.0697,12.5252,12.5252,13302,0.0,0.0,0.0,0.0,0.0
1994-02-14 16:00:00-05:00,0.0,12.7294,12.3889,12.3889,14101,0.0,0.0,0.0,0.0,0.0
1994-02-15 16:00:00-05:00,0.0,12.7294,12.3889,12.7294,37199,0.0,0.0,0.0,0.0,0.0
1994-02-16 16:00:00-05:00,0.0,12.5932,12.2529,12.321,22099,0.0,0.0,0.0,0.0,0.0
1994-02-17 16:00:00-05:00,0.0,12.1849,11.5042,11.5042,56600,0.0,0.0,0.0,0.0,0.0
1994-02-18 16:00:00-05:00,0.0,11.9806,11.0957,11.0957,45001,0.0,0.0,0.0,0.0,0.0
1994-02-22 16:00:00-05:00,0.0,11.436,10.8915,11.0277,119998,0.0,0.0,0.0,0.0,0.0
1994-02-23 16:00:00-05:00,0.0,11.2999,10.8235,10.8575,46300,0.0,0.0,0.0,0.0,0.0
1994-02-24 16:00:00-05:00,0.0,11.2318,10.8235,11.1637,44101,0.0,0.0,0.0,0.0,0.0
1994-02-25 16:00:00-05:00,0.0,11.2318,11.0277,11.2318,1998,0.0,0.0,0.0,0.0,0.0
1994-02-28 16:00:00-05:00,0.0,11.7084,10.8915,11.436,58698,0.0,0.0,0.0,0.0,0.0
1994-03-01 16:00:00-05:00,0.0,11.9125,11.436,11.9125,28402,0.0,0.0,0.0,0.0,0.0
1994-03-02 16:00:00-05:00,0.0,11.8445,11.3679,11.436,5300,0.0,0.0,0.0,0.0,0.0
1994-03-03 16:00:00-05:00,0.0,11.8445,11.5721,11.5721,22099,0.0,0.0,0.0,0.0,0.0
1994-03-04 16:00:00-05:00,0.0,11.8445,11.6743,11.6743,23302,0.0,0.0,0.0,0.0,0.0
1994-03-07 16:00:00-05:00,0.0,11.8445,11.7423,11.7423,24301,0.0,0.0,0.0,0.0,0.0
1994-03-08 16:00:00-05:00,0.0,11.9806,11.9806,11.9806,899,0.0,0.0,0.0,0.0,0.0
1994-03-09 16:00:00-05:00,0.0,11.9125,11.7084,11.8445,60700,0.0,0.0,0.0,0.0,0.0
1994-03-10 16:00:00-05:00,0.0,11.8445,11.5042,11.5721,8501,0.0,0.0,0.0,0.0,0.0
1994-03-11 16:00:00-05:00,0.0,11.8445,11.6062,11.6062,6999,0.0,0.0,0.0,0.0,0.0
1994-03-14 16:00:00-05:00,0.0,11.5042,11.5042,11.5042,200,0.0,0.0,0.0,0.0,0.0
1994-03-15 16:00:00-05:00,0.0,11.8445,11.6743,11.7764,31799,0.0,0.0,0.0,0.0,0.0
1994-03-16 16:00:00-05:00,0.0,11.8445,11.5042,11.5042,10000,0.0,0.0,0.0,0.0,0.0
1994-03-17 16:00:00-05:00,0.0,11.8445,11.5721,11.6402,10700,0.0,0.0,0.0,0.0,0.0
1994-03-18 16:00:00-05:00,0.0,11.7084,11.2318,11.2659,18701,0.0,0.0,0.0,0.0,0.0
1994-03-21 16:00:00-05:00,0.0,11.5721,11.2318,11.5721,1699,0.0,0.0,0.0,0.0,0.0
1994-03-22 16:00:00-05:00,0.0,11.5721,11.2999,11.4019,23502,0.0,0.0,0.0,0.0,0.0
1994-03-23 16:00:00-05:00,0.0,11.2999,10.8915,11.0277,21599,0.0,0.0,0.0,0.0,0.0
1994-03-24 16:00:00-05:00,0.0,11.2999,10.6192,11.0277,24301,0.0,0.0,0.0,0.0,0.0
1994-03-25 16:00:00-05:00,0.0,10.8915,10.3469,10.3469,10500,0.0,0.0,0.0,0.0,0.0
1994-03-28 16:00:00-05:00,0.0,10.8235,9.9384,9.9384,42199,0.0,0.0,0.0,0.0,0.0
1994-03-29 16:00:00-05:00,0.0,10.415,10.415,10.415,2802,0.0,0.0,0.0,0.0,0.0
1994-03-30 16:00:00-05:00,0.0,10.415,10.1426,10.2788,17398,0.0,0.0,0.0,0.0,0.0
1994-03-31 16:00:00-05:00,0.0,10.5511,10.0746,10.5511,23502,0.0,0.0,0.0,0.0,0.0
1994-04-04 16:00:00-04:00,0.0,10.6192,10.449,10.6192,6999,0.0,0.0,0.0,0.0,0.0
1994-04-05 16:00:00-04:00,0.0,10.6192,10.3469,10.6192,2398,0.0,0.0,0.0,0.0,0.0
1994-04-06 16:00:00-04:00,0.0,10.6192,10.2107,10.2788,10000,0.0,0.0,0.0,0.0,0.0
1994-04-07 16:00:00-04:00,0.0,10.6192,10.3809,10.6192,5899,0.0,0.0,0.0,0.0,0.0
1994-04-08 16:00:00-04:00,0.0,10.6192,10.2107,10.2107,2398,0.0,0.0,0.0,0.0,0.0
1994-04-11 16:00:00-04:00,0.0,10.6192,10.6192,10.6192,3201,0.0,0.0,0.0,0.0,0.0
1994-04-12 16:00:00-04:00,0.0,10.6192,10.2107,10.2107,2398,0.0,0.0,0.0,0.0,0.0
1994-04-13 16:00:00-04:00,0.0,10.7554,10.3469,10.6192,22099,0.0,0.0,0.0,0.0,0.0
1994-04-14 16:00:00-04:00,0.0,10.7554,10.449,10.449,2802,0.0,0.0,0.0,0.0,0.0
1994-04-15 16:00:00-04:00,0.0,10.7554,10.3469,10.3469,14800,0.0,0.0,0.0,0.0,0.0
1994-04-18 16:00:00-04:00,0.0,10.6192,10.2788,10.2788,23102,0.0,0.0,0.0,0.0,0.0
1994-04-19 16:00:00-04:00,0.0,10.6872,10.6872,10.6872,699,0.0,0.0,0.0,0.0,0.0
1994-04-20 16:00:00-04:00,0.0,10.6872,10.2788,10.483,1699,0.0,0.0,0.0,0.0,0.0
1994-04-21 16:00:00-04:00,0.0,10.6872,10.6872,10.6872,200,0.0,0.0,0.0,0.0,0.0
1994-04-22 16:00:00-04:00,0.0,10.6872,10.2788,10.2788,8701,0.0,0.0,0.0,0.0,0.0
1994-04-25 16:00:00-04:00,0.0,10.5511,10.3469,10.3469,7498,0.0,0.0,0.0,0.0,0.0
1994-04-26 16:00:00-04:00,0.0,10.6192,10.415,10.415,7802,0.0,0.0,0.0,0.0,0.0
1994-04-28 16:00:00-04:00,0.0,10.483,10.3469,10.415,3701,0.0,0.0,0.0,0.0,0.0
1994-04-29 16:00:00-04:00,0.0,10.7554,10.6872,10.7554,2802,0.0,0.0,0.0,0.0,0.0
1994-05-02 16:00:00-04:00,0.0,10.7554,10.7554,10.7554,4600,0.0,0.0,0.0,0.0,0.0
1994-05-03 16:00:00-04:00,0.0,10.3469,10.3469,10.3469,1699,0.0,0.0,0.0,0.0,0.0
1994-05-04 16:00:00-04:00,0.0,0.0,0.0,10.3469,0,0.0,0.0,0.0,0.0,0.0
1994-05-05 16:00:00-04:00,0.0,10.6872,10.3469,10.3469,6099,0.0,0.0,0.0,0.0,0.0
1994-05-06 16:00:00-04:00,0.0,10.6872,10.5511,10.5511,3201,0.0,0.0,0.0,0.0,0.0
1994-05-09 16:00:00-04:00,0.0,10.6192,10.415,10.6192,899,0.0,0.0,0.0,0.0,0.0
1994-05-10 16:00:00-04:00,0.0,10.415,10.3469,10.415,899,0.0,0.0,0.0,0.0,0.0
1994-05-11 16:00:00-04:00,0.0,10.6192,10.483,10.483,699,0.0,0.0,0.0,0.0,0.0
1994-05-12 16:00:00-04:00,0.0,10.483,10.483,10.483,1998,0.0,0.0,0.0,0.0,0.0
1994-05-13 16:00:00-04:00,0.0,10.3469,10.3469,10.3469,699,0.0,0.0,0.0,0.0,0.0
1994-05-16 16:00:00-04:00,0.0,10.5511,10.5511,10.5511,699,0.0,0.0,0.0,0.0,0.0
1994-05-17 16:00:00-04:00,0.0,10.3469,10.3469,10.3469,699,0.0,0.0,0.0,0.0,0.0
1994-05-18 16:00:00-04:00,0.0,0.0,0.0,10.3469,0,0.0,0.0,0.0,0.0,0.0
1994-05-19 16:00:00-04:00,0.0,10.6192,10.3469,10.3469,15500,0.0,0.0,0.0,0.0,0.0
1994-05-20 16:00:00-04:00,0.0,10.449,10.3469,10.3469,17798,0.0,0.0,0.0,0.0,0.0
1994-05-23 16:00:00-04:00,0.0,10.3809,10.3469,10.3469,15000,0.0,0.0,0.0,0.0,0.0
1994-05-24 16:00:00-04:00,0.0,10.6192,10.3469,10.483,13302,0.0,0.0,0.0,0.0,0.0
1994-05-25 16:00:00-04:00,0.0,10.5511,10.3469,10.483,13601,0.0,0.0,0.0,0.0,0.0
1994-05-26 16:00:00-04:00,0.0,10.415,10.3469,10.415,18701,0.0,0.0,0.0,0.0,0.0
1994-05-27 16:00:00-04:00,0.0,10.3469,10.3469,10.3469,4600,0.0,0.0,0.0,0.0,0.0
1994-05-31 16:00:00-04:00,0.0,10.5511,10.415,10.5511,8501,0.0,0.0,0.0,0.0,0.0
1994-06-01 16:00:00-04:00,0.0,10.5511,10.3469,10.5511,9700,0.0,0.0,0.0,0.0,0.0
1994-06-02 16:00:00-04:00,0.0,10.5511,10.3469,10.5511,3701,0.0,0.0,0.0,0.0,0.0
1994-06-03 16:00:00-04:00,0.0,10.6192,10.3469,10.6192,24501,0.0,0.0,0.0,0.0,0.0
1994-06-06 16:00:00-04:00,0.0,10.6192,10.3469,10.6192,7802,0.0,0.0,0.0,0.0,0.0
1994-06-07 16:00:00-04:00,0.0,0.0,0.0,10.6192,0,0.0,0.0,0.0,0.0,0.0
1994-06-08 16:00:00-04:00,0.0,10.6192,10.6192,10.6192,1998,0.0,0.0,0.0,0.0,0.0
1994-06-09 16:00:00-04:00,0.0,10.6192,10.3469,10.6192,17798,0.0,0.0,0.0,0.0,0.0
1994-06-10 16:00:00-04:00,0.0,10.6192,10.415,10.5511,42799,0.0,0.0,0.0,0.0,0.0
1994-06-13 16:00:00-04:00,0.0,10.6192,10.3469,10.6192,6099,0.0,0.0,0.0,0.0,0.0
1994-06-14 16:00:00-04:00,0.0,10.5511,10.3469,10.5511,3201,0.0,0.0,0.0,0.0,0.0
1994-06-15 16:00:00-04:00,0.0,10.6192,10.2788,10.6192,64102,0.0,0.0,0.0,0.0,0.0
1994-06-16 16:00:00-04:00,0.0,10.6192,10.6192,10.6192,1998,0.0,0.0,0.0,0.0,0.0
1994-06-17 16:00:00-04:00,0.0,10.6192,10.2788,10.2788,2398,0.0,0.0,0.0,0.0,0.0
1994-06-20 16:00:00-04:00,0.0,10.6192,10.415,10.5511,4600,0.0,0.0,0.0,0.0,0.0
1994-06-21 16:00:00-04:00,0.0,10.6192,10.2788,10.6192,18002,0.0,0.0,0.0,0.0,0.0
1994-06-22 16:00:00-04:00,0.0,10.6192,10.2788,10.6192,6799,0.0,0.0,0.0,0.0,0.0
1994-06-23 16:00:00-04:00,0.0,10.6192,10.2788,10.6192,699,0.0,0.0,0.0,0.0,0.0
1994-06-24 16:00:00-04:00,0.0,10.6192,10.449,10.6192,6099,0.0,0.0,0.0,0.0,0.0
1994-06-27 16:00:00-04:00,0.0,10.5511,10.2788,10.5511,27499,0.0,0.0,0.0,0.0,0.0
1994-06-28 16:00:00-04:00,0.0,10.2788,10.2788,10.2788,200,0.0,0.0,0.0,0.0,0.0
1994-06-29 16:00:00-04:00,0.0,10.5511,10.2788,10.2788,1998,0.0,0.0,0.0,0.0,0.0
1994-06-30 16:00:00-04:00,0.0,10.5511,10.2788,10.3128,13302,0.0,0.0,0.0,0.0,0.0
1994-07-01 16:00:00-04:00,0.0,10.5511,10.2788,10.5511,8501,0.0,0.0,0.0,0.0,0.0
1994-07-05 16:00:00-04:00,0.0,10.2788,10.2788,10.2788,200,0.0,0.0,0.0,0.0,0.0
1994-07-06 16:00:00-04:00,0.0,10.483,10.483,10.483,8301,0.0,0.0,0.0,0.0,0.0
1994-07-07 16:00:00-04:00,0.0,10.5511,10.2788,10.415,29601,0.0,0.0,0.0,0.0,0.0
1994-07-08 16:00:00-04:00,0.0,10.483,10.2788,10.415,40500,0.0,0.0,0.0,0.0,0.0
1994-07-11 16:00:00-04:00,0.0,0.0,0.0,10.415,0,0.0,0.0,0.0,0.0,0.0
1994-07-12 16:00:00-04:00,0.0,10.6192,10.415,10.415,2802,0.0,0.0,0.0,0.0,0.0
1994-07-13 16:00:00-04:00,0.0,10.415,10.415,10.415,200,0.0,0.0,0.0,0.0,0.0
1994-07-14 16:00:00-04:00,0.0,10.6192,10.415,10.6192,7498,0.0,0.0,0.0,0.0,0.0
1994-07-15 16:00:00-04:00,0.0,10.6192,10.6192,10.6192,1699,0.0,0.0,0.0,0.0,0.0
1994-07-18 16:00:00-04:00,0.0,10.9595,10.415,10.9595,16199,0.0,0.0,0.0,0.0,0.0
1994-07-19 16:00:00-04:00,0.0,10.9595,10.6872,10.9595,14101,0.0,0.0,0.0,0.0,0.0
1994-07-20 16:00:00-04:00,0.0,10.6872,10.415,10.415,6799,0.0,0.0,0.0,0.0,0.0
1994-07-21 16:00:00-04:00,0.0,10.7554,10.415,10.449,25000,0.0,0.0,0.0,0.0,0.0
1994-07-22 16:00:00-04:00,0.0,10.415,10.415,10.415,7498,0.0,0.0,0.0,0.0,0.0
1994-07-25 16:00:00-04:00,0.0,10.5852,10.5852,10.5852,1998,0.0,0.0,0.0,0.0,0.0
1994-07-26 16:00:00-04:00,0.0,10.6872,10.3469,10.6872,3201,0.0,0.0,0.0,0.0,0.0
1994-07-27 16:00:00-04:00,0.0,10.3469,10.3469,10.3469,2398,0.0,0.0,0.0,0.0,0.0
1994-07-28 16:00:00-04:00,0.0,10.6192,10.3469,10.3469,3201,0.0,0.0,0.0,0.0,0.0
1994-07-29 16:00:00-04:00,0.0,0.0,0.0,10.3469,0,0.0,0.0,0.0,0.0,0.0
1994-08-01 16:00:00-04:00,0.0,10.3469,10.3469,10.3469,6999,0.0,0.0,0.0,0.0,0.0
1994-08-02 16:00:00-04:00,0.0,10.3469,10.3469,10.3469,3701,0.0,0.0,0.0,0.0,0.0
1994-08-03 16:00:00-04:00,0.0,10.6192,10.483,10.6192,699,0.0,0.0,0.0,0.0,0.0
1994-08-04 16:00:00-04:00,0.0,10.6192,10.6192,10.6192,899,0.0,0.0,0.0,0.0,0.0
1994-08-05 16:00:00-04:00,0.0,10.483,10.3469,10.3469,8501,0.0,0.0,0.0,0.0,0.0
1994-08-08 16:00:00-04:00,0.0,10.5511,10.3469,10.415,6099,0.0,0.0,0.0,0.0,0.0
1994-08-09 16:00:00-04:00,0.0,10.3469,10.3469,10.3469,2602,0.0,0.0,0.0,0.0,0.0
1994-08-10 16:00:00-04:00,0.0,10.6192,10.6192,10.6192,200,0.0,0.0,0.0,0.0,0.0
1994-08-11 16:00:00-04:00,0.0,10.6192,10.6192,10.6192,699,0.0,0.0,0.0,0.0,0.0
1994-08-12 16:00:00-04:00,0.0,10.6192,10.6192,10.6192,2398,0.0,0.0,0.0,0.0,0.0
1994-08-15 16:00:00-04:00,0.0,10.6192,10.3469,10.6192,8301,0.0,0.0,0.0,0.0,0.0
1994-08-16 16:00:00-04:00,0.0,10.6192,10.415,10.415,4600,0.0,0.0,0.0,0.0,0.0
1994-08-17 16:00:00-04:00,0.0,10.5511,10.3469,10.5511,23801,0.0,0.0,0.0,0.0,0.0
1994-08-18 16:00:00-04:00,0.0,10.6192,10.6192,10.6192,200,0.0,0.0,0.0,0.0,0.0
1994-08-19 16:00:00-04:00,0.0,0.0,0.0,10.6192,0,0.0,0.0,0.0,0.0,0.0
1994-08-22 16:00:00-04:00,0.0,10.6192,10.3469,10.415,1998,0.0,0.0,0.0,0.0,0.0
1994-08-23 16:00:00-04:00,0.0,10.6192,10.415,10.6192,6099,0.0,0.0,0.0,0.0,0.0
1994-08-24 16:00:00-04:00,0.0,10.6192,10.3469,10.6192,8301,0.0,0.0,0.0,0.0,0.0
1994-08-25 16:00:00-04:00,0.0,10.6192,10.3469,10.449,22299,0.0,0.0,0.0,0.0,0.0
1994-08-26 16:00:00-04:00,0.0,10.6192,10.6192,10.6192,200,0.0,0.0,0.0,0.0,0.0
1994-08-29 16:00:00-04:00,0.0,10.483,10.415,10.483,14800,0.0,0.0,0.0,0.0,0.0
1994-08-30 16:00:00-04:00,0.0,10.6192,10.6192,10.6192,4800,0.0,0.0,0.0,0.0,0.0
1994-08-31 16:00:00-04:00,0.0,10.6192,10.6192,10.6192,2398,0.0,0.0,0.0,0.0,0.0
1994-09-01 16:00:00-04:00,0.0,10.6192,10.3469,10.6192,2602,0.0,0.0,0.0,0.0,0.0
1994-09-02 16:00:00-04:00,0.0,10.415,10.415,10.415,699,0.0,0.0,0.0,0.0,0.0
1994-09-06 16:00:00-04:00,0.0,10.6192,10.3469,10.3469,13302,0.0,0.0,0.0,0.0,0.0
1994-09-07 16:00:00-04:00,0.0,10.483,10.3469,10.3469,4101,0.0,0.0,0.0,0.0,0.0
1994-09-08 16:00:00-04:00,0.0,10.449,10.3469,10.3469,5899,0.0,0.0,0.0,0.0,0.0
1994-09-09 16:00:00-04:00,0.0,10.5511,10.3469,10.3469,4800,0.0,0.0,0.0,0.0,0.0
1994-09-12 16:00:00-04:00,0.0,10.5511,10.3469,10.5511,3201,0.0,0.0,0.0,0.0,0.0
1994-09-13 16:00:00-04:00,0.0,10.6872,10.483,10.6192,5700,0.0,0.0,0.0,0.0,0.0
1994-09-14 16:00:00-04:00,0.0,10.6192,10.415,10.415,46300,0.0,0.0,0.0,0.0,0.0
1994-09-15 16:00:00-04:00,0.0,10.5171,10.415,10.5171,1998,0.0,0.0,0.0,0.0,0.0
1994-09-16 16:00:00-04:00,0.0,10.6192,10.415,10.415,31100,0.0,0.0,0.0,0.0,0.0
1994-09-19 16:00:00-04:00,0.0,10.6192,10.6192,10.6192,18402,0.0,0.0,0.0,0.0,0.0
1994-09-20 16:00:00-04:00,0.0,10.5511,10.415,10.415,2602,0.0,0.0,0.0,0.0,0.0
1994-09-21 16:00:00-04:00,0.0,10.5511,10.415,10.5511,13601,0.0,0.0,0.0,0.0,0.0
1994-09-22 16:00:00-04:00,0.0,10.6192,10.415,10.6192,30400,0.0,0.0,0.0,0.0,0.0
1994-09-23 16:00:00-04:00,0.0,10.483,10.415,10.483,899,0.0,0.0,0.0,0.0,0.0
1994-09-26 16:00:00-04:00,0.0,10.6192,10.415,10.6192,9700,0.0,0.0,0.0,0.0,0.0
1994-09-27 16:00:00-04:00,0.0,10.5852,10.415,10.5852,10000,0.0,0.0,0.0,0.0,0.0
1994-09-28 16:00:00-04:00,0.0,10.6192,10.483,10.6192,699,0.0,0.0,0.0,0.0,0.0
1994-09-29 16:00:00-04:00,0.0,10.6192,10.415,10.415,48702,0.0,0.0,0.0,0.0,0.0
1994-09-30 16:00:00-04:00,0.0,10.6872,10.415,10.5511,11099,0.0,0.0,0.0,0.0,0.0
1994-10-03 16:00:00-04:00,0.0,10.6872,10.415,10.483,24301,0.0,0.0,0.0,0.0,0.0
1994-10-04 16:00:00-04:00,0.0,10.483,10.415,10.483,3201,0.0,0.0,0.0,0.0,0.0
1994-10-05 16:00:00-04:00,0.0,0.0,0.0,10.483,0,0.0,0.0,0.0,0.0,0.0
1994-10-06 16:00:00-04:00,0.0,10.3469,10.3469,10.3469,2602,0.0,0.0,0.0,0.0,0.0
1994-10-07 16:00:00-04:00,0.0,10.6192,10.6192,10.6192,2802,0.0,0.0,0.0,0.0,0.0
1994-10-10 16:00:00-04:00,0.0,0.0,0.0,10.6192,0,0.0,0.0,0.0,0.0,0.0
1994-10-11 16:00:00-04:00,0.0,0.0,0.0,10.6192,0,0.0,0.0,0.0,0.0,0.0
1994-10-12 16:00:00-04:00,0.0,10.5511,10.415,10.5511,5899,0.0,0.0,0.0,0.0,0.0
1994-10-13 16:00:00-04:00,0.0,10.6192,10.6192,10.6192,200,0.0,0.0,0.0,0.0,0.0
1994-10-14 16:00:00-04:00,0.0,10.3469,10.3469,10.3469,200,0.0,0.0,0.0,0.0,0.0
1994-10-17 16:00:00-04:00,0.0,10.6192,10.3469,10.6192,47399,0.0,0.0,0.0,0.0,0.0
1994-10-18 16:00:00-04:00,0.0,10.6192,10.415,10.415,1699,0.0,0.0,0.0,0.0,0.0
1994-10-19 16:00:00-04:00,0.0,10.6192,10.3469,10.449,30400,0.0,0.0,0.0,0.0,0.0
1994-10-20 16:00:00-04:00,0.0,10.5511,10.5511,10.5511,200,0.0,0.0,0.0,0.0,0.0
1994-10-21 16:00:00-04:00,0.0,10.483,10.3469,10.3469,24301,0.0,0.0,0.0,0.0,0.0
1994-10-24 16:00:00-04:00,0.0,10.483,10.2449,10.483,23302,0.0,0.0,0.0,0.0,0.0
1994-10-25 16:00:00-04:00,0.0,10.2107,10.2107,10.2107,5700,0.0,0.0,0.0,0.0,0.0
1994-10-26 16:00:00-04:00,0.0,10.483,10.2107,10.483,12199,0.0,0.0,0.0,0.0,0.0
1994-10-27 16:00:00-04:00,0.0,10.483,10.2107,10.483,23302,0.0,0.0,0.0,0.0,0.0
1994-10-28 16:00:00-04:00,0.0,10.483,10.2788,10.415,35400,0.0,0.0,0.0,0.0,0.0
1994-10-31 16:00:00-05:00,0.0,10.6872,10.3809,10.6872,30100,0.0,0.0,0.0,0.0,0.0
1994-11-01 16:00:00-05:00,0.0,10.6872,10.2107,10.2107,1998,0.0,0.0,0.0,0.0,0.0
1994-11-02 16:00:00-05:00,0.0,10.5511,10.5511,10.5511,899,0.0,0.0,0.0,0.0,0.0
1994-11-03 16:00:00-05:00,0.0,10.6192,10.5511,10.6192,10500,0.0,0.0,0.0,0.0,0.0
1994-11-04 16:00:00-05:00,0.0,10.6192,10.3469,10.3469,899,0.0,0.0,0.0,0.0,0.0
1994-11-07 16:00:00-05:00,0.0,10.5511,10.2788,10.2788,699,0.0,0.0,0.0,0.0,0.0
1994-11-08 16:00:00-05:00,0.0,10.5511,10.2107,10.2107,4600,0.0,0.0,0.0,0.0,0.0
1994-11-09 16:00:00-05:00,0.0,10.483,10.2107,10.2107,5700,0.0,0.0,0.0,0.0,0.0
1994-11-10 16:00:00-05:00,0.0,10.483,10.2107,10.2107,5899,0.0,0.0,0.0,0.0,0.0
1994-11-11 16:00:00-05:00,0.0,10.449,10.2107,10.449,8301,0.0,0.0,0.0,0.0,0.0
1994-11-14 16:00:00-05:00,0.0,10.483,10.2107,10.483,4800,0.0,0.0,0.0,0.0,0.0
1994-11-15 16:00:00-05:00,0.0,0.0,0.0,10.483,0,0.0,0.0,0.0,0.0,0.0
1994-11-16 16:00:00-05:00,0.0,10.483,10.2107,10.449,10000,0.0,0.0,0.0,0.0,0.0
1994-11-17 16:00:00-05:00,0.0,10.483,10.2449,10.483,22099,0.0,0.0,0.0,0.0,0.0
1994-11-18 16:00:00-05:00,0.0,10.483,10.2107,10.483,10000,0.0,0.0,0.0,0.0,0.0
1994-11-21 16:00:00-05:00,0.0,10.2107,10.2107,10.2107,1998,0.0,0.0,0.0,0.0,0.0
1994-11-22 16:00:00-05:00,0.0,10.483,10.483,10.483,3201,0.0,0.0,0.0,0.0,0.0
1994-11-23 16:00:00-05:00,0.0,10.483,10.0746,10.0746,21399,0.0,0.0,0.0,0.0,0.0
1994-11-25 16:00:00-05:00,0.0,10.2788,10.0746,10.2788,39301,0.0,0.0,0.0,0.0,0.0
1994-11-28 16:00:00-05:00,0.0,0.0,0.0,10.2788,0,0.0,0.0,0.0,0.0,0.0
1994-11-29 16:00:00-05:00,0.0,10.2449,10.0746,10.1086,48702,0.0,0.0,0.0,0.0,0.0
1994-11-30 16:00:00-05:00,0.0,10.483,10.483,10.483,200,0.0,0.0,0.0,0.0,0.0
1994-12-01 16:00:00-05:00,0.0,10.3128,10.2107,10.3128,9700,0.0,0.0,0.0,0.0,0.0
1994-12-02 16:00:00-05:00,0.0,10.5511,10.1257,10.1257,3699,0.0,0.0,0.0,0.0,0.0
1994-12-05 16:00:00-05:00,0.0,10.5511,10.0406,10.5511,2201,0.0,0.0,0.0,0.0,0.0
1994-12-06 16:00:00-05:00,0.0,10.5511,10.1682,10.5511,5700,0.0,0.0,0.0,0.0,0.0
1994-12-07 16:00:00-05:00,0.0,10.5511,10.0406,10.3809,5900,0.0,0.0,0.0,0.0,0.0
1994-12-08 16:00:00-05:00,0.0,10.5511,10.3809,10.3809,1998,0.0,0.0,0.0,0.0,0.0
1994-12-09 16:00:00-05:00,0.0,10.3809,10.0406,10.0406,10700,0.0,0.0,0.0,0.0,0.0
1994-12-12 16:00:00-05:00,0.0,10.3809,10.3809,10.3809,400,0.0,0.0,0.0,0.0,0.0
1994-12-13 16:00:00-05:00,0.0,10.3809,10.0406,10.3809,19401,0.0,0.0,0.0,0.0,0.0
1994-12-14 16:00:00-05:00,0.0,10.5511,10.2107,10.5511,11299,0.0,0.0,0.0,0.0,0.0
1994-12-15 16:00:00-05:00,0.0,10.5511,10.2107,10.5511,3499,0.0,0.0,0.0,0.0,0.0
1994-12-16 16:00:00-05:00,0.0,10.5511,10.5511,10.5511,1700,0.0,0.0,0.0,0.0,0.0
1994-12-19 16:00:00-05:00,0.0,10.3384,10.2107,10.3384,3201,0.0,0.0,0.0,0.0,0.0
1994-12-20 16:00:00-05:00,0.0,10.5511,10.5511,10.5511,701,0.0,0.0,0.0,0.0,0.0
1994-12-21 16:00:00-05:00,0.0,10.5511,10.3809,10.5511,7001,0.0,0.0,0.0,0.0,0.0
1994-12-22 16:00:00-05:00,0.0,10.2958,10.2107,10.2958,2201,0.0,0.0,0.0,0.0,0.0
1994-12-23 16:00:00-05:00,0.0,10.5511,10.5511,10.5511,400,0.0,0.0,0.0,0.0,0.0
1994-12-27 16:00:00-05:00,0.0,10.466,10.2107,10.466,2601,0.0,0.0,0.0,0.0,0.0
1994-12-28 16:00:00-05:00,0.0,10.5511,10.2107,10.5511,11299,0.0,0.0,0.0,0.0,0.0
1994-12-29 16:00:00-05:00,0.0,10.6362,10.5511,10.5511,8301,0.0,0.0,0.0,0.0,0.0
1994-12-30 16:00:00-05:00,0.0,11.487,10.2107,11.487,159600,0.0,0.0,0.0,0.0,0.0
1995-01-03 16:00:00-05:00,0.0,11.487,11.2318,11.487,19201,0.0,0.0,0.0,0.0,0.0
1995-01-04 16:00:00-05:00,0.0,11.487,11.1467,11.4019,74101,0.0,0.0,0.0,0.0,0.0
1995-01-05 16:00:00-05:00,0.0,11.5721,11.2318,11.5721,21599,0.0,0.0,0.0,0.0,0.0
1995-01-06 16:00:00-05:00,0.0,11.5721,11.2318,11.5721,14100,0.0,0.0,0.0,0.0,0.0
1995-01-09 16:00:00-05:00,0.0,11.6572,11.2318,11.5297,8099,0.0,0.0,0.0,0.0,0.0
1995-01-10 16:00:00-05:00,0.0,11.7423,11.4019,11.4019,2201,0.0,0.0,0.0,0.0,0.0
1995-01-11 16:00:00-05:00,0.0,11.6572,11.4019,11.5721,15299,0.0,0.0,0.0,0.0,0.0
1995-01-12 16:00:00-05:00,0.0,11.487,11.3595,11.3595,18398,0.0,0.0,0.0,0.0,0.0
1995-01-13 16:00:00-05:00,0.0,11.5721,11.2318,11.2318,13599,0.0,0.0,0.0,0.0,0.0
1995-01-16 16:00:00-05:00,0.0,11.5721,11.2318,11.5721,2201,0.0,0.0,0.0,0.0,0.0
1995-01-17 16:00:00-05:00,0.0,11.5721,11.2318,11.5721,12600,0.0,0.0,0.0,0.0,0.0
1995-01-18 16:00:00-05:00,0.0,11.5721,11.2318,11.5721,4600,0.0,0.0,0.0,0.0,0.0
1995-01-19 16:00:00-05:00,0.0,11.5721,11.2318,11.3595,9501,0.0,0.0,0.0,0.0,0.0
1995-01-20 16:00:00-05:00,0.0,11.5721,11.2318,11.2318,8901,0.0,0.0,0.0,0.0,0.0
1995-01-23 16:00:00-05:00,0.0,11.5721,11.2318,11.3169,4102,0.0,0.0,0.0,0.0,0.0
1995-01-24 16:00:00-05:00,0.0,11.487,11.1467,11.487,400,0.0,0.0,0.0,0.0,0.0
1995-01-25 16:00:00-05:00,0.0,11.4019,11.0617,11.0617,7800,0.0,0.0,0.0,0.0,0.0
1995-01-26 16:00:00-05:00,0.0,11.4019,11.0617,11.4019,22801,0.0,0.0,0.0,0.0,0.0
1995-01-27 16:00:00-05:00,0.0,11.4019,11.1467,11.1467,29101,0.0,0.0,0.0,0.0,0.0
1995-01-30 16:00:00-05:00,0.0,11.487,11.487,11.487,4600,0.0,0.0,0.0,0.0,0.0
1995-01-31 16:00:00-05:00,0.0,11.487,11.1467,11.4019,30399,0.0,0.0,0.0,0.0,0.0
1995-02-01 16:00:00-05:00,0.0,11.1892,11.1467,11.168,15499,0.0,0.0,0.0,0.0,0.0
1995-02-02 16:00:00-05:00,0.0,11.487,11.2318,11.4019,8301,0.0,0.0,0.0,0.0,0.0
1995-02-03 16:00:00-05:00,0.0,11.487,11.2318,11.2318,12200,0.0,0.0,0.0,0.0,0.0
1995-02-06 16:00:00-05:00,0.0,11.5721,11.2318,11.2318,6801,0.0,0.0,0.0,0.0,0.0
1995-02-07 16:00:00-05:00,0.0,11.5721,11.2318,11.5721,3699,0.0,0.0,0.0,0.0,0.0
1995-02-08 16:00:00-05:00,0.0,11.5721,11.2318,11.5721,2201,0.0,0.0,0.0,0.0,0.0
1995-02-09 16:00:00-05:00,0.0,11.3169,11.3169,11.3169,701,0.0,0.0,0.0,0.0,0.0
1995-02-10 16:00:00-05:00,0.0,11.5721,11.2318,11.5721,901,0.0,0.0,0.0,0.0,0.0
1995-02-13 16:00:00-05:00,0.0,11.2318,11.2318,11.2318,701,0.0,0.0,0.0,0.0,0.0
1995-02-14 16:00:00-05:00,0.0,11.5721,11.2318,11.487,13799,0.0,0.0,0.0,0.0,0.0
1995-02-15 16:00:00-05:00,0.0,11.5721,11.5721,11.5721,6801,0.0,0.0,0.0,0.0,0.0
1995-02-16 16:00:00-05:00,0.0,11.5721,11.2318,11.2318,1700,0.0,0.0,0.0,0.0,0.0
1995-02-17 16:00:00-05:00,0.0,11.5721,11.2318,11.2318,2201,0.0,0.0,0.0,0.0,0.0
1995-02-21 16:00:00-05:00,0.0,11.5721,11.2318,11.2743,5700,0.0,0.0,0.0,0.0,0.0
1995-02-22 16:00:00-05:00,0.0,11.5721,11.2318,11.2743,1700,0.0,0.0,0.0,0.0,0.0
1995-02-23 16:00:00-05:00,0.0,11.5297,11.2318,11.5297,5900,0.0,0.0,0.0,0.0,0.0
1995-02-24 16:00:00-05:00,0.0,11.4019,11.3169,11.3169,5900,0.0,0.0,0.0,0.0,0.0
1995-02-27 16:00:00-05:00,0.0,11.5721,11.2318,11.5721,2601,0.0,0.0,0.0,0.0,0.0
1995-02-28 16:00:00-05:00,0.0,11.5721,11.2318,11.4019,8501,0.0,0.0,0.0,0.0,0.0
1995-03-01 16:00:00-05:00,0.0,11.5721,11.2318,11.5721,60899,0.0,0.0,0.0,0.0,0.0
1995-03-02 16:00:00-05:00,0.0,11.5721,11.4019,11.487,35001,0.0,0.0,0.0,0.0,0.0
1995-03-03 16:00:00-05:00,0.0,11.5721,11.5297,11.5721,26300,0.0,0.0,0.0,0.0,0.0
1995-03-06 16:00:00-05:00,0.0,11.7423,11.5721,11.7423,33000,0.0,0.0,0.0,0.0,0.0
1995-03-07 16:00:00-05:00,0.0,11.8275,11.487,11.487,16800,0.0,0.0,0.0,0.0,0.0
1995-03-08 16:00:00-05:00,0.0,11.6572,11.4019,11.4019,8901,0.0,0.0,0.0,0.0,0.0
1995-03-09 16:00:00-05:00,0.0,11.7423,11.4019,11.7423,11099,0.0,0.0,0.0,0.0,0.0
1995-03-10 16:00:00-05:00,0.0,0.0,0.0,11.7423,0,0.0,0.0,0.0,0.0,0.0
1995-03-13 16:00:00-05:00,0.0,11.487,11.487,11.487,200,0.0,0.0,0.0,0.0,0.0
1995-03-14 16:00:00-05:00,0.0,0.0,0.0,11.487,0,0.0,0.0,0.0,0.0,0.0
1995-03-15 16:00:00-05:00,0.0,11.6572,11.5721,11.6572,19201,0.0,0.0,0.0,0.0,0.0
1995-03-16 16:00:00-05:00,0.0,11.6572,11.6572,11.6572,1700,0.0,0.0,0.0,0.0,0.0
1995-03-17 16:00:00-05:00,0.0,11.6572,11.5721,11.6572,17399,0.0,0.0,0.0,0.0,0.0
1995-03-20 16:00:00-05:00,0.0,11.6147,11.6147,11.6147,400,0.0,0.0,0.0,0.0,0.0
1995-03-21 16:00:00-05:00,0.0,11.6572,11.487,11.6147,35601,0.0,0.0,0.0,0.0,0.0
1995-03-22 16:00:00-05:00,0.0,11.487,11.487,11.487,901,0.0,0.0,0.0,0.0,0.0
1995-03-23 16:00:00-05:00,0.0,11.6572,11.487,11.6572,11299,0.0,0.0,0.0,0.0,0.0
1995-03-24 16:00:00-05:00,0.0,11.487,11.4019,11.487,12901,0.0,0.0,0.0,0.0,0.0
1995-03-27 16:00:00-05:00,0.0,11.6572,11.4019,11.487,3499,0.0,0.0,0.0,0.0,0.0
1995-03-28 16:00:00-05:00,0.0,11.6572,11.6572,11.6572,701,0.0,0.0,0.0,0.0,0.0
1995-03-29 16:00:00-05:00,0.0,11.5297,11.4019,11.5297,59199,0.0,0.0,0.0,0.0,0.0
1995-03-30 16:00:00-05:00,0.0,11.6572,11.4019,11.4019,8701,0.0,0.0,0.0,0.0,0.0
1995-03-31 16:00:00-05:00,0.0,11.6572,11.6572,11.6572,400,0.0,0.0,0.0,0.0,0.0
1995-04-03 16:00:00-04:00,0.0,11.6572,11.4019,11.487,18700,0.0,0.0,0.0,0.0,0.0
1995-04-04 16:00:00-04:00,0.0,11.7423,11.4019,11.4019,2601,0.0,0.0,0.0,0.0,0.0
1995-04-05 16:00:00-04:00,0.0,11.6572,11.4019,11.4019,2401,0.0,0.0,0.0,0.0,0.0
1995-04-06 16:00:00-04:00,0.0,11.7423,11.4019,11.5721,8501,0.0,0.0,0.0,0.0,0.0
1995-04-07 16:00:00-04:00,0.0,11.5721,11.2318,11.3169,13599,0.0,0.0,0.0,0.0,0.0
1995-04-10 16:00:00-04:00,0.0,0.0,0.0,11.3169,0,0.0,0.0,0.0,0.0,0.0
1995-04-11 16:00:00-04:00,0.0,11.5721,11.3169,11.5721,2201,0.0,0.0,0.0,0.0,0.0
1995-04-12 16:00:00-04:00,0.0,11.5721,11.2318,11.4019,10500,0.0,0.0,0.0,0.0,0.0
1995-04-13 16:00:00-04:00,0.0,11.5721,11.2318,11.2743,2801,0.0,0.0,0.0,0.0,0.0
1995-04-17 16:00:00-04:00,0.0,11.5721,11.2318,11.5721,5900,0.0,0.0,0.0,0.0,0.0
1995-04-18 16:00:00-04:00,0.0,11.4446,11.2318,11.3807,39300,0.0,0.0,0.0,0.0,0.0
1995-04-19 16:00:00-04:00,0.0,11.4019,11.3169,11.3169,8901,0.0,0.0,0.0,0.0,0.0
1995-04-20 16:00:00-04:00,0.0,11.5721,11.5721,11.5721,901,0.0,0.0,0.0,0.0,0.0
1995-04-21 16:00:00-04:00,0.0,11.5721,11.2318,11.5721,5900,0.0,0.0,0.0,0.0,0.0
1995-04-24 16:00:00-04:00,0.0,11.5721,11.2318,11.5721,10899,0.0,0.0,0.0,0.0,0.0
1995-04-25 16:00:00-04:00,0.0,0.0,0.0,11.5721,0,0.0,0.0,0.0,0.0,0.0
1995-04-26 16:00:00-04:00,0.0,11.5721,11.5721,11.5721,901,0.0,0.0,0.0,0.0,0.0
1995-04-27 16:00:00-04:00,0.0,11.5721,11.5721,11.5721,2801,0.0,0.0,0.0,0.0,0.0
1995-04-28 16:00:00-04:00,0.0,11.5721,11.2318,11.2318,11699,0.0,0.0,0.0,0.0,0.0
1995-05-01 16:00:00-04:00,0.0,11.3169,11.2318,11.2318,3201,0.0,0.0,0.0,0.0,0.0
1995-05-02 16:00:00-04:00,0.0,11.5721,11.2318,11.2743,13799,0.0,0.0,0.0,0.0,0.0
1995-05-03 16:00:00-04:00,0.0,11.5721,11.2318,11.2318,5700,0.0,0.0,0.0,0.0,0.0
1995-05-04 16:00:00-04:00,0.0,11.5721,11.2318,11.5721,3201,0.0,0.0,0.0,0.0,0.0
1995-05-05 16:00:00-04:00,0.0,11.5721,11.2318,11.2318,901,0.0,0.0,0.0,0.0,0.0
1995-05-08 16:00:00-04:00,0.0,11.3595,11.2318,11.2318,4999,0.0,0.0,0.0,0.0,0.0
1995-05-09 16:00:00-04:00,0.0,11.5721,11.2318,11.2318,2201,0.0,0.0,0.0,0.0,0.0
1995-05-10 16:00:00-04:00,0.0,0.0,0.0,11.2318,0,0.0,0.0,0.0,0.0,0.0
1995-05-11 16:00:00-04:00,0.0,11.5721,11.2318,11.2318,4102,0.0,0.0,0.0,0.0,0.0
1995-05-12 16:00:00-04:00,0.0,11.5721,11.2318,11.5721,16800,0.0,0.0,0.0,0.0,0.0
1995-05-15 16:00:00-04:00,0.0,11.4019,11.2318,11.3169,8301,0.0,0.0,0.0,0.0,0.0
1995-05-16 16:00:00-04:00,0.0,11.5721,11.5721,11.5721,1998,0.0,0.0,0.0,0.0,0.0
1995-05-17 16:00:00-04:00,0.0,0.0,0.0,11.5721,0,0.0,0.0,0.0,0.0,0.0
1995-05-18 16:00:00-04:00,0.0,11.2743,11.2318,11.2743,901,0.0,0.0,0.0,0.0,0.0
1995-05-19 16:00:00-04:00,0.0,11.2743,11.2318,11.2743,3201,0.0,0.0,0.0,0.0,0.0
1995-05-22 16:00:00-04:00,0.0,11.2743,11.2318,11.2743,4600,0.0,0.0,0.0,0.0,0.0
1995-05-23 16:00:00-04:00,0.0,11.5721,11.5297,11.5297,701,0.0,0.0,0.0,0.0,0.0
1995-05-24 16:00:00-04:00,0.0,11.2318,11.2318,11.2318,901,0.0,0.0,0.0,0.0,0.0
1995-05-25 16:00:00-04:00,0.0,11.3169,11.3169,11.3169,901,0.0,0.0,0.0,0.0,0.0
1995-05-26 16:00:00-04:00,0.0,11.5721,11.2318,11.3169,12400,0.0,0.0,0.0,0.0,0.0
1995-05-30 16:00:00-04:00,0.0,11.5721,11.2318,11.2743,17799,0.0,0.0,0.0,0.0,0.0
1995-05-31 16:00:00-04:00,0.0,11.5297,11.2318,11.2318,13301,0.0,0.0,0.0,0.0,0.0
1995-06-01 16:00:00-04:00,0.0,11.5721,11.2318,11.2957,65800,0.0,0.0,0.0,0.0,0.0
1995-06-02 16:00:00-04:00,0.0,11.5721,11.5721,11.5721,2201,0.0,0.0,0.0,0.0,0.0
1995-06-05 16:00:00-04:00,0.0,11.5721,11.2318,11.2743,12600,0.0,0.0,0.0,0.0,0.0
1995-06-06 16:00:00-04:00,0.0,11.5721,11.2957,11.487,32800,0.0,0.0,0.0,0.0,0.0
1995-06-07 16:00:00-04:00,0.0,0.0,0.0,11.487,0,0.0,0.0,0.0,0.0,0.0
1995-06-08 16:00:00-04:00,0.0,11.2743,11.2318,11.2318,901,0.0,0.0,0.0,0.0,0.0
1995-06-09 16:00:00-04:00,0.0,11.2318,11.2318,11.2318,701,0.0,0.0,0.0,0.0,0.0
1995-06-12 16:00:00-04:00,0.0,11.5721,11.2318,11.2743,1700,0.0,0.0,0.0,0.0,0.0
1995-06-13 16:00:00-04:00,0.0,11.2318,11.2318,11.2318,4102,0.0,0.0,0.0,0.0,0.0
1995-06-14 16:00:00-04:00,0.0,11.5721,11.5721,11.5721,5301,0.0,0.0,0.0,0.0,0.0
1995-06-15 16:00:00-04:00,0.0,11.3169,11.2957,11.2957,11699,0.0,0.0,0.0,0.0,0.0
1995-06-16 16:00:00-04:00,0.0,11.5721,11.3595,11.3595,4102,0.0,0.0,0.0,0.0,0.0
1995-06-19 16:00:00-04:00,0.0,11.5721,11.2318,11.4019,2801,0.0,0.0,0.0,0.0,0.0
1995-06-20 16:00:00-04:00,0.0,11.4019,11.4019,11.4019,8099,0.0,0.0,0.0,0.0,0.0
1995-06-21 16:00:00-04:00,0.0,11.5721,11.2318,11.487,5700,0.0,0.0,0.0,0.0,0.0
1995-06-22 16:00:00-04:00,0.0,11.5721,11.2318,11.4019,19201,0.0,0.0,0.0,0.0,0.0
1995-06-23 16:00:00-04:00,0.0,0.0,0.0,11.4019,0,0.0,0.0,0.0,0.0,0.0
1995-06-26 16:00:00-04:00,0.0,0.0,0.0,11.4019,0,0.0,0.0,0.0,0.0,0.0
1995-06-27 16:00:00-04:00,0.0,11.5721,11.4019,11.5721,4799,0.0,0.0,0.0,0.0,0.0
1995-06-28 16:00:00-04:00,0.0,11.5721,11.2318,11.4019,2801,0.0,0.0,0.0,0.0,0.0
1995-06-29 16:00:00-04:00,0.0,11.5721,11.2318,11.2318,7001,0.0,0.0,0.0,0.0,0.0
1995-06-30 16:00:00-04:00,0.0,11.5721,11.2318,11.5721,12400,0.0,0.0,0.0,0.0,0.0
1995-07-03 16:00:00-04:00,0.0,11.4019,11.2318,11.4019,1998,0.0,0.0,0.0,0.0,0.0
1995-07-05 16:00:00-04:00,0.0,11.4446,11.4019,11.4019,8099,0.0,0.0,0.0,0.0,0.0
1995-07-06 16:00:00-04:00,0.0,11.5721,11.5721,11.5721,200,0.0,0.0,0.0,0.0,0.0
1995-07-07 16:00:00-04:00,0.0,11.6572,11.2318,11.2318,8701,0.0,0.0,0.0,0.0,0.0
1995-07-10 16:00:00-04:00,0.0,11.7423,11.4019,11.7423,4102,0.0,0.0,0.0,0.0,0.0
1995-07-11 16:00:00-04:00,0.0,11.6572,11.2318,11.487,11299,0.0,0.0,0.0,0.0,0.0
1995-07-12 16:00:00-04:00,0.0,11.3169,11.3169,11.3169,400,0.0,0.0,0.0,0.0,0.0
1995-07-13 16:00:00-04:00,0.0,0.0,0.0,11.3169,0,0.0,0.0,0.0,0.0,0.0
1995-07-14 16:00:00-04:00,0.0,11.7423,11.7423,11.7423,701,0.0,0.0,0.0,0.0,0.0
1995-07-17 16:00:00-04:00,0.0,11.7423,11.6998,11.6998,1700,0.0,0.0,0.0,0.0,0.0
1995-07-18 16:00:00-04:00,0.0,11.7423,11.5721,11.5721,8099,0.0,0.0,0.0,0.0,0.0
1995-07-19 16:00:00-04:00,0.0,11.6998,11.4019,11.4019,3699,0.0,0.0,0.0,0.0,0.0
1995-07-20 16:00:00-04:00,0.0,0.0,0.0,11.4019,0,0.0,0.0,0.0,0.0,0.0
1995-07-21 16:00:00-04:00,0.0,11.7423,11.4019,11.7423,2801,0.0,0.0,0.0,0.0,0.0
1995-07-24 16:00:00-04:00,0.0,11.7423,11.4019,11.7423,9999,0.0,0.0,0.0,0.0,0.0
1995-07-25 16:00:00-04:00,0.0,11.7423,11.4019,11.7423,4799,0.0,0.0,0.0,0.0,0.0
1995-07-26 16:00:00-04:00,0.0,12.0827,11.7423,11.7423,18700,0.0,0.0,0.0,0.0,0.0
1995-07-27 16:00:00-04:00,0.0,11.7423,11.7423,11.7423,3499,0.0,0.0,0.0,0.0,0.0
1995-07-28 16:00:00-04:00,0.0,12.0827,11.7423,12.0827,5900,0.0,0.0,0.0,0.0,0.0
1995-07-31 16:00:00-04:00,0.0,0.0,0.0,12.0827,0,0.0,0.0,0.0,0.0,0.0
1995-08-01 16:00:00-04:00,0.0,12.0827,11.7423,12.0827,6801,0.0,0.0,0.0,0.0,0.0
1995-08-02 16:00:00-04:00,0.0,11.9977,11.7423,11.955,7800,0.0,0.0,0.0,0.0,0.0
1995-08-03 16:00:00-04:00,0.0,12.0827,11.7423,11.9977,41501,0.0,0.0,0.0,0.0,0.0
1995-08-04 16:00:00-04:00,0.0,12.0827,12.0401,12.0401,701,0.0,0.0,0.0,0.0,0.0
1995-08-07 16:00:00-04:00,0.0,12.0827,11.7423,11.7423,5700,0.0,0.0,0.0,0.0,0.0
1995-08-08 16:00:00-04:00,0.0,11.9977,11.7848,11.9977,20200,0.0,0.0,0.0,0.0,0.0
1995-08-09 16:00:00-04:00,0.0,11.9125,11.7423,11.9125,24498,0.0,0.0,0.0,0.0,0.0
1995-08-10 16:00:00-04:00,0.0,11.8275,11.8275,11.8275,400,0.0,0.0,0.0,0.0,0.0
1995-08-11 16:00:00-04:00,0.0,0.0,0.0,11.8275,0,0.0,0.0,0.0,0.0,0.0
1995-08-14 16:00:00-04:00,0.0,11.7423,11.2318,11.7423,32400,0.0,0.0,0.0,0.0,0.0
1995-08-15 16:00:00-04:00,0.0,11.7423,11.4019,11.4019,8901,0.0,0.0,0.0,0.0,0.0
1995-08-16 16:00:00-04:00,0.0,11.9125,11.5721,11.9125,3699,0.0,0.0,0.0,0.0,0.0
1995-08-17 16:00:00-04:00,0.0,11.4019,11.4019,11.4019,701,0.0,0.0,0.0,0.0,0.0
1995-08-18 16:00:00-04:00,0.0,11.7423,11.4019,11.7423,10500,0.0,0.0,0.0,0.0,0.0
1995-08-21 16:00:00-04:00,0.0,11.6572,11.4019,11.6572,11299,0.0,0.0,0.0,0.0,0.0
1995-08-22 16:00:00-04:00,0.0,11.6572,11.3169,11.3169,9501,0.0,0.0,0.0,0.0,0.0
1995-08-23 16:00:00-04:00,0.0,0.0,0.0,11.3169,0,0.0,0.0,0.0,0.0,0.0
1995-08-24 16:00:00-04:00,0.0,11.6572,11.3169,11.6572,4999,0.0,0.0,0.0,0.0,0.0
1995-08-25 16:00:00-04:00,0.0,11.6572,11.6572,11.6572,200,0.0,0.0,0.0,0.0,0.0
1995-08-28 16:00:00-04:00,0.0,11.6572,11.3169,11.6572,2201,0.0,0.0,0.0,0.0,0.0
1995-08-29 16:00:00-04:00,0.0,11.7423,11.4019,11.7423,14401,0.0,0.0,0.0,0.0,0.0
1995-08-30 16:00:00-04:00,0.0,11.7423,11.5721,11.5721,901,0.0,0.0,0.0,0.0,0.0
1995-08-31 16:00:00-04:00,0.0,11.5297,11.5297,11.5297,200,0.0,0.0,0.0,0.0,0.0
1995-09-01 16:00:00-04:00,0.0,11.487,11.487,11.487,2401,0.0,0.0,0.0,0.0,0.0
1995-09-05 16:00:00-04:00,0.0,11.7423,11.487,11.487,400,0.0,0.0,0.0,0.0,0.0
1995-09-06 16:00:00-04:00,0.0,0.0,0.0,11.487,0,0.0,0.0,0.0,0.0,0.0
1995-09-07 16:00:00-04:00,0.0,11.7423,11.4019,11.5721,8099,0.0,0.0,0.0,0.0,0.0
1995-09-08 16:00:00-04:00,0.0,11.7423,11.7423,11.7423,400,0.0,0.0,0.0,0.0,0.0
1995-09-11 16:00:00-04:00,0.0,0.0,0.0,11.7423,0,0.0,0.0,0.0,0.0,0.0
1995-09-12 16:00:00-04:00,0.0,0.0,0.0,11.7423,0,0.0,0.0,0.0,0.0,0.0
1995-09-13 16:00:00-04:00,0.0,11.7423,11.487,11.487,23499,0.0,0.0,0.0,0.0,0.0
1995-09-14 16:00:00-04:00,0.0,11.7423,11.4019,11.5297,11699,0.0,0.0,0.0,0.0,0.0
1995-09-15 16:00:00-04:00,0.0,11.7423,11.4019,11.7423,20901,0.0,0.0,0.0,0.0,0.0
1995-09-18 16:00:00-04:00,0.0,11.7423,11.4446,11.7423,23100,0.0,0.0,0.0,0.0,0.0
1995-09-19 16:00:00-04:00,0.0,11.7423,11.5721,11.7423,901,0.0,0.0,0.0,0.0,0.0
1995-09-20 16:00:00-04:00,0.0,11.7423,11.5721,11.7423,28200,0.0,0.0,0.0,0.0,0.0
1995-09-21 16:00:00-04:00,0.0,11.7423,11.4019,11.7423,37999,0.0,0.0,0.0,0.0,0.0
1995-09-22 16:00:00-04:00,0.0,11.6998,11.5721,11.6572,209301,0.0,0.0,0.0,0.0,0.0
1995-09-25 16:00:00-04:00,0.0,11.4019,11.4019,11.4019,1700,0.0,0.0,0.0,0.0,0.0
1995-09-26 16:00:00-04:00,0.0,11.487,11.4019,11.487,701,0.0,0.0,0.0,0.0,0.0
1995-09-27 16:00:00-04:00,0.0,11.5721,11.487,11.5721,4102,0.0,0.0,0.0,0.0,0.0
1995-09-28 16:00:00-04:00,0.0,11.487,11.487,11.487,1998,0.0,0.0,0.0,0.0,0.0
1995-09-29 16:00:00-04:00,0.0,11.7423,11.4019,11.7423,15001,0.0,0.0,0.0,0.0,0.0
1995-10-02 16:00:00-04:00,0.0,0.0,0.0,11.7423,0,0.0,0.0,0.0,0.0,0.0
1995-10-03 16:00:00-04:00,0.0,11.7423,11.487,11.7423,400,0.0,0.0,0.0,0.0,0.0
1995-10-04 16:00:00-04:00,0.0,11.487,11.4019,11.487,4600,0.0,0.0,0.0,0.0,0.0
1995-10-05 16:00:00-04:00,0.0,11.7423,11.4019,11.7423,7001,0.0,0.0,0.0,0.0,0.0
1995-10-06 16:00:00-04:00,0.0,11.7423,11.4019,11.5297,9700,0.0,0.0,0.0,0.0,0.0
1995-10-09 16:00:00-04:00,0.0,11.7423,11.487,11.5084,5900,0.0,0.0,0.0,0.0,0.0
1995-10-10 16:00:00-04:00,0.0,11.6572,11.4019,11.4019,3499,0.0,0.0,0.0,0.0,0.0
1995-10-11 16:00:00-04:00,0.0,11.5297,11.5297,11.5297,1998,0.0,0.0,0.0,0.0,0.0
1995-10-12 16:00:00-04:00,0.0,11.487,11.4019,11.487,3499,0.0,0.0,0.0,0.0,0.0
1995-10-13 16:00:00-04:00,0.0,11.7423,11.7423,11.7423,400,0.0,0.0,0.0,0.0,0.0
1995-10-16 16:00:00-04:00,0.0,11.7423,11.7423,11.7423,1700,0.0,0.0,0.0,0.0,0.0
1995-10-17 16:00:00-04:00,0.0,11.7423,11.4019,11.7423,12400,0.0,0.0,0.0,0.0,0.0
1995-10-18 16:00:00-04:00,0.0,11.7423,11.4019,11.4019,1700,0.0,0.0,0.0,0.0,0.0
1995-10-19 16:00:00-04:00,0.0,11.6998,11.4019,11.6998,4600,0.0,0.0,0.0,0.0,0.0
1995-10-20 16:00:00-04:00,0.0,11.8275,11.4019,11.8275,6300,0.0,0.0,0.0,0.0,0.0
1995-10-23 16:00:00-04:00,0.0,0.0,0.0,11.8275,0,0.0,0.0,0.0,0.0,0.0
1995-10-24 16:00:00-04:00,0.0,0.0,0.0,11.8275,0,0.0,0.0,0.0,0.0,0.0
1995-10-25 16:00:00-04:00,0.0,11.8275,11.4019,11.4019,2401,0.0,0.0,0.0,0.0,0.0
1995-10-26 16:00:00-04:00,0.0,11.8275,11.4019,11.4019,16800,0.0,0.0,0.0,0.0,0.0
1995-10-27 16:00:00-04:00,0.0,11.4019,11.4019,11.4019,400,0.0,0.0,0.0,0.0,0.0
1995-10-30 16:00:00-05:00,0.0,11.6572,11.4019,11.4019,6300,0.0,0.0,0.0,0.0,0.0
1995-10-31 16:00:00-05:00,0.0,11.4446,11.4019,11.4019,39300,0.0,0.0,0.0,0.0,0.0
1995-11-01 16:00:00-05:00,0.0,11.6572,11.4019,11.6572,27100,0.0,0.0,0.0,0.0,0.0
1995-11-02 16:00:00-05:00,0.0,11.4019,11.4019,11.4019,1998,0.0,0.0,0.0,0.0,0.0
1995-11-03 16:00:00-05:00,0.0,11.6572,11.4019,11.4019,5700,0.0,0.0,0.0,0.0,0.0
1995-11-06 16:00:00-05:00,0.0,11.6572,11.487,11.6572,6801,0.0,0.0,0.0,0.0,0.0
1995-11-07 16:00:00-05:00,0.0,11.6572,11.487,11.487,5900,0.0,0.0,0.0,0.0,0.0
1995-11-08 16:00:00-05:00,0.0,11.6572,11.4019,11.6572,19401,0.0,0.0,0.0,0.0,0.0
1995-11-09 16:00:00-05:00,0.0,11.6572,11.6572,11.6572,2201,0.0,0.0,0.0,0.0,0.0
1995-11-10 16:00:00-05:00,0.0,11.6572,11.6572,11.6572,701,0.0,0.0,0.0,0.0,0.0
1995-11-13 16:00:00-05:00,0.0,0.0,0.0,11.6572,0,0.0,0.0,0.0,0.0,0.0
1995-11-14 16:00:00-05:00,0.0,0.0,0.0,11.6572,0,0.0,0.0,0.0,0.0,0.0
1995-11-15 16:00:00-05:00,0.0,11.6572,11.5721,11.5721,5900,0.0,0.0,0.0,0.0,0.0
1995-11-16 16:00:00-05:00,0.0,0.0,0.0,11.5721,0,0.0,0.0,0.0,0.0,0.0
1995-11-17 16:00:00-05:00,0.0,0.0,0.0,11.5721,0,0.0,0.0,0.0,0.0,0.0
1995-11-20 16:00:00-05:00,0.0,11.6572,11.2318,11.6572,2401,0.0,0.0,0.0,0.0,0.0
1995-11-21 16:00:00-05:00,0.0,11.5721,11.2318,11.5721,4799,0.0,0.0,0.0,0.0,0.0
1995-11-22 16:00:00-05:00,0.0,11.6572,11.2318,11.3169,22801,0.0,0.0,0.0,0.0,0.0
1995-11-24 16:00:00-05:00,0.0,11.5297,11.4446,11.4446,7800,0.0,0.0,0.0,0.0,0.0
1995-11-27 16:00:00-05:00,0.0,11.4019,11.3169,11.4019,3699,0.0,0.0,0.0,0.0,0.0
1995-11-28 16:00:00-05:00,0.0,11.7423,11.4019,11.487,10500,0.0,0.0,0.0,0.0,0.0
1995-11-29 16:00:00-05:00,0.0,11.7423,11.4019,11.7423,26700,0.0,0.0,0.0,0.0,0.0
1995-11-30 16:00:00-05:00,0.0,11.8275,11.4019,11.8275,20400,0.0,0.0,0.0,0.0,0.0
1995-12-01 16:00:00-05:00,0.0,11.6572,11.4019,11.4019,15800,0.0,0.0,0.0,0.0,0.0
1995-12-04 16:00:00-05:00,0.0,11.9125,11.5721,11.6147,11699,0.0,0.0,0.0,0.0,0.0
1995-12-05 16:00:00-05:00,0.0,11.9125,11.4446,11.9125,16800,0.0,0.0,0.0,0.0,0.0
1995-12-06 16:00:00-05:00,0.0,11.487,11.487,11.487,1700,0.0,0.0,0.0,0.0,0.0
1995-12-07 16:00:00-05:00,0.0,11.6572,11.487,11.6147,20200,0.0,0.0,0.0,0.0,0.0
1995-12-08 16:00:00-05:00,0.0,11.487,11.487,11.487,701,0.0,0.0,0.0,0.0,0.0
1995-12-11 16:00:00-05:00,0.0,11.7848,11.487,11.487,4600,0.0,0.0,0.0,0.0,0.0
1995-12-12 16:00:00-05:00,0.0,0.0,0.0,11.487,0,0.0,0.0,0.0,0.0,0.0
1995-12-13 16:00:00-05:00,0.0,11.6572,11.487,11.6572,4600,0.0,0.0,0.0,0.0,0.0
1995-12-14 16:00:00-05:00,0.0,11.8275,11.487,11.8275,9700,0.0,0.0,0.0,0.0,0.0
1995-12-15 16:00:00-05:00,0.0,11.8275,11.487,11.8275,9700,0.0,0.0,0.0,0.0,0.0
1995-12-18 16:00:00-05:00,0.0,11.8275,11.5721,11.5721,32001,0.0,0.0,0.0,0.0,0.0
1995-12-19 16:00:00-05:00,0.0,11.9125,11.5721,11.7423,16200,0.0,0.0,0.0,0.0,0.0
1995-12-20 16:00:00-05:00,0.0,11.9125,11.5721,11.9125,27100,0.0,0.0,0.0,0.0,0.0
1995-12-21 16:00:00-05:00,0.0,11.9125,11.5721,11.8699,32400,0.0,0.0,0.0,0.0,0.0
1995-12-22 16:00:00-05:00,0.0,11.8699,11.6572,11.7423,13799,0.0,0.0,0.0,0.0,0.0
1995-12-26 16:00:00-05:00,0.0,11.9125,11.6572,11.9125,122800,0.0,0.0,0.0,0.0,0.0
1995-12-27 16:00:00-05:00,0.0,11.9977,11.5721,11.9977,2201,0.0,0.0,0.0,0.0,0.0
1995-12-28 16:00:00-05:00,0.0,11.955,11.5721,11.955,8701,0.0,0.0,0.0,0.0,0.0
1995-12-29 16:00:00-05:00,0.0,11.9977,11.5721,11.9977,9501,0.0,0.0,0.0,0.0,0.0
1996-01-02 16:00:00-05:00,0.0,12.0827,11.5721,12.0827,33999,0.0,0.0,0.0,0.0,0.0
1996-01-03 16:00:00-05:00,0.0,11.9977,11.5721,11.9977,7800,0.0,0.0,0.0,0.0,0.0
1996-01-04 16:00:00-05:00,0.0,11.9125,11.7848,11.7848,5700,0.0,0.0,0.0,0.0,0.0
1996-01-05 16:00:00-05:00,0.0,11.9977,11.5721,11.9977,12600,0.0,0.0,0.0,0.0,0.0
1996-01-08 16:00:00-05:00,0.0,0.0,0.0,11.9977,0,0.0,0.0,0.0,0.0,0.0
1996-01-09 16:00:00-05:00,0.0,11.9977,11.5721,11.7423,13799,0.0,0.0,0.0,0.0,0.0
1996-01-10 16:00:00-05:00,0.0,11.487,11.487,11.487,200,0.0,0.0,0.0,0.0,0.0
1996-01-11 16:00:00-05:00,0.0,11.8275,11.5721,11.5721,4102,0.0,0.0,0.0,0.0,0.0
1996-01-12 16:00:00-05:00,0.0,11.8275,11.8275,11.8275,1700,0.0,0.0,0.0,0.0,0.0
1996-01-15 16:00:00-05:00,0.0,0.0,0.0,11.8275,0,0.0,0.0,0.0,0.0,0.0
1996-01-16 16:00:00-05:00,0.0,11.8275,11.5721,11.8275,6100,0.0,0.0,0.0,0.0,0.0
1996-01-17 16:00:00-05:00,0.0,11.9125,11.5721,11.9125,5301,0.0,0.0,0.0,0.0,0.0
1996-01-18 16:00:00-05:00,0.0,11.9125,11.5721,11.9125,12400,0.0,0.0,0.0,0.0,0.0
1996-01-19 16:00:00-05:00,0.0,11.9125,11.5721,11.9125,1700,0.0,0.0,0.0,0.0,0.0
1996-01-22 16:00:00-05:00,0.0,11.8275,11.7423,11.8275,6801,0.0,0.0,0.0,0.0,0.0
1996-01-23 16:00:00-05:00,0.0,11.5721,11.5721,11.5721,1700,0.0,0.0,0.0,0.0,0.0
1996-01-24 16:00:00-05:00,0.0,11.8275,11.5721,11.8275,4102,0.0,0.0,0.0,0.0,0.0
1996-01-25 16:00:00-05:00,0.0,0.0,0.0,11.8275,0,0.0,0.0,0.0,0.0,0.0
1996-01-26 16:00:00-05:00,0.0,11.9125,11.9125,11.9125,1700,0.0,0.0,0.0,0.0,0.0
1996-01-29 16:00:00-05:00,0.0,11.7423,11.7423,11.7423,7800,0.0,0.0,0.0,0.0,0.0
1996-01-30 16:00:00-05:00,0.0,11.5721,11.5721,11.5721,200,0.0,0.0,0.0,0.0,0.0
1996-01-31 16:00:00-05:00,0.0,11.9125,11.5721,11.9125,9501,0.0,0.0,0.0,0.0,0.0
1996-02-01 16:00:00-05:00,0.0,11.7423,11.5721,11.7423,8701,0.0,0.0,0.0,0.0,0.0
1996-02-02 16:00:00-05:00,0.0,11.8275,11.5721,11.5721,5301,0.0,0.0,0.0,0.0,0.0
1996-02-05 16:00:00-05:00,0.0,11.6572,11.5721,11.6572,6100,0.0,0.0,0.0,0.0,0.0
1996-02-06 16:00:00-05:00,0.0,11.9125,11.5721,11.9125,701,0.0,0.0,0.0,0.0,0.0
1996-02-07 16:00:00-05:00,0.0,11.9125,11.5721,11.6572,11299,0.0,0.0,0.0,0.0,0.0
1996-02-08 16:00:00-05:00,0.0,11.9977,11.6572,11.9977,5700,0.0,0.0,0.0,0.0,0.0
1996-02-09 16:00:00-05:00,0.0,11.9977,11.6572,11.6572,8099,0.0,0.0,0.0,0.0,0.0
1996-02-12 16:00:00-05:00,0.0,11.6572,11.6572,11.6572,200,0.0,0.0,0.0,0.0,0.0
1996-02-13 16:00:00-05:00,0.0,11.9125,11.5721,11.5721,8301,0.0,0.0,0.0,0.0,0.0
1996-02-14 16:00:00-05:00,0.0,11.9125,11.5721,11.6572,17999,0.0,0.0,0.0,0.0,0.0
1996-02-15 16:00:00-05:00,0.0,11.6572,11.5721,11.5721,9700,0.0,0.0,0.0,0.0,0.0
1996-02-16 16:00:00-05:00,0.0,11.6572,11.5721,11.5721,33999,0.0,0.0,0.0,0.0,0.0
1996-02-20 16:00:00-05:00,0.0,11.6147,11.5721,11.6147,9700,0.0,0.0,0.0,0.0,0.0
1996-02-21 16:00:00-05:00,0.0,11.7423,11.7423,11.7423,200,0.0,0.0,0.0,0.0,0.0
1996-02-22 16:00:00-05:00,0.0,11.5721,11.5721,11.5721,3201,0.0,0.0,0.0,0.0,0.0
1996-02-23 16:00:00-05:00,0.0,11.9125,11.5721,11.5721,6801,0.0,0.0,0.0,0.0,0.0
1996-02-26 16:00:00-05:00,0.0,0.0,0.0,11.5721,0,0.0,0.0,0.0,0.0,0.0
1996-02-27 16:00:00-05:00,0.0,11.5721,11.5721,11.5721,2801,0.0,0.0,0.0,0.0,0.0
1996-02-28 16:00:00-05:00,0.0,11.7848,11.5721,11.6572,20200,0.0,0.0,0.0,0.0,0.0
1996-02-29 16:00:00-05:00,0.0,11.9977,11.5721,11.9977,5700,0.0,0.0,0.0,0.0,0.0
1996-03-01 16:00:00-05:00,0.0,11.6572,11.5721,11.5721,12901,0.0,0.0,0.0,0.0,0.0
1996-03-04 16:00:00-05:00,0.0,11.9977,11.5721,11.9977,2201,0.0,0.0,0.0,0.0,0.0
1996-03-05 16:00:00-05:00,0.0,11.9977,11.5721,11.9977,10899,0.0,0.0,0.0,0.0,0.0
1996-03-06 16:00:00-05:00,0.0,11.9977,11.5721,11.9977,7001,0.0,0.0,0.0,0.0,0.0
1996-03-07 16:00:00-05:00,0.0,11.9125,11.6998,11.7423,6100,0.0,0.0,0.0,0.0,0.0
1996-03-08 16:00:00-05:00,0.0,11.5721,11.5721,11.5721,701,0.0,0.0,0.0,0.0,0.0
1996-03-11 16:00:00-05:00,0.0,11.6572,11.5721,11.5721,4600,0.0,0.0,0.0,0.0,0.0
1996-03-12 16:00:00-05:00,0.0,11.9977,11.5721,11.9977,3201,0.0,0.0,0.0,0.0,0.0
1996-03-13 16:00:00-05:00,0.0,11.9977,11.5721,11.9977,4102,0.0,0.0,0.0,0.0,0.0
1996-03-14 16:00:00-05:00,0.0,11.9125,11.5721,11.9125,8501,0.0,0.0,0.0,0.0,0.0
1996-03-15 16:00:00-05:00,0.0,11.9125,11.487,11.487,13599,0.0,0.0,0.0,0.0,0.0
1996-03-18 16:00:00-05:00,0.0,11.7423,11.487,11.7423,6801,0.0,0.0,0.0,0.0,0.0
1996-03-19 16:00:00-05:00,0.0,11.7423,11.4019,11.6147,21399,0.0,0.0,0.0,0.0,0.0
1996-03-20 16:00:00-05:00,0.0,11.7423,11.4019,11.5721,11299,0.0,0.0,0.0,0.0,0.0
1996-03-21 16:00:00-05:00,0.0,11.8275,11.4019,11.6147,43300,0.0,0.0,0.0,0.0,0.0
1996-03-22 16:00:00-05:00,0.0,11.8275,11.4019,11.6147,6300,0.0,0.0,0.0,0.0,0.0
1996-03-25 16:00:00-05:00,0.0,11.8275,11.4019,11.8275,901,0.0,0.0,0.0,0.0,0.0
1996-03-26 16:00:00-05:00,0.0,11.5721,11.4019,11.487,5700,0.0,0.0,0.0,0.0,0.0
1996-03-27 16:00:00-05:00,0.0,11.4446,11.4446,11.4446,7800,0.0,0.0,0.0,0.0,0.0
1996-03-28 16:00:00-05:00,0.0,11.4019,11.4019,11.4019,2401,0.0,0.0,0.0,0.0,0.0
1996-03-29 16:00:00-05:00,0.0,11.9125,11.4019,11.9125,17399,0.0,0.0,0.0,0.0,0.0
1996-04-01 16:00:00-05:00,0.0,11.9125,11.5721,11.6572,14100,0.0,0.0,0.0,0.0,0.0
1996-04-02 16:00:00-05:00,0.0,11.9125,11.5721,11.5721,10899,0.0,0.0,0.0,0.0,0.0
1996-04-03 16:00:00-05:00,0.0,0.0,0.0,11.5721,0,0.0,0.0,0.0,0.0,0.0
1996-04-04 16:00:00-05:00,0.0,11.8275,11.5721,11.8275,8901,0.0,0.0,0.0,0.0,0.0
1996-04-08 16:00:00-04:00,0.0,11.8275,11.5721,11.5721,23499,0.0,0.0,0.0,0.0,0.0
1996-04-09 16:00:00-04:00,0.0,11.8275,11.3169,11.4019,2601,0.0,0.0,0.0,0.0,0.0
1996-04-10 16:00:00-04:00,0.0,11.8275,11.4019,11.4019,1998,0.0,0.0,0.0,0.0,0.0
1996-04-11 16:00:00-04:00,0.0,11.7423,11.4019,11.7423,2801,0.0,0.0,0.0,0.0,0.0
1996-04-12 16:00:00-04:00,0.0,11.487,11.4019,11.4019,16600,0.0,0.0,0.0,0.0,0.0
1996-04-15 16:00:00-04:00,0.0,11.5721,11.3169,11.3169,10500,0.0,0.0,0.0,0.0,0.0
1996-04-16 16:00:00-04:00,0.0,11.487,11.3169,11.3169,16800,0.0,0.0,0.0,0.0,0.0
1996-04-17 16:00:00-04:00,0.0,11.4446,11.3169,11.4446,8099,0.0,0.0,0.0,0.0,0.0
1996-04-18 16:00:00-04:00,0.0,11.487,11.3169,11.487,13599,0.0,0.0,0.0,0.0,0.0
1996-04-19 16:00:00-04:00,0.0,11.487,11.3169,11.3169,8501,0.0,0.0,0.0,0.0,0.0
1996-04-22 16:00:00-04:00,0.0,11.487,11.3169,11.3169,14100,0.0,0.0,0.0,0.0,0.0
1996-04-23 16:00:00-04:00,0.0,11.487,11.3169,11.4019,19601,0.0,0.0,0.0,0.0,0.0
1996-04-24 16:00:00-04:00,0.0,11.487,11.3169,11.487,9700,0.0,0.0,0.0,0.0,0.0
1996-04-25 16:00:00-04:00,0.0,11.3169,11.2318,11.2318,4102,0.0,0.0,0.0,0.0,0.0
1996-04-26 16:00:00-04:00,0.0,11.2318,11.1467,11.1467,4600,0.0,0.0,0.0,0.0,0.0
1996-04-29 16:00:00-04:00,0.0,11.4019,10.9766,11.1041,22300,0.0,0.0,0.0,0.0,0.0
1996-04-30 16:00:00-04:00,0.0,11.3595,11.0617,11.1467,12600,0.0,0.0,0.0,0.0,0.0
1996-05-01 16:00:00-04:00,0.0,11.2318,10.9766,11.2318,12901,0.0,0.0,0.0,0.0,0.0
1996-05-02 16:00:00-04:00,0.0,11.1892,10.9766,10.9766,6100,0.0,0.0,0.0,0.0,0.0
1996-05-03 16:00:00-04:00,0.0,11.1892,10.9766,10.9766,3499,0.0,0.0,0.0,0.0,0.0
1996-05-06 16:00:00-04:00,0.0,11.1892,10.9766,11.1892,10899,0.0,0.0,0.0,0.0,0.0
1996-05-07 16:00:00-04:00,0.0,10.9766,10.9766,10.9766,1998,0.0,0.0,0.0,0.0,0.0
1996-05-08 16:00:00-04:00,0.0,11.2318,10.8915,11.1467,9501,0.0,0.0,0.0,0.0,0.0
1996-05-09 16:00:00-04:00,0.0,11.0191,10.8915,11.0191,8701,0.0,0.0,0.0,0.0,0.0
1996-05-10 16:00:00-04:00,0.0,11.1467,10.8915,10.9766,39801,0.0,0.0,0.0,0.0,0.0
1996-05-13 16:00:00-04:00,0.0,11.1467,10.8064,11.1467,1998,0.0,0.0,0.0,0.0,0.0
1996-05-14 16:00:00-04:00,0.0,11.1467,10.8064,10.8064,18398,0.0,0.0,0.0,0.0,0.0
1996-05-15 16:00:00-04:00,0.0,11.1041,10.8064,10.9766,28400,0.0,0.0,0.0,0.0,0.0
1996-05-16 16:00:00-04:00,0.0,11.1467,11.0617,11.1041,6801,0.0,0.0,0.0,0.0,0.0
1996-05-17 16:00:00-04:00,0.0,11.1467,11.0617,11.0617,3201,0.0,0.0,0.0,0.0,0.0
1996-05-20 16:00:00-04:00,0.0,11.1467,10.8064,11.1467,3499,0.0,0.0,0.0,0.0,0.0
1996-05-21 16:00:00-04:00,0.0,11.1467,10.8064,10.8064,2601,0.0,0.0,0.0,0.0,0.0
1996-05-22 16:00:00-04:00,0.0,11.0617,10.8064,10.9766,7800,0.0,0.0,0.0,0.0,0.0
1996-05-23 16:00:00-04:00,0.0,11.1467,10.8064,10.8064,11099,0.0,0.0,0.0,0.0,0.0
1996-05-24 16:00:00-04:00,0.0,11.0617,10.8064,10.8064,12200,0.0,0.0,0.0,0.0,0.0
1996-05-28 16:00:00-04:00,0.0,11.2318,10.8064,10.8915,20901,0.0,0.0,0.0,0.0,0.0
1996-05-29 16:00:00-04:00,0.0,11.2318,10.8064,11.0617,4600,0.0,0.0,0.0,0.0,0.0
1996-05-30 16:00:00-04:00,0.0,10.8915,10.7213,10.8915,901,0.0,0.0,0.0,0.0,0.0
1996-05-31 16:00:00-04:00,0.0,11.1467,10.8064,11.1467,6100,0.0,0.0,0.0,0.0,0.0
1996-06-03 16:00:00-04:00,0.0,11.2318,10.8064,11.2318,16200,0.0,0.0,0.0,0.0,0.0
1996-06-04 16:00:00-04:00,0.0,11.2318,10.8064,11.2318,8501,0.0,0.0,0.0,0.0,0.0
1996-06-05 16:00:00-04:00,0.0,11.2318,10.8064,11.1467,6300,0.0,0.0,0.0,0.0,0.0
1996-06-06 16:00:00-04:00,0.0,11.2318,10.8915,11.2318,15299,0.0,0.0,0.0,0.0,0.0
1996-06-07 16:00:00-04:00,0.0,11.2318,10.8915,11.1467,9700,0.0,0.0,0.0,0.0,0.0
1996-06-10 16:00:00-04:00,0.0,11.2318,10.8915,11.1467,20400,0.0,0.0,0.0,0.0,0.0
1996-06-11 16:00:00-04:00,0.0,11.2318,10.8915,10.9766,17999,0.0,0.0,0.0,0.0,0.0
1996-06-12 16:00:00-04:00,0.0,11.2318,10.8915,10.8915,7499,0.0,0.0,0.0,0.0,0.0
1996-06-13 16:00:00-04:00,0.0,11.2318,11.1467,11.1467,3499,0.0,0.0,0.0,0.0,0.0
1996-06-14 16:00:00-04:00,0.0,11.2318,11.1467,11.2318,3201,0.0,0.0,0.0,0.0,0.0
1996-06-17 16:00:00-04:00,0.0,11.2318,10.8915,10.8915,8099,0.0,0.0,0.0,0.0,0.0
1996-06-18 16:00:00-04:00,0.0,11.2318,10.8915,10.8915,10700,0.0,0.0,0.0,0.0,0.0
1996-06-19 16:00:00-04:00,0.0,11.2318,11.0617,11.0617,8301,0.0,0.0,0.0,0.0,0.0
1996-06-20 16:00:00-04:00,0.0,11.2318,11.0617,11.2318,17799,0.0,0.0,0.0,0.0,0.0
1996-06-21 16:00:00-04:00,0.0,11.4019,10.9766,10.9766,14100,0.0,0.0,0.0,0.0,0.0
1996-06-24 16:00:00-04:00,0.0,11.4019,10.9766,11.2318,13799,0.0,0.0,0.0,0.0,0.0
1996-06-25 16:00:00-04:00,0.0,11.4019,10.9766,10.9766,4799,0.0,0.0,0.0,0.0,0.0
1996-06-26 16:00:00-04:00,0.0,11.4019,10.9766,10.9766,11299,0.0,0.0,0.0,0.0,0.0
1996-06-27 16:00:00-04:00,0.0,11.1467,10.9766,10.9766,27499,0.0,0.0,0.0,0.0,0.0
1996-06-28 16:00:00-04:00,0.0,11.4019,10.8915,10.9766,60899,0.0,0.0,0.0,0.0,0.0
1996-07-01 16:00:00-04:00,0.0,11.3169,10.8915,10.8915,19601,0.0,0.0,0.0,0.0,0.0
1996-07-02 16:00:00-04:00,0.0,11.2318,10.8915,10.8915,14100,0.0,0.0,0.0,0.0,0.0
1996-07-03 16:00:00-04:00,0.0,11.2318,10.934,11.2318,10899,0.0,0.0,0.0,0.0,0.0
1996-07-05 16:00:00-04:00,0.0,0.0,0.0,11.2318,0,0.0,0.0,0.0,0.0,0.0
1996-07-08 16:00:00-04:00,0.0,11.2318,11.1467,11.1467,4600,0.0,0.0,0.0,0.0,0.0
1996-07-09 16:00:00-04:00,0.0,11.2318,10.8915,11.1467,8701,0.0,0.0,0.0,0.0,0.0
1996-07-10 16:00:00-04:00,0.0,11.2318,10.8915,11.0617,18199,0.0,0.0,0.0,0.0,0.0
1996-07-11 16:00:00-04:00,0.0,11.1467,10.8915,11.1041,58700,0.0,0.0,0.0,0.0,0.0
1996-07-12 16:00:00-04:00,0.0,10.8915,10.8915,10.8915,200,0.0,0.0,0.0,0.0,0.0
1996-07-15 16:00:00-04:00,0.0,11.1041,10.8915,10.8915,20901,0.0,0.0,0.0,0.0,0.0
1996-07-16 16:00:00-04:00,0.0,11.2318,10.8915,11.2318,7499,0.0,0.0,0.0,0.0,0.0
1996-07-17 16:00:00-04:00,0.0,11.2318,10.8915,11.1041,12600,0.0,0.0,0.0,0.0,0.0
1996-07-18 16:00:00-04:00,0.0,11.2318,10.8915,10.8915,5301,0.0,0.0,0.0,0.0,0.0
1996-07-19 16:00:00-04:00,0.0,11.2318,11.0617,11.0617,901,0.0,0.0,0.0,0.0,0.0
1996-07-22 16:00:00-04:00,0.0,11.2318,10.8915,10.8915,8099,0.0,0.0,0.0,0.0,0.0
1996-07-23 16:00:00-04:00,0.0,11.2318,11.0617,11.2318,6300,0.0,0.0,0.0,0.0,0.0
1996-07-24 16:00:00-04:00,0.0,11.1467,10.8915,10.8915,17799,0.0,0.0,0.0,0.0,0.0
1996-07-25 16:00:00-04:00,0.0,11.2318,10.8915,11.0617,10899,0.0,0.0,0.0,0.0,0.0
1996-07-26 16:00:00-04:00,0.0,11.2318,10.8915,10.8915,2201,0.0,0.0,0.0,0.0,0.0
1996-07-29 16:00:00-04:00,0.0,10.8915,10.8915,10.8915,400,0.0,0.0,0.0,0.0,0.0
1996-07-30 16:00:00-04:00,0.0,11.2318,10.8915,11.2318,20200,0.0,0.0,0.0,0.0,0.0
1996-07-31 16:00:00-04:00,0.0,11.2318,11.1467,11.2318,7499,0.0,0.0,0.0,0.0,0.0
1996-08-01 16:00:00-04:00,0.0,11.2318,10.8915,11.2318,43001,0.0,0.0,0.0,0.0,0.0
1996-08-02 16:00:00-04:00,0.0,11.2318,10.8915,11.0617,19401,0.0,0.0,0.0,0.0,0.0
1996-08-05 16:00:00-04:00,0.0,11.2318,10.8915,11.2318,6100,0.0,0.0,0.0,0.0,0.0
1996-08-06 16:00:00-04:00,0.0,11.3169,11.2318,11.3169,6100,0.0,0.0,0.0,0.0,0.0
1996-08-07 16:00:00-04:00,0.0,11.4019,11.0617,11.1041,17000,0.0,0.0,0.0,0.0,0.0
1996-08-08 16:00:00-04:00,0.0,11.4019,11.4019,11.4019,7499,0.0,0.0,0.0,0.0,0.0
1996-08-09 16:00:00-04:00,0.0,11.4019,11.0617,11.1467,21101,0.0,0.0,0.0,0.0,0.0
1996-08-12 16:00:00-04:00,0.0,11.2318,11.0617,11.2318,901,0.0,0.0,0.0,0.0,0.0
1996-08-13 16:00:00-04:00,0.0,11.4019,11.0617,11.2318,5900,0.0,0.0,0.0,0.0,0.0
1996-08-14 16:00:00-04:00,0.0,11.4019,11.2318,11.3595,12400,0.0,0.0,0.0,0.0,0.0
1996-08-15 16:00:00-04:00,0.0,11.4019,11.4019,11.4019,2801,0.0,0.0,0.0,0.0,0.0
1996-08-16 16:00:00-04:00,0.0,11.4019,11.0617,11.2318,701,0.0,0.0,0.0,0.0,0.0
1996-08-19 16:00:00-04:00,0.0,11.4019,11.0617,11.4019,2401,0.0,0.0,0.0,0.0,0.0
1996-08-20 16:00:00-04:00,0.0,11.4019,11.4019,11.4019,701,0.0,0.0,0.0,0.0,0.0
1996-08-21 16:00:00-04:00,0.0,11.6572,11.0617,11.4019,37400,0.0,0.0,0.0,0.0,0.0
1996-08-22 16:00:00-04:00,0.0,11.7423,11.3169,11.4019,26700,0.0,0.0,0.0,0.0,0.0
1996-08-23 16:00:00-04:00,0.0,11.5721,11.3169,11.3169,10500,0.0,0.0,0.0,0.0,0.0
1996-08-26 16:00:00-04:00,0.0,11.3169,11.3169,11.3169,200,0.0,0.0,0.0,0.0,0.0
1996-08-27 16:00:00-04:00,0.0,11.3169,11.3169,11.3169,200,0.0,0.0,0.0,0.0,0.0
1996-08-28 16:00:00-04:00,0.0,11.5721,11.4019,11.4019,2601,0.0,0.0,0.0,0.0,0.0
1996-08-29 16:00:00-04:00,0.0,11.3169,11.3169,11.3169,6300,0.0,0.0,0.0,0.0,0.0
1996-08-30 16:00:00-04:00,0.0,11.3595,11.2318,11.3595,4102,0.0,0.0,0.0,0.0,0.0
1996-09-03 16:00:00-04:00,0.0,11.2318,11.2318,11.2318,3201,0.0,0.0,0.0,0.0,0.0
1996-09-04 16:00:00-04:00,0.0,11.5721,11.2318,11.5721,400,0.0,0.0,0.0,0.0,0.0
1996-09-05 16:00:00-04:00,0.0,11.5721,11.2318,11.2318,400,0.0,0.0,0.0,0.0,0.0
1996-09-06 16:00:00-04:00,0.0,11.5721,11.2318,11.2318,16600,0.0,0.0,0.0,0.0,0.0
1996-09-09 16:00:00-04:00,0.0,11.3169,11.1467,11.1467,3201,0.0,0.0,0.0,0.0,0.0
1996-09-10 16:00:00-04:00,0.0,11.1467,11.0617,11.1467,7800,0.0,0.0,0.0,0.0,0.0
1996-09-11 16:00:00-04:00,0.0,11.1467,10.8915,11.1467,19401,0.0,0.0,0.0,0.0,0.0
1996-09-12 16:00:00-04:00,0.0,11.1467,10.8915,11.1467,8501,0.0,0.0,0.0,0.0,0.0
1996-09-13 16:00:00-04:00,0.0,11.4019,11.0617,11.4019,33501,0.0,0.0,0.0,0.0,0.0
1996-09-16 16:00:00-04:00,0.0,11.6572,11.2318,11.5721,5301,0.0,0.0,0.0,0.0,0.0
1996-09-17 16:00:00-04:00,0.0,11.6572,11.3169,11.3169,4999,0.0,0.0,0.0,0.0,0.0
1996-09-18 16:00:00-04:00,0.0,11.6572,11.6572,11.6572,701,0.0,0.0,0.0,0.0,0.0
1996-09-19 16:00:00-04:00,0.0,11.6572,11.4019,11.6041,31300,0.0,0.0,0.0,0.0,0.0
1996-09-20 16:00:00-04:00,0.0,11.6572,11.4019,11.487,22100,0.0,0.0,0.0,0.0,0.0
1996-09-23 16:00:00-04:00,0.0,11.6572,11.5297,11.5297,9501,0.0,0.0,0.0,0.0,0.0
1996-09-24 16:00:00-04:00,0.0,11.4019,11.4019,11.4019,2401,0.0,0.0,0.0,0.0,0.0
1996-09-25 16:00:00-04:00,0.0,11.5721,11.4019,11.5721,6100,0.0,0.0,0.0,0.0,0.0
1996-09-26 16:00:00-04:00,0.0,11.6572,11.6041,11.6572,35001,0.0,0.0,0.0,0.0,0.0
1996-09-27 16:00:00-04:00,0.0,11.6572,11.4019,11.4019,22801,0.0,0.0,0.0,0.0,0.0
1996-09-30 16:00:00-04:00,0.0,11.9125,11.5721,11.9125,41101,0.0,0.0,0.0,0.0,0.0
1996-10-01 16:00:00-04:00,0.0,11.9125,11.5721,11.6147,23100,0.0,0.0,0.0,0.0,0.0
1996-10-02 16:00:00-04:00,0.0,11.701,11.701,11.701,900,0.0,0.0,0.0,0.0,0.0
1996-10-03 16:00:00-04:00,0.0,11.701,11.5605,11.701,1501,0.0,0.0,0.0,0.0,0.0
1996-10-04 16:00:00-04:00,0.0,11.701,11.4202,11.6074,21601,0.0,0.0,0.0,0.0,0.0
1996-10-07 16:00:00-04:00,0.0,11.7946,11.6074,11.7946,29600,0.0,0.0,0.0,0.0,0.0
1996-10-08 16:00:00-04:00,0.0,11.7946,11.6074,11.6074,10700,0.0,0.0,0.0,0.0,0.0
1996-10-09 16:00:00-04:00,0.0,11.7946,11.6074,11.7946,6800,0.0,0.0,0.0,0.0,0.0
1996-10-10 16:00:00-04:00,0.0,11.7946,11.7946,11.7946,699,0.0,0.0,0.0,0.0,0.0
1996-10-11 16:00:00-04:00,0.0,11.7946,11.6074,11.6074,4399,0.0,0.0,0.0,0.0,0.0
1996-10-14 16:00:00-04:00,0.0,11.701,11.6074,11.6074,11099,0.0,0.0,0.0,0.0,0.0
1996-10-15 16:00:00-04:00,0.0,11.7946,11.7946,11.7946,201,0.0,0.0,0.0,0.0,0.0
1996-10-16 16:00:00-04:00,0.0,11.7946,11.701,11.701,2599,0.0,0.0,0.0,0.0,0.0
1996-10-17 16:00:00-04:00,0.0,11.7946,11.6074,11.7946,6999,0.0,0.0,0.0,0.0,0.0
1996-10-18 16:00:00-04:00,0.0,11.7946,11.7946,11.7946,1699,0.0,0.0,0.0,0.0,0.0
1996-10-21 16:00:00-04:00,0.0,0.0,0.0,11.7946,0,0.0,0.0,0.0,0.0,0.0
1996-10-22 16:00:00-04:00,0.0,11.7946,11.7478,11.7478,12899,0.0,0.0,0.0,0.0,0.0
1996-10-23 16:00:00-04:00,0.0,11.7946,11.701,11.701,5300,0.0,0.0,0.0,0.0,0.0
1996-10-24 16:00:00-04:00,0.0,11.7946,11.6074,11.7478,59200,0.0,0.0,0.0,0.0,0.0
1996-10-25 16:00:00-04:00,0.0,11.6542,11.6542,11.6542,201,0.0,0.0,0.0,0.0,0.0
1996-10-28 16:00:00-05:00,0.0,11.701,11.701,11.701,2001,0.0,0.0,0.0,0.0,0.0
1996-10-29 16:00:00-05:00,0.0,11.7946,11.6074,11.701,56601,0.0,0.0,0.0,0.0,0.0
1996-10-30 16:00:00-05:00,0.0,11.8882,11.6074,11.6542,40199,0.0,0.0,0.0,0.0,0.0
1996-10-31 16:00:00-05:00,0.0,11.7946,11.5138,11.6074,4399,0.0,0.0,0.0,0.0,0.0
1996-11-01 16:00:00-05:00,0.0,11.7478,11.5138,11.5138,3701,0.0,0.0,0.0,0.0,0.0
1996-11-04 16:00:00-05:00,0.0,11.7946,11.5138,11.6074,2401,0.0,0.0,0.0,0.0,0.0
1996-11-05 16:00:00-05:00,0.0,11.7946,11.5138,11.701,34500,0.0,0.0,0.0,0.0,0.0
1996-11-06 16:00:00-05:00,0.0,11.7946,11.5138,11.5605,7801,0.0,0.0,0.0,0.0,0.0
1996-11-07 16:00:00-05:00,0.0,11.6542,11.5138,11.6542,24999,0.0,0.0,0.0,0.0,0.0
1996-11-08 16:00:00-05:00,0.0,11.7946,11.5138,11.5138,6099,0.0,0.0,0.0,0.0,0.0
1996-11-11 16:00:00-05:00,0.0,11.6542,11.5138,11.6542,4799,0.0,0.0,0.0,0.0,0.0
1996-11-12 16:00:00-05:00,0.0,11.7946,11.5138,11.5605,19599,0.0,0.0,0.0,0.0,0.0
1996-11-13 16:00:00-05:00,0.0,11.701,11.467,11.701,19401,0.0,0.0,0.0,0.0,0.0
1996-11-14 16:00:00-05:00,0.0,11.701,11.6074,11.6074,10700,0.0,0.0,0.0,0.0,0.0
1996-11-15 16:00:00-05:00,0.0,11.467,11.467,11.467,8500,0.0,0.0,0.0,0.0,0.0
1996-11-18 16:00:00-05:00,0.0,11.701,11.5138,11.5138,13799,0.0,0.0,0.0,0.0,0.0
1996-11-19 16:00:00-05:00,0.0,11.701,11.4202,11.701,47799,0.0,0.0,0.0,0.0,0.0
1996-11-20 16:00:00-05:00,0.0,11.7478,11.5138,11.7478,4799,0.0,0.0,0.0,0.0,0.0
1996-11-21 16:00:00-05:00,0.0,11.7478,11.5138,11.701,27101,0.0,0.0,0.0,0.0,0.0
1996-11-22 16:00:00-05:00,0.0,11.7478,11.6074,11.6074,15001,0.0,0.0,0.0,0.0,0.0
1996-11-25 16:00:00-05:00,0.0,11.7478,11.6074,11.6074,13601,0.0,0.0,0.0,0.0,0.0
1996-11-26 16:00:00-05:00,0.0,11.701,11.6074,11.701,39299,0.0,0.0,0.0,0.0,0.0
1996-11-27 16:00:00-05:00,0.0,11.701,11.4202,11.4202,12899,0.0,0.0,0.0,0.0,0.0
1996-11-29 16:00:00-05:00,0.0,11.4202,11.4202,11.4202,1699,0.0,0.0,0.0,0.0,0.0
1996-12-02 16:00:00-05:00,0.0,11.701,11.4202,11.4202,9501,0.0,0.0,0.0,0.0,0.0
1996-12-03 16:00:00-05:00,0.0,11.701,11.4202,11.701,13601,0.0,0.0,0.0,0.0,0.0
1996-12-04 16:00:00-05:00,0.0,11.7478,11.4202,11.5138,29899,0.0,0.0,0.0,0.0,0.0
1996-12-05 16:00:00-05:00,0.0,11.7478,11.5138,11.6308,7200,0.0,0.0,0.0,0.0,0.0
1996-12-06 16:00:00-05:00,0.0,11.7478,11.5138,11.6074,9501,0.0,0.0,0.0,0.0,0.0
1996-12-09 16:00:00-05:00,0.0,11.7478,11.5138,11.701,6999,0.0,0.0,0.0,0.0,0.0
1996-12-10 16:00:00-05:00,0.0,11.7478,11.701,11.701,900,0.0,0.0,0.0,0.0,0.0
1996-12-11 16:00:00-05:00,0.0,11.7478,11.5138,11.7478,1699,0.0,0.0,0.0,0.0,0.0
1996-12-12 16:00:00-05:00,0.0,11.701,11.5138,11.5138,2801,0.0,0.0,0.0,0.0,0.0
1996-12-13 16:00:00-05:00,0.0,11.7946,11.5138,11.6074,3200,0.0,0.0,0.0,0.0,0.0
1996-12-16 16:00:00-05:00,0.0,11.5138,11.5138,11.5138,3200,0.0,0.0,0.0,0.0,0.0
1996-12-17 16:00:00-05:00,0.0,11.7478,11.5138,11.701,4799,0.0,0.0,0.0,0.0,0.0
1996-12-18 16:00:00-05:00,0.0,11.5138,11.5138,11.5138,15801,0.0,0.0,0.0,0.0,0.0
1996-12-19 16:00:00-05:00,0.0,11.7946,11.5138,11.5605,32999,0.0,0.0,0.0,0.0,0.0
1996-12-20 16:00:00-05:00,0.0,11.7946,11.5138,11.5138,26500,0.0,0.0,0.0,0.0,0.0
1996-12-23 16:00:00-05:00,0.0,11.5138,11.5138,11.5138,1501,0.0,0.0,0.0,0.0,0.0
1996-12-24 16:00:00-05:00,0.0,11.701,11.701,11.701,3200,0.0,0.0,0.0,0.0,0.0
1996-12-26 16:00:00-05:00,0.0,11.701,11.701,11.701,400,0.0,0.0,0.0,0.0,0.0
1996-12-27 16:00:00-05:00,0.0,11.701,11.4202,11.5605,9501,0.0,0.0,0.0,0.0,0.0
1996-12-30 16:00:00-05:00,0.0,11.7946,11.5138,11.5138,3499,0.0,0.0,0.0,0.0,0.0
1996-12-31 16:00:00-05:00,0.0,12.169,11.5138,12.169,78500,0.0,0.0,0.0,0.0,0.0
1997-01-02 16:00:00-05:00,0.0,12.169,11.8882,12.169,11700,0.0,0.0,0.0,0.0,0.0
1997-01-03 16:00:00-05:00,0.0,12.169,11.8882,12.169,15001,0.0,0.0,0.0,0.0,0.0
1997-01-06 16:00:00-05:00,0.0,12.169,11.7946,12.0755,35400,0.0,0.0,0.0,0.0,0.0
1997-01-07 16:00:00-05:00,0.0,12.0755,11.8415,11.8415,27101,0.0,0.0,0.0,0.0,0.0
1997-01-08 16:00:00-05:00,0.0,11.9818,11.8415,11.8415,8500,0.0,0.0,0.0,0.0,0.0
1997-01-09 16:00:00-05:00,0.0,11.9818,11.8415,11.8415,6999,0.0,0.0,0.0,0.0,0.0
1997-01-10 16:00:00-05:00,0.0,11.9818,11.6074,11.9818,8299,0.0,0.0,0.0,0.0,0.0
1997-01-13 16:00:00-05:00,0.0,11.7946,11.4202,11.7946,12899,0.0,0.0,0.0,0.0,0.0
1997-01-14 16:00:00-05:00,0.0,11.701,11.4202,11.701,9501,0.0,0.0,0.0,0.0,0.0
1997-01-15 16:00:00-05:00,0.0,11.701,11.4202,11.701,5300,0.0,0.0,0.0,0.0,0.0
1997-01-16 16:00:00-05:00,0.0,11.701,11.5138,11.5138,14101,0.0,0.0,0.0,0.0,0.0
1997-01-17 16:00:00-05:00,0.0,11.701,11.4202,11.701,6999,0.0,0.0,0.0,0.0,0.0
1997-01-20 16:00:00-05:00,0.0,11.701,11.5138,11.5138,2200,0.0,0.0,0.0,0.0,0.0
1997-01-21 16:00:00-05:00,0.0,11.701,11.5138,11.5138,21601,0.0,0.0,0.0,0.0,0.0
1997-01-22 16:00:00-05:00,0.0,11.701,11.5138,11.5138,19200,0.0,0.0,0.0,0.0,0.0
1997-01-23 16:00:00-05:00,0.0,11.701,11.5138,11.5138,29600,0.0,0.0,0.0,0.0,0.0
1997-01-24 16:00:00-05:00,0.0,11.701,11.5138,11.6074,10700,0.0,0.0,0.0,0.0,0.0
1997-01-27 16:00:00-05:00,0.0,11.701,11.5138,11.6074,60701,0.0,0.0,0.0,0.0,0.0
1997-01-28 16:00:00-05:00,0.0,11.701,11.5138,11.6542,2599,0.0,0.0,0.0,0.0,0.0
1997-01-29 16:00:00-05:00,0.0,11.5138,11.5138,11.5138,699,0.0,0.0,0.0,0.0,0.0
1997-01-30 16:00:00-05:00,0.0,11.8882,11.6074,11.8882,23501,0.0,0.0,0.0,0.0,0.0
1997-01-31 16:00:00-05:00,0.0,12.0755,11.6074,11.9818,33701,0.0,0.0,0.0,0.0,0.0
1997-02-03 16:00:00-05:00,0.0,12.0755,11.9818,12.0755,2200,0.0,0.0,0.0,0.0,0.0
1997-02-04 16:00:00-05:00,0.0,12.0755,11.7946,12.0755,6800,0.0,0.0,0.0,0.0,0.0
1997-02-05 16:00:00-05:00,0.0,12.169,11.7946,12.169,8900,0.0,0.0,0.0,0.0,0.0
1997-02-06 16:00:00-05:00,0.0,12.169,11.8882,12.169,5699,0.0,0.0,0.0,0.0,0.0
1997-02-07 16:00:00-05:00,0.0,12.169,11.9818,12.169,27699,0.0,0.0,0.0,0.0,0.0
1997-02-10 16:00:00-05:00,0.0,12.4499,12.169,12.169,66501,0.0,0.0,0.0,0.0,0.0
1997-02-11 16:00:00-05:00,0.0,12.5436,12.169,12.5436,19599,0.0,0.0,0.0,0.0,0.0
1997-02-12 16:00:00-05:00,0.0,12.5436,12.3562,12.5436,13799,0.0,0.0,0.0,0.0,0.0
1997-02-13 16:00:00-05:00,0.0,12.5436,12.3562,12.5436,3701,0.0,0.0,0.0,0.0,0.0
1997-02-14 16:00:00-05:00,0.0,12.5436,12.169,12.5436,8701,0.0,0.0,0.0,0.0,0.0
1997-02-18 16:00:00-05:00,0.0,12.5436,12.169,12.5436,24700,0.0,0.0,0.0,0.0,0.0
1997-02-19 16:00:00-05:00,0.0,12.5436,12.3095,12.5436,8701,0.0,0.0,0.0,0.0,0.0
1997-02-20 16:00:00-05:00,0.0,12.5436,12.169,12.3562,9699,0.0,0.0,0.0,0.0,0.0
1997-02-21 16:00:00-05:00,0.0,12.5436,12.5436,12.5436,201,0.0,0.0,0.0,0.0,0.0
1997-02-24 16:00:00-05:00,0.0,12.5436,12.169,12.2626,19200,0.0,0.0,0.0,0.0,0.0
1997-02-25 16:00:00-05:00,0.0,12.9179,12.169,12.5436,50200,0.0,0.0,0.0,0.0,0.0
1997-02-26 16:00:00-05:00,0.0,13.0116,12.5436,12.8243,29600,0.0,0.0,0.0,0.0,0.0
1997-02-27 16:00:00-05:00,0.0,12.6838,12.637,12.637,6999,0.0,0.0,0.0,0.0,0.0
1997-02-28 16:00:00-05:00,0.0,13.0116,12.637,12.637,5900,0.0,0.0,0.0,0.0,0.0
1997-03-03 16:00:00-05:00,0.0,13.2923,13.0116,13.2923,26500,0.0,0.0,0.0,0.0,0.0
1997-03-04 16:00:00-05:00,0.0,12.9179,12.9179,12.9179,2599,0.0,0.0,0.0,0.0,0.0
1997-03-05 16:00:00-05:00,0.0,13.2923,12.9179,13.2923,1699,0.0,0.0,0.0,0.0,0.0
1997-03-06 16:00:00-05:00,0.0,13.4796,13.0583,13.4796,48699,0.0,0.0,0.0,0.0,0.0
1997-03-07 16:00:00-05:00,0.0,13.4796,13.0116,13.2923,26900,0.0,0.0,0.0,0.0,0.0
1997-03-10 16:00:00-05:00,0.0,13.0116,13.0116,13.0116,400,0.0,0.0,0.0,0.0,0.0
1997-03-11 16:00:00-05:00,0.0,13.2923,13.0116,13.2923,14400,0.0,0.0,0.0,0.0,0.0
1997-03-12 16:00:00-05:00,0.0,13.3859,13.0583,13.1988,26299,0.0,0.0,0.0,0.0,0.0
1997-03-13 16:00:00-05:00,0.0,13.105,13.0116,13.0583,31501,0.0,0.0,0.0,0.0,0.0
1997-03-14 16:00:00-05:00,0.0,13.3859,13.0817,13.105,19599,0.0,0.0,0.0,0.0,0.0
1997-03-17 16:00:00-05:00,0.0,13.2456,13.1988,13.1988,16801,0.0,0.0,0.0,0.0,0.0
1997-03-18 16:00:00-05:00,0.0,13.3859,13.105,13.105,4601,0.0,0.0,0.0,0.0,0.0
1997-03-19 16:00:00-05:00,0.0,13.3859,13.0116,13.1988,27101,0.0,0.0,0.0,0.0,0.0
1997-03-20 16:00:00-05:00,0.0,13.4796,13.1988,13.4796,35199,0.0,0.0,0.0,0.0,0.0
1997-03-21 16:00:00-05:00,0.0,13.7603,13.2923,13.4796,33499,0.0,0.0,0.0,0.0,0.0
1997-03-24 16:00:00-05:00,0.0,13.5731,13.2923,13.2923,2599,0.0,0.0,0.0,0.0,0.0
1997-03-25 16:00:00-05:00,0.0,13.5731,13.2923,13.5731,2599,0.0,0.0,0.0,0.0,0.0
1997-03-26 16:00:00-05:00,0.0,13.5731,13.1988,13.4796,13799,0.0,0.0,0.0,0.0,0.0
1997-03-27 16:00:00-05:00,0.0,0.0,0.0,13.4796,0,0.0,0.0,0.0,0.0,0.0
1997-03-31 16:00:00-05:00,0.0,13.1988,12.7307,12.7307,42200,0.0,0.0,0.0,0.0,0.0
1997-04-01 16:00:00-05:00,0.0,13.0116,12.637,12.637,5000,0.0,0.0,0.0,0.0,0.0
1997-04-02 16:00:00-05:00,0.0,13.0116,12.637,12.9179,14101,0.0,0.0,0.0,0.0,0.0
1997-04-03 16:00:00-05:00,0.0,0.0,0.0,12.9179,0,0.0,0.0,0.0,0.0,0.0
1997-04-04 16:00:00-05:00,0.0,13.2923,12.7307,13.2923,18000,0.0,0.0,0.0,0.0,0.0
1997-04-07 16:00:00-04:00,0.0,13.3859,13.105,13.3859,17399,0.0,0.0,0.0,0.0,0.0
1997-04-08 16:00:00-04:00,0.0,13.854,13.2923,13.854,54401,0.0,0.0,0.0,0.0,0.0
1997-04-09 16:00:00-04:00,0.0,14.1348,13.854,13.854,28200,0.0,0.0,0.0,0.0,0.0
1997-04-10 16:00:00-04:00,0.0,14.1348,13.854,14.1348,58700,0.0,0.0,0.0,0.0,0.0
1997-04-11 16:00:00-04:00,0.0,14.1348,13.7603,13.8481,59200,0.0,0.0,0.0,0.0,0.0
1997-04-14 16:00:00-04:00,0.0,14.1348,13.8071,14.0411,51399,0.0,0.0,0.0,0.0,0.0
1997-04-15 16:00:00-04:00,0.0,14.1348,13.6901,13.9477,37999,0.0,0.0,0.0,0.0,0.0
1997-04-16 16:00:00-04:00,0.0,13.9477,13.5731,13.5731,3701,0.0,0.0,0.0,0.0,0.0
1997-04-17 16:00:00-04:00,0.0,13.7603,13.4796,13.5731,32401,0.0,0.0,0.0,0.0,0.0
1997-04-18 16:00:00-04:00,0.0,13.7603,13.62,13.6668,4399,0.0,0.0,0.0,0.0,0.0
1997-04-21 16:00:00-04:00,0.0,13.5731,13.5731,13.5731,699,0.0,0.0,0.0,0.0,0.0
1997-04-22 16:00:00-04:00,0.0,13.7603,13.4796,13.7603,8299,0.0,0.0,0.0,0.0,0.0
1997-04-23 16:00:00-04:00,0.0,13.7603,13.4796,13.5731,25899,0.0,0.0,0.0,0.0,0.0
1997-04-24 16:00:00-04:00,0.0,13.5263,13.2923,13.3859,15001,0.0,0.0,0.0,0.0,0.0
1997-04-25 16:00:00-04:00,0.0,13.4796,13.2923,13.4796,7200,0.0,0.0,0.0,0.0,0.0
1997-04-28 16:00:00-04:00,0.0,13.5263,13.2923,13.4796,19401,0.0,0.0,0.0,0.0,0.0
1997-04-29 16:00:00-04:00,0.0,13.4796,13.4796,13.4796,699,0.0,0.0,0.0,0.0,0.0
1997-04-30 16:00:00-04:00,0.0,13.4796,13.2923,13.4796,17399,0.0,0.0,0.0,0.0,0.0
1997-05-01 16:00:00-04:00,0.0,13.5731,13.3859,13.5731,8900,0.0,0.0,0.0,0.0,0.0
1997-05-02 16:00:00-04:00,0.0,13.6668,13.5731,13.6668,20200,0.0,0.0,0.0,0.0,0.0
1997-05-05 16:00:00-04:00,0.0,13.9477,13.4796,13.7603,48501,0.0,0.0,0.0,0.0,0.0
1997-05-06 16:00:00-04:00,0.0,13.854,13.7603,13.7603,9699,0.0,0.0,0.0,0.0,0.0
1997-05-07 16:00:00-04:00,0.0,14.4157,13.7603,14.4157,73799,0.0,0.0,0.0,0.0,0.0
1997-05-08 16:00:00-04:00,0.0,14.4157,14.0411,14.0411,22101,0.0,0.0,0.0,0.0,0.0
1997-05-09 16:00:00-04:00,0.0,14.2752,14.0411,14.1348,24499,0.0,0.0,0.0,0.0,0.0
1997-05-12 16:00:00-04:00,0.0,14.2283,14.1348,14.1348,6300,0.0,0.0,0.0,0.0,0.0
1997-05-13 16:00:00-04:00,0.0,14.2283,13.854,14.2283,3200,0.0,0.0,0.0,0.0,0.0
1997-05-14 16:00:00-04:00,0.0,14.2283,13.854,14.2283,8701,0.0,0.0,0.0,0.0,0.0
1997-05-15 16:00:00-04:00,0.0,14.2283,14.0411,14.2283,900,0.0,0.0,0.0,0.0,0.0
1997-05-16 16:00:00-04:00,0.0,14.2283,14.1348,14.2283,8701,0.0,0.0,0.0,0.0,0.0
1997-05-19 16:00:00-04:00,0.0,14.2283,13.854,13.854,4399,0.0,0.0,0.0,0.0,0.0
1997-05-20 16:00:00-04:00,0.0,13.9944,13.854,13.9007,6999,0.0,0.0,0.0,0.0,0.0
1997-05-21 16:00:00-04:00,0.0,14.0411,13.854,14.0411,2200,0.0,0.0,0.0,0.0,0.0
1997-05-22 16:00:00-04:00,0.0,14.0411,13.6668,13.6668,18400,0.0,0.0,0.0,0.0,0.0
1997-05-23 16:00:00-04:00,0.0,13.9477,13.854,13.854,48900,0.0,0.0,0.0,0.0,0.0
1997-05-27 16:00:00-04:00,0.0,13.9477,13.6668,13.9477,15300,0.0,0.0,0.0,0.0,0.0
1997-05-28 16:00:00-04:00,0.0,14.2283,13.6668,14.2283,28700,0.0,0.0,0.0,0.0,0.0
1997-05-29 16:00:00-04:00,0.0,14.2283,13.854,13.9007,18000,0.0,0.0,0.0,0.0,0.0
1997-05-30 16:00:00-04:00,0.0,14.1816,13.854,14.1348,21799,0.0,0.0,0.0,0.0,0.0
1997-06-02 16:00:00-04:00,0.0,14.1348,13.9007,13.9477,14800,0.0,0.0,0.0,0.0,0.0
1997-06-03 16:00:00-04:00,0.0,14.1348,13.9007,13.9007,5699,0.0,0.0,0.0,0.0,0.0
1997-06-04 16:00:00-04:00,0.0,14.2283,13.854,14.2283,27501,0.0,0.0,0.0,0.0,0.0
1997-06-05 16:00:00-04:00,0.0,13.9477,13.854,13.9477,3200,0.0,0.0,0.0,0.0,0.0
1997-06-06 16:00:00-04:00,0.0,14.2283,13.854,14.0411,14400,0.0,0.0,0.0,0.0,0.0
1997-06-09 16:00:00-04:00,0.0,14.2283,13.854,14.088,12399,0.0,0.0,0.0,0.0,0.0
1997-06-10 16:00:00-04:00,0.0,14.2283,13.9477,14.2283,1501,0.0,0.0,0.0,0.0,0.0
1997-06-11 16:00:00-04:00,0.0,14.2283,13.854,14.2283,14800,0.0,0.0,0.0,0.0,0.0
1997-06-12 16:00:00-04:00,0.0,14.2283,13.854,14.2283,18699,0.0,0.0,0.0,0.0,0.0
1997-06-13 16:00:00-04:00,0.0,14.2283,13.9477,14.2283,9699,0.0,0.0,0.0,0.0,0.0
1997-06-16 16:00:00-04:00,0.0,14.4157,14.1348,14.3688,24700,0.0,0.0,0.0,0.0,0.0
1997-06-17 16:00:00-04:00,0.0,14.5092,14.1816,14.1816,77899,0.0,0.0,0.0,0.0,0.0
1997-06-18 16:00:00-04:00,0.0,14.6964,14.1816,14.556,47601,0.0,0.0,0.0,0.0,0.0
1997-06-19 16:00:00-04:00,0.0,14.9772,14.4157,14.7901,42801,0.0,0.0,0.0,0.0,0.0
1997-06-20 16:00:00-04:00,0.0,15.3517,14.7901,15.1177,41099,0.0,0.0,0.0,0.0,0.0
1997-06-23 16:00:00-04:00,0.0,15.3517,14.8837,14.8837,13799,0.0,0.0,0.0,0.0,0.0
1997-06-24 16:00:00-04:00,0.0,15.3517,14.8837,15.0241,15999,0.0,0.0,0.0,0.0,0.0
1997-06-25 16:00:00-04:00,0.0,15.3048,14.9772,15.3048,20200,0.0,0.0,0.0,0.0,0.0
1997-06-26 16:00:00-04:00,0.0,15.5389,14.9772,15.5389,900,0.0,0.0,0.0,0.0,0.0
1997-06-27 16:00:00-04:00,0.0,15.7261,14.9772,14.9772,35199,0.0,0.0,0.0,0.0,0.0
1997-06-30 16:00:00-04:00,0.0,15.4453,15.0709,15.0709,17000,0.0,0.0,0.0,0.0,0.0
1997-07-01 16:00:00-04:00,0.0,15.3517,14.8837,15.3517,13799,0.0,0.0,0.0,0.0,0.0
1997-07-02 16:00:00-04:00,0.0,15.5857,14.8837,14.8837,82400,0.0,0.0,0.0,0.0,0.0
1997-07-03 16:00:00-04:00,0.0,15.3048,14.8837,15.2347,14800,0.0,0.0,0.0,0.0,0.0
1997-07-07 16:00:00-04:00,0.0,15.4453,15.0709,15.2581,21601,0.0,0.0,0.0,0.0,0.0
1997-07-08 16:00:00-04:00,0.0,15.5389,15.2581,15.3517,10700,0.0,0.0,0.0,0.0,0.0
1997-07-09 16:00:00-04:00,0.0,15.5389,15.3985,15.5389,8299,0.0,0.0,0.0,0.0,0.0
1997-07-10 16:00:00-04:00,0.0,15.6325,15.2581,15.3517,35400,0.0,0.0,0.0,0.0,0.0
1997-07-11 16:00:00-04:00,0.0,15.6325,15.2581,15.3517,5300,0.0,0.0,0.0,0.0,0.0
1997-07-14 16:00:00-04:00,0.0,15.6325,15.4453,15.6325,12899,0.0,0.0,0.0,0.0,0.0
1997-07-15 16:00:00-04:00,0.0,15.6325,15.1645,15.3517,46100,0.0,0.0,0.0,0.0,0.0
1997-07-16 16:00:00-04:00,0.0,15.3517,15.3517,15.3517,900,0.0,0.0,0.0,0.0,0.0
1997-07-17 16:00:00-04:00,0.0,15.3517,15.1177,15.1645,45901,0.0,0.0,0.0,0.0,0.0
1997-07-18 16:00:00-04:00,0.0,15.4453,14.6496,14.6964,64100,0.0,0.0,0.0,0.0,0.0
1997-07-21 16:00:00-04:00,0.0,14.8837,14.6028,14.6028,400,0.0,0.0,0.0,0.0,0.0
1997-07-22 16:00:00-04:00,0.0,14.9772,14.6028,14.9772,14800,0.0,0.0,0.0,0.0,0.0
1997-07-23 16:00:00-04:00,0.0,14.9772,14.6028,14.6028,6300,0.0,0.0,0.0,0.0,0.0
1997-07-24 16:00:00-04:00,0.0,14.9772,14.6028,14.6028,30100,0.0,0.0,0.0,0.0,0.0
1997-07-25 16:00:00-04:00,0.0,14.9772,14.8837,14.9772,4799,0.0,0.0,0.0,0.0,0.0
1997-07-28 16:00:00-04:00,0.0,15.1645,14.7901,14.8837,9501,0.0,0.0,0.0,0.0,0.0
1997-07-29 16:00:00-04:00,0.0,0.0,0.0,14.8837,0,0.0,0.0,0.0,0.0,0.0
1997-07-30 16:00:00-04:00,0.0,15.1645,14.7901,15.1645,3701,0.0,0.0,0.0,0.0,0.0
1997-07-31 16:00:00-04:00,0.0,15.0709,14.7901,14.8837,12899,0.0,0.0,0.0,0.0,0.0
1997-08-01 16:00:00-04:00,0.0,15.0709,14.7901,15.0709,15300,0.0,0.0,0.0,0.0,0.0
1997-08-04 16:00:00-04:00,0.0,15.0709,14.8368,15.0241,7499,0.0,0.0,0.0,0.0,0.0
1997-08-05 16:00:00-04:00,0.0,15.0709,14.8368,14.9304,1699,0.0,0.0,0.0,0.0,0.0
1997-08-06 16:00:00-04:00,0.0,15.0709,14.8368,14.8602,24700,0.0,0.0,0.0,0.0,0.0
1997-08-07 16:00:00-04:00,0.0,16.1005,15.0709,16.0069,177701,0.0,0.0,0.0,0.0,0.0
1997-08-08 16:00:00-04:00,0.0,16.2879,15.7261,16.2879,41700,0.0,0.0,0.0,0.0,0.0
1997-08-11 16:00:00-04:00,0.0,16.2879,15.8198,16.0069,34500,0.0,0.0,0.0,0.0,0.0
1997-08-12 16:00:00-04:00,0.0,16.2879,15.8198,16.2879,41999,0.0,0.0,0.0,0.0,0.0
1997-08-13 16:00:00-04:00,0.0,16.2879,15.9133,16.1005,4399,0.0,0.0,0.0,0.0,0.0
1997-08-14 16:00:00-04:00,0.0,16.1005,16.0069,16.0069,699,0.0,0.0,0.0,0.0,0.0
1997-08-15 16:00:00-04:00,0.0,16.3813,15.8198,15.9133,11700,0.0,0.0,0.0,0.0,0.0
1997-08-18 16:00:00-04:00,0.0,16.2879,15.9133,16.2879,10001,0.0,0.0,0.0,0.0,0.0
1997-08-19 16:00:00-04:00,0.0,16.2879,16.1005,16.1942,7801,0.0,0.0,0.0,0.0,0.0
1997-08-20 16:00:00-04:00,0.0,16.3813,15.9133,16.3813,25899,0.0,0.0,0.0,0.0,0.0
1997-08-21 16:00:00-04:00,0.0,16.3813,16.0069,16.3813,2599,0.0,0.0,0.0,0.0,0.0
1997-08-22 16:00:00-04:00,0.0,16.3813,16.0069,16.2409,18000,0.0,0.0,0.0,0.0,0.0
1997-08-25 16:00:00-04:00,0.0,16.6622,16.3346,16.6622,24999,0.0,0.0,0.0,0.0,0.0
1997-08-26 16:00:00-04:00,0.0,16.6622,16.3813,16.5218,14800,0.0,0.0,0.0,0.0,0.0
1997-08-27 16:00:00-04:00,0.0,17.2239,16.6622,17.2239,33499,0.0,0.0,0.0,0.0,0.0
1997-08-28 16:00:00-04:00,0.0,17.4111,17.2239,17.2706,39299,0.0,0.0,0.0,0.0,0.0
1997-08-29 16:00:00-04:00,0.0,17.4111,17.0366,17.0366,12399,0.0,0.0,0.0,0.0,0.0
1997-09-02 16:00:00-04:00,0.0,17.2706,17.0366,17.2706,24499,0.0,0.0,0.0,0.0,0.0
1997-09-03 16:00:00-04:00,0.0,18.1243,17.3004,17.7123,48299,0.0,0.0,0.0,0.0,0.0
1997-09-04 16:00:00-04:00,0.0,19.36,18.2272,18.5362,99500,0.0,0.0,0.0,0.0,0.0
1997-09-05 16:00:00-04:00,0.0,19.2571,18.8709,19.1025,38400,0.0,0.0,0.0,0.0,0.0
1997-09-08 16:00:00-04:00,0.0,19.463,18.9481,19.4115,48101,0.0,0.0,0.0,0.0,0.0
1997-09-09 16:00:00-04:00,0.0,19.566,18.8451,19.2571,39800,0.0,0.0,0.0,0.0,0.0
1997-09-10 16:00:00-04:00,0.0,19.566,18.9995,19.2571,28200,0.0,0.0,0.0,0.0,0.0
1997-09-11 16:00:00-04:00,0.0,19.1541,18.9481,19.051,4800,0.0,0.0,0.0,0.0,0.0
1997-09-12 16:00:00-04:00,0.0,19.36,18.9481,19.051,5001,0.0,0.0,0.0,0.0,0.0
1997-09-15 16:00:00-04:00,0.0,19.0768,18.9481,19.0768,5900,0.0,0.0,0.0,0.0,0.0
1997-09-16 16:00:00-04:00,0.0,19.36,18.9481,19.2314,10901,0.0,0.0,0.0,0.0,0.0
1997-09-17 16:00:00-04:00,0.0,19.2314,18.9481,19.1541,11699,0.0,0.0,0.0,0.0,0.0
1997-09-18 16:00:00-04:00,0.0,19.36,19.1025,19.1798,6299,0.0,0.0,0.0,0.0,0.0
1997-09-19 16:00:00-04:00,0.0,19.9264,18.9481,19.566,33501,0.0,0.0,0.0,0.0,0.0
1997-09-22 16:00:00-04:00,0.0,20.0294,19.9264,20.0294,17401,0.0,0.0,0.0,0.0,0.0
1997-09-23 16:00:00-04:00,0.0,20.2353,19.669,20.0294,21400,0.0,0.0,0.0,0.0,0.0
1997-09-24 16:00:00-04:00,0.0,20.9047,19.8749,20.3898,54799,0.0,0.0,0.0,0.0,0.0
1997-09-25 16:00:00-04:00,0.0,20.3898,19.2571,19.36,90200,0.0,0.0,0.0,0.0,0.0
1997-09-26 16:00:00-04:00,0.0,19.9779,19.4115,19.4115,32400,0.0,0.0,0.0,0.0,0.0
1997-09-29 16:00:00-04:00,0.0,19.7719,19.36,19.463,1700,0.0,0.0,0.0,0.0,0.0
1997-09-30 16:00:00-04:00,0.0,19.9779,19.566,19.9779,3900,0.0,0.0,0.0,0.0,0.0
1997-10-01 16:00:00-04:00,0.0,19.9779,19.669,19.7719,30101,0.0,0.0,0.0,0.0,0.0
1997-10-02 16:00:00-04:00,0.0,19.9779,19.566,19.566,8901,0.0,0.0,0.0,0.0,0.0
1997-10-03 16:00:00-04:00,0.0,19.7719,19.566,19.7719,6500,0.0,0.0,0.0,0.0,0.0
1997-10-06 16:00:00-04:00,0.0,19.9779,19.566,19.669,14799,0.0,0.0,0.0,0.0,0.0
1997-10-07 16:00:00-04:00,0.0,20.0809,19.669,19.8234,8901,0.0,0.0,0.0,0.0,0.0
1997-10-08 16:00:00-04:00,0.0,20.1838,19.566,20.0809,16600,0.0,0.0,0.0,0.0,0.0
1997-10-09 16:00:00-04:00,0.0,19.7719,19.36,19.7719,6299,0.0,0.0,0.0,0.0,0.0
1997-10-10 16:00:00-04:00,0.0,20.1838,19.6175,19.9007,16801,0.0,0.0,0.0,0.0,0.0
1997-10-13 16:00:00-04:00,0.0,0.0,0.0,19.9007,0,0.0,0.0,0.0,0.0,0.0
1997-10-14 16:00:00-04:00,0.0,20.1838,19.566,20.1838,6500,0.0,0.0,0.0,0.0,0.0
1997-10-15 16:00:00-04:00,0.0,20.1838,19.566,19.566,1301,0.0,0.0,0.0,0.0,0.0
1997-10-16 16:00:00-04:00,0.0,20.8018,19.566,20.1838,74101,0.0,0.0,0.0,0.0,0.0
1997-10-17 16:00:00-04:00,0.0,20.1838,19.7719,20.1838,16001,0.0,0.0,0.0,0.0,0.0
1997-10-20 16:00:00-04:00,0.0,20.2868,19.7205,19.7719,34199,0.0,0.0,0.0,0.0,0.0
1997-10-21 16:00:00-04:00,0.0,20.1838,19.7719,19.8749,5699,0.0,0.0,0.0,0.0,0.0
1997-10-22 16:00:00-04:00,0.0,20.1838,19.7719,20.1838,8101,0.0,0.0,0.0,0.0,0.0
1997-10-23 16:00:00-04:00,0.0,20.0809,19.566,19.566,9999,0.0,0.0,0.0,0.0,0.0
1997-10-24 16:00:00-04:00,0.0,19.8749,19.566,19.566,29100,0.0,0.0,0.0,0.0,0.0
1997-10-27 16:00:00-05:00,0.0,19.463,19.463,19.463,2599,0.0,0.0,0.0,0.0,0.0
1997-10-28 16:00:00-05:00,0.0,19.566,19.1541,19.566,20600,0.0,0.0,0.0,0.0,0.0
1997-10-29 16:00:00-05:00,0.0,19.7719,19.36,19.7719,14601,0.0,0.0,0.0,0.0,0.0
1997-10-30 16:00:00-05:00,0.0,19.7719,19.2571,19.2571,9201,0.0,0.0,0.0,0.0,0.0
1997-10-31 16:00:00-05:00,0.0,19.7719,19.2571,19.669,5301,0.0,0.0,0.0,0.0,0.0
1997-11-03 16:00:00-05:00,0.0,20.2353,19.7719,20.1838,26299,0.0,0.0,0.0,0.0,0.0
1997-11-04 16:00:00-05:00,0.0,20.1838,19.7719,20.1838,4599,0.0,0.0,0.0,0.0,0.0
1997-11-05 16:00:00-05:00,0.0,19.7719,19.7719,19.7719,1499,0.0,0.0,0.0,0.0,0.0
1997-11-06 16:00:00-05:00,0.0,20.2868,19.7719,20.0809,26701,0.0,0.0,0.0,0.0,0.0
1997-11-07 16:00:00-05:00,0.0,19.9779,19.463,19.463,10700,0.0,0.0,0.0,0.0,0.0
1997-11-10 16:00:00-05:00,0.0,19.9264,19.566,19.566,2000,0.0,0.0,0.0,0.0,0.0
1997-11-11 16:00:00-05:00,0.0,19.9264,19.566,19.5918,1700,0.0,0.0,0.0,0.0,0.0
1997-11-12 16:00:00-05:00,0.0,19.7719,19.566,19.7719,6500,0.0,0.0,0.0,0.0,0.0
1997-11-13 16:00:00-05:00,0.0,19.7719,19.2571,19.463,6500,0.0,0.0,0.0,0.0,0.0
1997-11-14 16:00:00-05:00,0.0,19.3086,19.3086,19.3086,399,0.0,0.0,0.0,0.0,0.0
1997-11-17 16:00:00-05:00,0.0,19.566,19.2571,19.463,6101,0.0,0.0,0.0,0.0,0.0
1997-11-18 16:00:00-05:00,0.0,19.8749,19.36,19.8749,19901,0.0,0.0,0.0,0.0,0.0
1997-11-19 16:00:00-05:00,0.0,19.8749,19.4115,19.4115,4401,0.0,0.0,0.0,0.0,0.0
1997-11-20 16:00:00-05:00,0.0,19.9779,19.7205,19.7719,11900,0.0,0.0,0.0,0.0,0.0
1997-11-21 16:00:00-05:00,0.0,19.9779,19.669,19.8749,20399,0.0,0.0,0.0,0.0,0.0
1997-11-24 16:00:00-05:00,0.0,19.9779,19.6175,19.8234,29300,0.0,0.0,0.0,0.0,0.0
1997-11-25 16:00:00-05:00,0.0,19.9264,19.4115,19.4115,7801,0.0,0.0,0.0,0.0,0.0
1997-11-26 16:00:00-05:00,0.0,19.9264,19.4115,19.6818,2201,0.0,0.0,0.0,0.0,0.0
1997-11-28 16:00:00-05:00,0.0,19.669,19.4115,19.4115,3499,0.0,0.0,0.0,0.0,0.0
1997-12-01 16:00:00-05:00,0.0,19.759,19.463,19.566,5699,0.0,0.0,0.0,0.0,0.0
1997-12-02 16:00:00-05:00,0.0,19.7719,19.566,19.7205,5001,0.0,0.0,0.0,0.0,0.0
1997-12-03 16:00:00-05:00,0.0,19.8749,19.2571,19.8749,43301,0.0,0.0,0.0,0.0,0.0
1997-12-04 16:00:00-05:00,0.0,19.8749,19.463,19.8749,9201,0.0,0.0,0.0,0.0,0.0
1997-12-05 16:00:00-05:00,0.0,19.8749,19.463,19.7462,6299,0.0,0.0,0.0,0.0,0.0
1997-12-08 16:00:00-05:00,0.0,20.0809,19.36,20.0809,8901,0.0,0.0,0.0,0.0,0.0
1997-12-09 16:00:00-05:00,0.0,20.0809,19.8234,19.8234,8101,0.0,0.0,0.0,0.0,0.0
1997-12-10 16:00:00-05:00,0.0,20.0809,19.36,19.9779,4401,0.0,0.0,0.0,0.0,0.0
1997-12-11 16:00:00-05:00,0.0,20.1838,19.36,19.463,3900,0.0,0.0,0.0,0.0,0.0
1997-12-12 16:00:00-05:00,0.0,20.1838,19.36,19.36,699,0.0,0.0,0.0,0.0,0.0
1997-12-15 16:00:00-05:00,0.0,20.1838,19.36,19.9779,13599,0.0,0.0,0.0,0.0,0.0
1997-12-16 16:00:00-05:00,0.0,20.1323,19.463,20.1323,4101,0.0,0.0,0.0,0.0,0.0
1997-12-17 16:00:00-05:00,0.0,20.1323,19.463,19.9779,8500,0.0,0.0,0.0,0.0,0.0
1997-12-18 16:00:00-05:00,0.0,19.9779,19.8234,19.9779,57800,0.0,0.0,0.0,0.0,0.0
1997-12-19 16:00:00-05:00,0.0,20.0809,19.463,19.8234,24701,0.0,0.0,0.0,0.0,0.0
1997-12-22 16:00:00-05:00,0.0,20.0809,19.566,20.0809,8700,0.0,0.0,0.0,0.0,0.0
1997-12-23 16:00:00-05:00,0.0,20.1581,19.6947,20.1581,11099,0.0,0.0,0.0,0.0,0.0
1997-12-24 16:00:00-05:00,0.0,20.1838,19.9779,20.0809,2599,0.0,0.0,0.0,0.0,0.0
1997-12-26 16:00:00-05:00,0.0,0.0,0.0,20.0809,0,0.0,0.0,0.0,0.0,0.0
1997-12-29 16:00:00-05:00,0.0,20.1838,19.9779,20.0809,9699,0.0,0.0,0.0,0.0,0.0
1997-12-30 16:00:00-05:00,0.0,20.1838,19.8749,20.1454,16801,0.0,0.0,0.0,0.0,0.0
1997-12-31 16:00:00-05:00,0.0,20.4928,19.8749,19.8749,11900,0.0,0.0,0.0,0.0,0.0
1998-01-02 16:00:00-05:00,0.0,20.5443,19.8749,20.5443,18399,0.0,0.0,0.0,0.0,0.0
1998-01-05 16:00:00-05:00,0.0,20.5958,19.9779,20.5958,21100,0.0,0.0,0.0,0.0,0.0
1998-01-06 16:00:00-05:00,0.0,20.2739,19.9779,20.0037,3700,0.0,0.0,0.0,0.0,0.0
1998-01-07 16:00:00-05:00,0.0,20.4928,19.9779,20.4928,26299,0.0,0.0,0.0,0.0,0.0
1998-01-08 16:00:00-05:00,0.0,20.4928,19.9779,20.0809,8500,0.0,0.0,0.0,0.0,0.0
1998-01-09 16:00:00-05:00,0.0,20.3898,19.8749,20.1323,27501,0.0,0.0,0.0,0.0,0.0
1998-01-12 16:00:00-05:00,0.0,20.3898,19.7719,19.8749,37200,0.0,0.0,0.0,0.0,0.0
1998-01-13 16:00:00-05:00,0.0,20.0294,19.8749,19.9522,33000,0.0,0.0,0.0,0.0,0.0
1998-01-14 16:00:00-05:00,0.0,20.3898,19.8749,19.9779,24099,0.0,0.0,0.0,0.0,0.0
1998-01-15 16:00:00-05:00,0.0,20.3898,19.8749,19.8749,66000,0.0,0.0,0.0,0.0,0.0
1998-01-16 16:00:00-05:00,0.0,20.3898,19.9264,20.1838,16999,0.0,0.0,0.0,0.0,0.0
1998-01-20 16:00:00-05:00,0.0,20.1838,19.8749,20.0294,4599,0.0,0.0,0.0,0.0,0.0
1998-01-21 16:00:00-05:00,0.0,20.1838,20.0809,20.0809,2401,0.0,0.0,0.0,0.0,0.0
1998-01-22 16:00:00-05:00,0.0,20.0551,19.8234,20.0551,8101,0.0,0.0,0.0,0.0,0.0
1998-01-23 16:00:00-05:00,0.0,20.1838,19.8749,20.0809,6101,0.0,0.0,0.0,0.0,0.0
1998-01-26 16:00:00-05:00,0.0,20.0294,19.8749,19.9007,3900,0.0,0.0,0.0,0.0,0.0
1998-01-27 16:00:00-05:00,0.0,20.1323,19.8749,19.9779,3499,0.0,0.0,0.0,0.0,0.0
1998-01-28 16:00:00-05:00,0.0,20.5958,20.1838,20.5958,41299,0.0,0.0,0.0,0.0,0.0
1998-01-29 16:00:00-05:00,0.0,20.5958,20.3898,20.5958,39299,0.0,0.0,0.0,0.0,0.0
1998-01-30 16:00:00-05:00,0.0,20.5958,20.1838,20.1838,35401,0.0,0.0,0.0,0.0,0.0
1998-02-02 16:00:00-05:00,0.0,20.5958,20.1838,20.1838,16600,0.0,0.0,0.0,0.0,0.0
1998-02-03 16:00:00-05:00,0.0,20.4413,20.1838,20.4413,14799,0.0,0.0,0.0,0.0,0.0
1998-02-04 16:00:00-05:00,0.0,20.2868,20.0809,20.2868,3900,0.0,0.0,0.0,0.0,0.0
1998-02-05 16:00:00-05:00,0.0,20.4928,20.0809,20.3382,18201,0.0,0.0,0.0,0.0,0.0
1998-02-06 16:00:00-05:00,0.0,20.4928,20.3382,20.4928,1301,0.0,0.0,0.0,0.0,0.0
1998-02-09 16:00:00-05:00,0.0,20.3898,19.9779,20.1323,51399,0.0,0.0,0.0,0.0,0.0
1998-02-10 16:00:00-05:00,0.0,20.2868,19.9779,20.2868,28701,0.0,0.0,0.0,0.0,0.0
1998-02-11 16:00:00-05:00,0.0,20.2868,19.9779,20.0551,21400,0.0,0.0,0.0,0.0,0.0
1998-02-12 16:00:00-05:00,0.0,20.3898,19.9779,20.3382,55000,0.0,0.0,0.0,0.0,0.0
1998-02-13 16:00:00-05:00,0.0,20.2868,20.0809,20.1838,18201,0.0,0.0,0.0,0.0,0.0
1998-02-17 16:00:00-05:00,0.0,20.4928,20.1838,20.4413,11300,0.0,0.0,0.0,0.0,0.0
1998-02-18 16:00:00-05:00,0.0,20.4928,20.3898,20.4928,24701,0.0,0.0,0.0,0.0,0.0
1998-02-19 16:00:00-05:00,0.0,20.4413,20.3898,20.4413,114101,0.0,0.0,0.0,0.0,0.0
1998-02-20 16:00:00-05:00,0.0,20.5701,20.3898,20.4928,82100,0.0,0.0,0.0,0.0,0.0
1998-02-23 16:00:00-05:00,0.0,20.8018,20.5443,20.7502,103899,0.0,0.0,0.0,0.0,0.0
1998-02-24 16:00:00-05:00,0.0,21.986,20.8018,21.4196,83899,0.0,0.0,0.0,0.0,0.0
1998-02-25 16:00:00-05:00,0.0,22.2434,21.471,22.2434,86699,0.0,0.0,0.0,0.0,0.0
1998-02-26 16:00:00-05:00,0.0,22.1405,21.7285,21.883,30101,0.0,0.0,0.0,0.0,0.0
1998-02-27 16:00:00-05:00,0.0,22.5009,21.986,22.5009,121600,0.0,0.0,0.0,0.0,0.0
1998-03-02 16:00:00-05:00,0.0,22.5524,22.0375,22.2434,31300,0.0,0.0,0.0,0.0,0.0
1998-03-03 16:00:00-05:00,0.0,23.0672,22.4494,23.0672,38699,0.0,0.0,0.0,0.0,0.0
1998-03-04 16:00:00-05:00,0.0,23.6852,22.5524,23.6852,48899,0.0,0.0,0.0,0.0,0.0
1998-03-05 16:00:00-05:00,0.0,23.5821,22.7583,23.2476,31501,0.0,0.0,0.0,0.0,0.0
1998-03-06 16:00:00-05:00,0.0,24.0971,22.9643,24.0971,54200,0.0,0.0,0.0,0.0,0.0
1998-03-09 16:00:00-05:00,0.0,24.0971,23.3762,23.6852,27900,0.0,0.0,0.0,0.0,0.0
1998-03-10 16:00:00-05:00,0.0,23.7881,22.7583,23.0157,29600,0.0,0.0,0.0,0.0,0.0
1998-03-11 16:00:00-05:00,0.0,23.6852,23.0157,23.6852,9501,0.0,0.0,0.0,0.0,0.0
1998-03-12 16:00:00-05:00,0.0,23.1703,22.2949,22.8613,134000,0.0,0.0,0.0,0.0,0.0
1998-03-13 16:00:00-05:00,0.0,23.2733,22.8613,23.2733,12199,0.0,0.0,0.0,0.0,0.0
1998-03-16 16:00:00-05:00,0.0,23.2733,22.4494,22.7326,57800,0.0,0.0,0.0,0.0,0.0
1998-03-17 16:00:00-05:00,0.0,23.0672,22.6553,23.0672,6800,0.0,0.0,0.0,0.0,0.0
1998-03-18 16:00:00-05:00,0.0,23.2733,22.6553,22.7583,27900,0.0,0.0,0.0,0.0,0.0
1998-03-19 16:00:00-05:00,0.0,23.3762,22.6553,22.8613,10700,0.0,0.0,0.0,0.0,0.0
1998-03-20 16:00:00-05:00,0.0,24.0971,22.8613,24.0971,58301,0.0,0.0,0.0,0.0,0.0
1998-03-23 16:00:00-05:00,0.0,24.0971,23.5307,23.5307,3900,0.0,0.0,0.0,0.0,0.0
1998-03-24 16:00:00-05:00,0.0,23.8139,23.4792,23.5307,7201,0.0,0.0,0.0,0.0,0.0
1998-03-25 16:00:00-05:00,0.0,24.0971,23.6852,23.8396,47400,0.0,0.0,0.0,0.0,0.0
1998-03-26 16:00:00-05:00,0.0,24.0971,23.5821,24.0971,13599,0.0,0.0,0.0,0.0,0.0
1998-03-27 16:00:00-05:00,0.0,24.2,23.4792,23.6852,64801,0.0,0.0,0.0,0.0,0.0
1998-03-30 16:00:00-05:00,0.0,24.0971,23.1703,23.7881,42399,0.0,0.0,0.0,0.0,0.0
1998-03-31 16:00:00-05:00,0.0,23.994,23.3762,23.8911,27501,0.0,0.0,0.0,0.0,0.0
1998-04-01 16:00:00-05:00,0.0,24.2,23.2733,23.994,44600,0.0,0.0,0.0,0.0,0.0
1998-04-02 16:00:00-05:00,0.0,24.509,23.994,24.1485,21100,0.0,0.0,0.0,0.0,0.0
1998-04-03 16:00:00-05:00,0.0,24.5605,23.8911,24.4059,34499,0.0,0.0,0.0,0.0,0.0
1998-04-06 16:00:00-04:00,0.0,24.4059,23.8911,23.994,4599,0.0,0.0,0.0,0.0,0.0
1998-04-07 16:00:00-04:00,0.0,24.4059,23.2733,23.2733,40900,0.0,0.0,0.0,0.0,0.0
1998-04-08 16:00:00-04:00,0.0,23.8911,23.3762,23.3762,10700,0.0,0.0,0.0,0.0,0.0
1998-04-09 16:00:00-04:00,0.0,23.3762,22.8613,23.2733,48899,0.0,0.0,0.0,0.0,0.0
1998-04-13 16:00:00-04:00,0.0,23.2217,22.9128,23.0672,16600,0.0,0.0,0.0,0.0,0.0
1998-04-14 16:00:00-04:00,0.0,23.2733,22.8613,22.8613,13800,0.0,0.0,0.0,0.0,0.0
1998-04-15 16:00:00-04:00,0.0,23.2217,22.6553,22.6553,12400,0.0,0.0,0.0,0.0,0.0
1998-04-16 16:00:00-04:00,0.0,23.0672,22.6553,22.9128,45901,0.0,0.0,0.0,0.0,0.0
1998-04-17 16:00:00-04:00,0.0,23.1703,22.6553,23.1703,16801,0.0,0.0,0.0,0.0,0.0
1998-04-20 16:00:00-04:00,0.0,23.2733,22.6553,22.6553,7801,0.0,0.0,0.0,0.0,0.0
1998-04-21 16:00:00-04:00,0.0,23.2733,22.6553,23.1703,4401,0.0,0.0,0.0,0.0,0.0
1998-04-22 16:00:00-04:00,0.0,23.1703,22.6553,22.7583,7501,0.0,0.0,0.0,0.0,0.0
1998-04-23 16:00:00-04:00,0.0,23.1703,22.4752,22.6553,22800,0.0,0.0,0.0,0.0,0.0
1998-04-24 16:00:00-04:00,0.0,23.0672,22.4494,22.8613,39101,0.0,0.0,0.0,0.0,0.0
1998-04-27 16:00:00-04:00,0.0,23.0672,22.4494,22.6038,41700,0.0,0.0,0.0,0.0,0.0
1998-04-28 16:00:00-04:00,0.0,22.6812,22.6038,22.6038,35401,0.0,0.0,0.0,0.0,0.0
1998-04-29 16:00:00-04:00,0.0,23.3762,22.4494,22.7068,38900,0.0,0.0,0.0,0.0,0.0
1998-04-30 16:00:00-04:00,0.0,23.5821,23.0672,23.2733,15000,0.0,0.0,0.0,0.0,0.0
1998-05-01 16:00:00-04:00,0.0,23.5821,23.0672,23.3762,16001,0.0,0.0,0.0,0.0,0.0
1998-05-04 16:00:00-04:00,0.0,23.4792,22.7583,22.7583,20201,0.0,0.0,0.0,0.0,0.0
1998-05-05 16:00:00-04:00,0.0,23.2733,22.7583,23.0672,48701,0.0,0.0,0.0,0.0,0.0
1998-05-06 16:00:00-04:00,0.0,23.6852,22.7583,23.6852,22300,0.0,0.0,0.0,0.0,0.0
1998-05-07 16:00:00-04:00,0.0,23.6852,23.3762,23.6852,26500,0.0,0.0,0.0,0.0,0.0
1998-05-08 16:00:00-04:00,0.0,23.8911,23.4277,23.4277,27900,0.0,0.0,0.0,0.0,0.0
1998-05-11 16:00:00-04:00,0.0,23.8911,23.4277,23.5821,5900,0.0,0.0,0.0,0.0,0.0
1998-05-12 16:00:00-04:00,0.0,23.8911,23.4792,23.8911,14799,0.0,0.0,0.0,0.0,0.0
1998-05-13 16:00:00-04:00,0.0,23.8911,23.6852,23.8911,5900,0.0,0.0,0.0,0.0,0.0
1998-05-14 16:00:00-04:00,0.0,24.0971,23.5821,23.5821,7000,0.0,0.0,0.0,0.0,0.0
1998-05-15 16:00:00-04:00,0.0,23.994,23.5307,23.5821,8901,0.0,0.0,0.0,0.0,0.0
1998-05-18 16:00:00-04:00,0.0,23.5821,23.5307,23.5821,9699,0.0,0.0,0.0,0.0,0.0
1998-05-19 16:00:00-04:00,0.0,24.0971,23.5307,23.9425,26701,0.0,0.0,0.0,0.0,0.0
1998-05-20 16:00:00-04:00,0.0,24.0971,23.5307,23.6852,24500,0.0,0.0,0.0,0.0,0.0
1998-05-21 16:00:00-04:00,0.0,24.0971,23.6852,23.7881,12601,0.0,0.0,0.0,0.0,0.0
1998-05-22 16:00:00-04:00,0.0,23.994,23.6852,23.994,18000,0.0,0.0,0.0,0.0,0.0
1998-05-26 16:00:00-04:00,0.0,23.8911,23.5821,23.8139,3900,0.0,0.0,0.0,0.0,0.0
1998-05-27 16:00:00-04:00,0.0,24.0971,23.5821,24.0971,11300,0.0,0.0,0.0,0.0,0.0
1998-05-28 16:00:00-04:00,0.0,24.2,23.9425,23.9425,52901,0.0,0.0,0.0,0.0,0.0
1998-05-29 16:00:00-04:00,0.0,24.303,23.6336,23.6336,9201,0.0,0.0,0.0,0.0,0.0
1998-06-01 16:00:00-04:00,0.0,24.2,23.4792,23.6336,6299,0.0,0.0,0.0,0.0,0.0
1998-06-02 16:00:00-04:00,0.0,24.7664,23.4792,23.7367,23800,0.0,0.0,0.0,0.0,0.0
1998-06-03 16:00:00-04:00,0.0,25.5387,24.7149,24.7149,38900,0.0,0.0,0.0,0.0,0.0
1998-06-04 16:00:00-04:00,0.0,26.2596,24.8179,25.4872,34800,0.0,0.0,0.0,0.0,0.0
1998-06-05 16:00:00-04:00,0.0,25.9507,24.9209,25.8477,17001,0.0,0.0,0.0,0.0,0.0
1998-06-08 16:00:00-04:00,0.0,25.8992,25.1268,25.1268,28701,0.0,0.0,0.0,0.0,0.0
1998-06-09 16:00:00-04:00,0.0,25.4872,24.9209,25.4872,16699,0.0,0.0,0.0,0.0,0.0
1998-06-10 16:00:00-04:00,0.0,25.4872,25.1268,25.1783,21300,0.0,0.0,0.0,0.0,0.0
1998-06-11 16:00:00-04:00,0.0,25.1783,24.9209,25.0754,15999,0.0,0.0,0.0,0.0,0.0
1998-06-12 16:00:00-04:00,0.0,25.4872,24.7149,24.9209,31900,0.0,0.0,0.0,0.0,0.0
1998-06-15 16:00:00-04:00,0.0,25.3328,23.6852,23.8911,24400,0.0,0.0,0.0,0.0,0.0
1998-06-16 16:00:00-04:00,0.0,24.7149,23.7881,24.7149,27100,0.0,0.0,0.0,0.0,0.0
1998-06-17 16:00:00-04:00,0.0,25.1268,23.6852,23.6852,34700,0.0,0.0,0.0,0.0,0.0
1998-06-18 16:00:00-04:00,0.0,24.509,23.6852,23.8396,77100,0.0,0.0,0.0,0.0,0.0
1998-06-19 16:00:00-04:00,0.0,23.8911,22.7583,22.99,19900,0.0,0.0,0.0,0.0,0.0
1998-06-22 16:00:00-04:00,0.0,23.4792,22.4494,23.1703,21499,0.0,0.0,0.0,0.0,0.0
1998-06-23 16:00:00-04:00,0.0,23.4792,22.2434,22.8613,14601,0.0,0.0,0.0,0.0,0.0
1998-06-24 16:00:00-04:00,0.0,23.0672,22.7583,23.0672,4900,0.0,0.0,0.0,0.0,0.0
1998-06-25 16:00:00-04:00,0.0,23.0672,22.2434,22.6553,13800,0.0,0.0,0.0,0.0,0.0
1998-06-26 16:00:00-04:00,0.0,22.6553,21.4196,22.2434,27800,0.0,0.0,0.0,0.0,0.0
1998-06-29 16:00:00-04:00,0.0,22.6553,21.9345,22.0375,7800,0.0,0.0,0.0,0.0,0.0
1998-06-30 16:00:00-04:00,0.0,22.2434,21.2137,21.3166,116200,0.0,0.0,0.0,0.0,0.0
1998-07-01 16:00:00-04:00,0.0,22.2434,21.3166,22.2434,48400,0.0,0.0,0.0,0.0,0.0
1998-07-02 16:00:00-04:00,0.0,22.3464,22.0375,22.1405,11300,0.0,0.0,0.0,0.0,0.0
1998-07-06 16:00:00-04:00,0.0,22.6553,21.5225,22.1405,53000,0.0,0.0,0.0,0.0,0.0
1998-07-07 16:00:00-04:00,0.0,22.6553,21.9345,21.9345,10499,0.0,0.0,0.0,0.0,0.0
1998-07-08 16:00:00-04:00,0.0,22.6553,21.8315,22.3464,12899,0.0,0.0,0.0,0.0,0.0
1998-07-09 16:00:00-04:00,0.0,22.6553,22.089,22.6553,4500,0.0,0.0,0.0,0.0,0.0
1998-07-10 16:00:00-04:00,0.0,22.8613,22.4494,22.8613,14000,0.0,0.0,0.0,0.0,0.0
1998-07-13 16:00:00-04:00,0.0,23.0672,22.4494,22.5524,10801,0.0,0.0,0.0,0.0,0.0
1998-07-14 16:00:00-04:00,0.0,23.0672,22.4494,22.8613,4999,0.0,0.0,0.0,0.0,0.0
1998-07-15 16:00:00-04:00,0.0,23.0672,22.6553,23.0672,3900,0.0,0.0,0.0,0.0,0.0
1998-07-16 16:00:00-04:00,0.0,23.4792,22.8613,23.3762,7500,0.0,0.0,0.0,0.0,0.0
1998-07-17 16:00:00-04:00,0.0,23.7881,22.8613,22.8613,12400,0.0,0.0,0.0,0.0,0.0
1998-07-20 16:00:00-04:00,0.0,23.7881,22.7583,23.4792,1201,0.0,0.0,0.0,0.0,0.0
1998-07-21 16:00:00-04:00,0.0,23.4792,22.6553,23.4792,2300,0.0,0.0,0.0,0.0,0.0
1998-07-22 16:00:00-04:00,0.0,22.9643,22.3979,22.3979,13599,0.0,0.0,0.0,0.0,0.0
1998-07-23 16:00:00-04:00,0.0,22.7068,22.3464,22.3464,5699,0.0,0.0,0.0,0.0,0.0
1998-07-24 16:00:00-04:00,0.0,22.6553,22.2434,22.4494,34500,0.0,0.0,0.0,0.0,0.0
1998-07-27 16:00:00-04:00,0.0,22.6553,22.2434,22.3464,37999,0.0,0.0,0.0,0.0,0.0
1998-07-28 16:00:00-04:00,0.0,23.0672,22.3464,22.4494,12000,0.0,0.0,0.0,0.0,0.0
1998-07-29 16:00:00-04:00,0.0,22.5009,22.2949,22.5009,19200,0.0,0.0,0.0,0.0,0.0
1998-07-30 16:00:00-04:00,0.0,22.7583,22.3464,22.7583,44300,0.0,0.0,0.0,0.0,0.0
1998-07-31 16:00:00-04:00,0.0,22.8613,22.2434,22.3464,39900,0.0,0.0,0.0,0.0,0.0
1998-08-03 16:00:00-04:00,0.0,22.3207,21.9345,22.2434,44400,0.0,0.0,0.0,0.0,0.0
1998-08-04 16:00:00-04:00,0.0,22.7583,22.0375,22.089,14800,0.0,0.0,0.0,0.0,0.0
1998-08-05 16:00:00-04:00,0.0,22.7583,21.8315,21.8315,7100,0.0,0.0,0.0,0.0,0.0
1998-08-06 16:00:00-04:00,0.0,23.3762,22.1405,23.3762,26200,0.0,0.0,0.0,0.0,0.0
1998-08-07 16:00:00-04:00,0.0,23.3762,22.4494,23.2733,10700,0.0,0.0,0.0,0.0,0.0
1998-08-10 16:00:00-04:00,0.0,23.4792,22.4494,23.0672,5600,0.0,0.0,0.0,0.0,0.0
1998-08-11 16:00:00-04:00,0.0,22.6038,22.2949,22.5009,18000,0.0,0.0,0.0,0.0,0.0
1998-08-12 16:00:00-04:00,0.0,22.4494,21.986,22.4494,6701,0.0,0.0,0.0,0.0,0.0
1998-08-13 16:00:00-04:00,0.0,23.2733,21.986,23.1703,22600,0.0,0.0,0.0,0.0,0.0
1998-08-14 16:00:00-04:00,0.0,23.4792,22.4494,22.4494,21300,0.0,0.0,0.0,0.0,0.0
1998-08-17 16:00:00-04:00,0.0,22.8613,22.6553,22.8613,6701,0.0,0.0,0.0,0.0,0.0
1998-08-18 16:00:00-04:00,0.0,23.0672,22.4494,22.6553,9200,0.0,0.0,0.0,0.0,0.0
1998-08-19 16:00:00-04:00,0.0,22.6553,22.4494,22.6553,7500,0.0,0.0,0.0,0.0,0.0
1998-08-20 16:00:00-04:00,0.0,22.6553,22.192,22.6038,22300,0.0,0.0,0.0,0.0,0.0
1998-08-21 16:00:00-04:00,0.0,23.0157,22.4494,22.5524,6500,0.0,0.0,0.0,0.0,0.0
1998-08-24 16:00:00-04:00,0.0,22.6296,22.6296,22.6296,2500,0.0,0.0,0.0,0.0,0.0
1998-08-25 16:00:00-04:00,0.0,22.6553,22.0375,22.2434,23500,0.0,0.0,0.0,0.0,0.0
1998-08-26 16:00:00-04:00,0.0,22.0375,21.8315,22.0375,14400,0.0,0.0,0.0,0.0,0.0
1998-08-27 16:00:00-04:00,0.0,22.2434,21.8315,21.9345,42900,0.0,0.0,0.0,0.0,0.0
1998-08-28 16:00:00-04:00,0.0,22.2434,21.8315,22.2434,5600,0.0,0.0,0.0,0.0,0.0
1998-08-31 16:00:00-04:00,0.0,22.192,22.0375,22.0375,10900,0.0,0.0,0.0,0.0,0.0
1998-09-01 16:00:00-04:00,0.0,22.7583,21.4196,22.3464,33000,0.0,0.0,0.0,0.0,0.0
1998-09-02 16:00:00-04:00,0.0,22.1405,21.2137,21.2137,13200,0.0,0.0,0.0,0.0,0.0
1998-09-03 16:00:00-04:00,0.0,21.4196,20.5958,20.5958,10499,0.0,0.0,0.0,0.0,0.0
1998-09-04 16:00:00-04:00,0.0,21.0077,21.0077,21.0077,800,0.0,0.0,0.0,0.0,0.0
1998-09-08 16:00:00-04:00,0.0,22.2434,20.8018,22.2434,9700,0.0,0.0,0.0,0.0,0.0
1998-09-09 16:00:00-04:00,0.0,21.4196,21.0077,21.0077,33501,0.0,0.0,0.0,0.0,0.0
1998-09-10 16:00:00-04:00,0.0,21.6256,20.5958,20.8018,4999,0.0,0.0,0.0,0.0,0.0
1998-09-11 16:00:00-04:00,0.0,21.6256,20.5958,21.4196,38200,0.0,0.0,0.0,0.0,0.0
1998-09-14 16:00:00-04:00,0.0,21.8315,21.0077,21.0077,1400,0.0,0.0,0.0,0.0,0.0
1998-09-15 16:00:00-04:00,0.0,21.8315,20.8018,20.8018,10700,0.0,0.0,0.0,0.0,0.0
1998-09-16 16:00:00-04:00,0.0,21.4196,20.8018,21.2137,5301,0.0,0.0,0.0,0.0,0.0
1998-09-17 16:00:00-04:00,0.0,21.8315,21.1621,21.8315,10400,0.0,0.0,0.0,0.0,0.0
1998-09-18 16:00:00-04:00,0.0,23.8911,21.9345,23.4792,72800,0.0,0.0,0.0,0.0,0.0
1998-09-21 16:00:00-04:00,0.0,22.2434,21.677,22.2434,13700,0.0,0.0,0.0,0.0,0.0
1998-09-22 16:00:00-04:00,0.0,23.0672,21.8315,22.6553,10600,0.0,0.0,0.0,0.0,0.0
1998-09-23 16:00:00-04:00,0.0,23.8911,22.6038,23.8911,20101,0.0,0.0,0.0,0.0,0.0
1998-09-24 16:00:00-04:00,0.0,23.8911,22.8613,23.2733,24200,0.0,0.0,0.0,0.0,0.0
1998-09-25 16:00:00-04:00,0.0,23.4277,22.7583,23.4277,35500,0.0,0.0,0.0,0.0,0.0
1998-09-28 16:00:00-04:00,0.0,24.2,23.2733,23.6852,47500,0.0,0.0,0.0,0.0,0.0
1998-09-29 16:00:00-04:00,0.0,23.994,23.4792,23.5821,8401,0.0,0.0,0.0,0.0,0.0
1998-09-30 16:00:00-04:00,0.0,24.0971,23.3762,24.0971,14000,0.0,0.0,0.0,0.0,0.0
1998-10-01 16:00:00-04:00,0.0,24.0971,23.3762,24.0971,45600,0.0,0.0,0.0,0.0,0.0
1998-10-02 16:00:00-04:00,0.0,24.303,23.4792,23.6852,18300,0.0,0.0,0.0,0.0,0.0
1998-10-05 16:00:00-04:00,0.0,23.6852,23.2733,23.2733,26700,0.0,0.0,0.0,0.0,0.0
1998-10-06 16:00:00-04:00,0.0,23.6852,23.0672,23.6852,55700,0.0,0.0,0.0,0.0,0.0
1998-10-07 16:00:00-04:00,0.0,23.5821,23.0672,23.0672,6500,0.0,0.0,0.0,0.0,0.0
1998-10-08 16:00:00-04:00,0.0,23.4792,22.6553,22.6553,11600,0.0,0.0,0.0,0.0,0.0
1998-10-09 16:00:00-04:00,0.0,23.4792,22.6553,23.4792,7399,0.0,0.0,0.0,0.0,0.0
1998-10-12 16:00:00-04:00,0.0,23.4792,23.0672,23.4792,2300,0.0,0.0,0.0,0.0,0.0
1998-10-13 16:00:00-04:00,0.0,23.5821,23.0672,23.1703,1500,0.0,0.0,0.0,0.0,0.0
1998-10-14 16:00:00-04:00,0.0,23.4277,23.2217,23.4277,1400,0.0,0.0,0.0,0.0,0.0
1998-10-15 16:00:00-04:00,0.0,23.4277,23.2733,23.3248,2800,0.0,0.0,0.0,0.0,0.0
1998-10-16 16:00:00-04:00,0.0,23.6852,23.2217,23.6852,21300,0.0,0.0,0.0,0.0,0.0
1998-10-19 16:00:00-04:00,0.0,23.8911,23.3762,23.4792,12400,0.0,0.0,0.0,0.0,0.0
1998-10-20 16:00:00-04:00,0.0,24.0971,23.5821,23.994,34700,0.0,0.0,0.0,0.0,0.0
1998-10-21 16:00:00-04:00,0.0,24.0971,23.4792,23.7881,26700,0.0,0.0,0.0,0.0,0.0
1998-10-22 16:00:00-04:00,0.0,24.0971,23.5821,24.0971,15800,0.0,0.0,0.0,0.0,0.0
1998-10-23 16:00:00-04:00,0.0,24.303,23.8911,24.0971,46100,0.0,0.0,0.0,0.0,0.0
1998-10-26 16:00:00-05:00,0.0,24.0971,23.6852,23.8396,12201,0.0,0.0,0.0,0.0,0.0
1998-10-27 16:00:00-05:00,0.0,24.0971,23.8911,23.8911,18000,0.0,0.0,0.0,0.0,0.0
1998-10-28 16:00:00-05:00,0.0,24.303,23.8911,24.0971,16900,0.0,0.0,0.0,0.0,0.0
1998-10-29 16:00:00-05:00,0.0,24.303,23.994,24.0971,9101,0.0,0.0,0.0,0.0,0.0
1998-10-30 16:00:00-05:00,0.0,24.509,23.8911,23.994,139401,0.0,0.0,0.0,0.0,0.0
1998-11-02 16:00:00-05:00,0.0,24.8179,24.2515,24.8179,155000,0.0,0.0,0.0,0.0,0.0
1998-11-03 16:00:00-05:00,0.0,24.7149,24.0971,24.7149,11100,0.0,0.0,0.0,0.0,0.0
1998-11-04 16:00:00-05:00,0.0,24.7149,24.303,24.303,18200,0.0,0.0,0.0,0.0,0.0
1998-11-05 16:00:00-05:00,0.0,24.5605,24.0971,24.4059,17200,0.0,0.0,0.0,0.0,0.0
1998-11-06 16:00:00-05:00,0.0,25.0239,24.0971,24.509,42101,0.0,0.0,0.0,0.0,0.0
1998-11-09 16:00:00-05:00,0.0,24.6635,24.0971,24.6635,20300,0.0,0.0,0.0,0.0,0.0
1998-11-10 16:00:00-05:00,0.0,25.4358,24.303,25.2298,31000,0.0,0.0,0.0,0.0,0.0
1998-11-11 16:00:00-05:00,0.0,25.5387,24.8179,25.3328,13700,0.0,0.0,0.0,0.0,0.0
1998-11-12 16:00:00-05:00,0.0,25.9507,25.3328,25.4358,20900,0.0,0.0,0.0,0.0,0.0
1998-11-13 16:00:00-05:00,0.0,25.4358,25.1268,25.2298,2400,0.0,0.0,0.0,0.0,0.0
1998-11-16 16:00:00-05:00,0.0,25.7447,25.3586,25.3586,15200,0.0,0.0,0.0,0.0,0.0
1998-11-17 16:00:00-05:00,0.0,25.6417,25.1268,25.1268,33000,0.0,0.0,0.0,0.0,0.0
1998-11-18 16:00:00-05:00,0.0,25.7447,25.1268,25.5387,10700,0.0,0.0,0.0,0.0,0.0
1998-11-19 16:00:00-05:00,0.0,25.7447,25.1268,25.7447,1600,0.0,0.0,0.0,0.0,0.0
1998-11-20 16:00:00-05:00,0.0,25.3843,25.1268,25.1268,8600,0.0,0.0,0.0,0.0,0.0
1998-11-23 16:00:00-05:00,0.0,26.0536,25.3328,25.3328,9600,0.0,0.0,0.0,0.0,0.0
1998-11-24 16:00:00-05:00,0.0,25.7447,25.5387,25.6417,15700,0.0,0.0,0.0,0.0,0.0
1998-11-25 16:00:00-05:00,0.0,26.7745,25.7447,26.7745,25500,0.0,0.0,0.0,0.0,0.0
1998-11-27 16:00:00-05:00,0.0,26.8774,26.3626,26.5686,13000,0.0,0.0,0.0,0.0,0.0
1998-11-30 16:00:00-05:00,0.0,27.7013,25.9507,27.6498,55899,0.0,0.0,0.0,0.0,0.0
1998-12-01 16:00:00-05:00,0.0,27.9073,26.9804,27.8043,64499,0.0,0.0,0.0,0.0,0.0
1998-12-02 16:00:00-05:00,0.0,28.4353,27.0758,28.0954,34600,0.0,0.0,0.0,0.0,0.0
1998-12-03 16:00:00-05:00,0.0,28.0954,27.1891,27.1891,8800,0.0,0.0,0.0,0.0,0.0
1998-12-04 16:00:00-05:00,0.0,28.0954,27.1891,28.0954,6799,0.0,0.0,0.0,0.0,0.0
1998-12-07 16:00:00-05:00,0.0,28.0954,27.1891,27.6423,1600,0.0,0.0,0.0,0.0,0.0
1998-12-08 16:00:00-05:00,0.0,27.8688,27.6989,27.8688,900,0.0,0.0,0.0,0.0,0.0
1998-12-09 16:00:00-05:00,0.0,28.0388,27.4157,27.4157,12600,0.0,0.0,0.0,0.0,0.0
1998-12-10 16:00:00-05:00,0.0,28.0388,27.1891,27.4157,8400,0.0,0.0,0.0,0.0,0.0
1998-12-11 16:00:00-05:00,0.0,27.6423,26.9625,27.6423,4700,0.0,0.0,0.0,0.0,0.0
1998-12-14 16:00:00-05:00,0.0,27.529,26.736,26.736,10800,0.0,0.0,0.0,0.0,0.0
1998-12-15 16:00:00-05:00,0.0,26.9625,26.2828,26.9625,599,0.0,0.0,0.0,0.0,0.0
1998-12-16 16:00:00-05:00,0.0,26.3395,24.6968,24.9234,11000,0.0,0.0,0.0,0.0,0.0
1998-12-17 16:00:00-05:00,0.0,26.0562,25.3765,25.943,8201,0.0,0.0,0.0,0.0,0.0
1998-12-18 16:00:00-05:00,0.0,26.1695,25.3765,25.8863,70700,0.0,0.0,0.0,0.0,0.0
1998-12-21 16:00:00-05:00,0.0,26.0562,25.3765,25.7164,15400,0.0,0.0,0.0,0.0,0.0
1998-12-22 16:00:00-05:00,0.0,25.7164,24.4702,25.6031,229900,0.0,0.0,0.0,0.0,0.0
1998-12-23 16:00:00-05:00,0.0,25.7164,24.4702,24.9234,210800,0.0,0.0,0.0,0.0,0.0
1998-12-24 16:00:00-05:00,0.0,25.2632,24.7534,25.1499,3699,0.0,0.0,0.0,0.0,0.0
1998-12-28 16:00:00-05:00,0.0,25.2632,24.6968,25.2632,4900,0.0,0.0,0.0,0.0,0.0
1998-12-29 16:00:00-05:00,0.0,25.6031,24.6968,25.4332,10400,0.0,0.0,0.0,0.0,0.0
1998-12-30 16:00:00-05:00,0.0,25.943,25.3765,25.4898,15000,0.0,0.0,0.0,0.0,0.0
1998-12-31 16:00:00-05:00,0.0,26.2828,25.6031,26.2262,9800,0.0,0.0,0.0,0.0,0.0
1999-01-04 16:00:00-05:00,0.0,27.6423,25.8297,27.4723,64500,0.0,0.0,0.0,0.0,0.0
1999-01-05 16:00:00-05:00,0.0,27.4723,26.5094,26.9625,50300,0.0,0.0,0.0,0.0,0.0
1999-01-06 16:00:00-05:00,0.0,27.3024,26.736,27.0192,10599,0.0,0.0,0.0,0.0,0.0
1999-01-07 16:00:00-05:00,0.0,27.1891,26.736,26.736,11700,0.0,0.0,0.0,0.0,0.0
1999-01-08 16:00:00-05:00,0.0,27.1891,26.736,26.736,11600,0.0,0.0,0.0,0.0,0.0
1999-01-11 16:00:00-05:00,0.0,27.1891,25.7164,25.7164,17200,0.0,0.0,0.0,0.0,0.0
1999-01-12 16:00:00-05:00,0.0,26.5094,25.8297,26.2828,4800,0.0,0.0,0.0,0.0,0.0
1999-01-13 16:00:00-05:00,0.0,26.2828,25.1499,25.4898,4100,0.0,0.0,0.0,0.0,0.0
1999-01-14 16:00:00-05:00,0.0,25.8297,25.1499,25.2916,21000,0.0,0.0,0.0,0.0,0.0
1999-01-15 16:00:00-05:00,0.0,25.6031,24.9234,25.6031,11000,0.0,0.0,0.0,0.0,0.0
1999-01-19 16:00:00-05:00,0.0,25.943,25.1499,25.943,7501,0.0,0.0,0.0,0.0,0.0
1999-01-20 16:00:00-05:00,0.0,26.1695,25.2632,25.6031,15000,0.0,0.0,0.0,0.0,0.0
1999-01-21 16:00:00-05:00,0.0,25.943,25.1499,25.1499,8800,0.0,0.0,0.0,0.0,0.0
1999-01-22 16:00:00-05:00,0.0,25.1499,24.4702,24.5835,8100,0.0,0.0,0.0,0.0,0.0
1999-01-25 16:00:00-05:00,0.0,25.2632,23.6205,23.6205,18400,0.0,0.0,0.0,0.0,0.0
1999-01-26 16:00:00-05:00,0.0,24.8101,23.7905,24.4702,12800,0.0,0.0,0.0,0.0,0.0
1999-01-27 16:00:00-05:00,0.0,24.4702,23.7905,24.1303,19000,0.0,0.0,0.0,0.0,0.0
1999-01-28 16:00:00-05:00,0.0,24.2436,23.7905,23.7905,18000,0.0,0.0,0.0,0.0,0.0
1999-01-29 16:00:00-05:00,0.0,24.4702,23.7905,24.3569,27100,0.0,0.0,0.0,0.0,0.0
1999-02-01 16:00:00-05:00,0.0,24.0171,23.7905,23.9038,25900,0.0,0.0,0.0,0.0,0.0
1999-02-02 16:00:00-05:00,0.0,23.9038,23.5639,23.6772,52700,0.0,0.0,0.0,0.0,0.0
1999-02-03 16:00:00-05:00,0.0,24.3569,23.5639,24.3569,14800,0.0,0.0,0.0,0.0,0.0
1999-02-04 16:00:00-05:00,0.0,24.3569,23.2807,23.3373,22800,0.0,0.0,0.0,0.0,0.0
1999-02-05 16:00:00-05:00,0.0,23.3373,22.9975,23.1108,16200,0.0,0.0,0.0,0.0,0.0
1999-02-08 16:00:00-05:00,0.0,24.1303,22.6576,23.3373,23200,0.0,0.0,0.0,0.0,0.0
1999-02-09 16:00:00-05:00,0.0,23.6772,22.7709,22.7709,12000,0.0,0.0,0.0,0.0,0.0
1999-02-10 16:00:00-05:00,0.0,22.7709,21.8646,22.0912,22300,0.0,0.0,0.0,0.0,0.0
1999-02-11 16:00:00-05:00,0.0,22.0912,21.0716,21.2981,20900,0.0,0.0,0.0,0.0,0.0
1999-02-12 16:00:00-05:00,0.0,21.9779,20.6184,21.8646,24800,0.0,0.0,0.0,0.0,0.0
1999-02-16 16:00:00-05:00,0.0,21.8646,21.2981,21.2981,20700,0.0,0.0,0.0,0.0,0.0
1999-02-17 16:00:00-05:00,0.0,21.8646,20.845,20.845,41500,0.0,0.0,0.0,0.0,0.0
1999-02-18 16:00:00-05:00,0.0,22.3177,20.6184,20.9583,36000,0.0,0.0,0.0,0.0,0.0
1999-02-19 16:00:00-05:00,0.0,22.601,21.1849,21.1849,18300,0.0,0.0,0.0,0.0,0.0
1999-02-22 16:00:00-05:00,0.0,22.5443,21.0716,21.0716,10599,0.0,0.0,0.0,0.0,0.0
1999-02-23 16:00:00-05:00,0.0,22.5443,21.2981,21.638,16200,0.0,0.0,0.0,0.0,0.0
1999-02-24 16:00:00-05:00,0.0,22.2044,20.6751,20.6751,28900,0.0,0.0,0.0,0.0,0.0
1999-02-25 16:00:00-05:00,0.0,21.5247,20.4485,20.7317,31600,0.0,0.0,0.0,0.0,0.0
1999-02-26 16:00:00-05:00,0.0,21.0716,20.5618,21.0716,14300,0.0,0.0,0.0,0.0,0.0
1999-03-01 16:00:00-05:00,0.0,22.9975,20.5618,22.6576,17000,0.0,0.0,0.0,0.0,0.0
1999-03-02 16:00:00-05:00,0.0,23.4506,22.601,22.601,22600,0.0,0.0,0.0,0.0,0.0
1999-03-03 16:00:00-05:00,0.0,22.6576,20.845,21.2981,16500,0.0,0.0,0.0,0.0,0.0
1999-03-04 16:00:00-05:00,0.0,21.1849,20.845,20.845,4900,0.0,0.0,0.0,0.0,0.0
1999-03-05 16:00:00-05:00,0.0,21.5247,21.1849,21.5247,6400,0.0,0.0,0.0,0.0,0.0
1999-03-08 16:00:00-05:00,0.0,21.7513,21.1849,21.2981,8600,0.0,0.0,0.0,0.0,0.0
1999-03-09 16:00:00-05:00,0.0,21.6947,21.0716,21.6947,6700,0.0,0.0,0.0,0.0,0.0
1999-03-10 16:00:00-05:00,0.0,21.9212,20.7883,20.7883,14800,0.0,0.0,0.0,0.0,0.0
1999-03-11 16:00:00-05:00,0.0,21.2981,20.5618,20.5618,11200,0.0,0.0,0.0,0.0,0.0
1999-03-12 16:00:00-05:00,0.0,21.1849,20.4485,20.845,11900,0.0,0.0,0.0,0.0,0.0
1999-03-15 16:00:00-05:00,0.0,21.1849,20.845,21.1849,7200,0.0,0.0,0.0,0.0,0.0
1999-03-16 16:00:00-05:00,0.0,21.2981,20.845,21.0716,16301,0.0,0.0,0.0,0.0,0.0
1999-03-17 16:00:00-05:00,0.0,20.9583,20.3918,20.3918,20300,0.0,0.0,0.0,0.0,0.0
1999-03-18 16:00:00-05:00,0.0,20.7317,20.3918,20.3918,6000,0.0,0.0,0.0,0.0,0.0
1999-03-19 16:00:00-05:00,0.0,20.7317,20.1653,20.2786,23200,0.0,0.0,0.0,0.0,0.0
1999-03-22 16:00:00-05:00,0.0,20.7317,20.2786,20.7317,12800,0.0,0.0,0.0,0.0,0.0
1999-03-23 16:00:00-05:00,0.0,20.7317,20.1653,20.4485,17100,0.0,0.0,0.0,0.0,0.0
1999-03-24 16:00:00-05:00,0.0,20.3918,19.9387,20.1653,17200,0.0,0.0,0.0,0.0,0.0
1999-03-25 16:00:00-05:00,0.0,21.2981,20.1653,21.2981,13300,0.0,0.0,0.0,0.0,0.0
1999-03-26 16:00:00-05:00,0.0,21.7513,20.845,21.7513,16900,0.0,0.0,0.0,0.0,0.0
1999-03-29 16:00:00-05:00,0.0,22.5443,21.638,22.431,22900,0.0,0.0,0.0,0.0,0.0
1999-03-30 16:00:00-05:00,0.0,22.431,21.7513,22.431,14800,0.0,0.0,0.0,0.0,0.0
1999-03-31 16:00:00-05:00,0.0,22.6576,18.8058,19.7121,93300,0.0,0.0,0.0,0.0,0.0
1999-04-01 16:00:00-05:00,0.0,20.9016,20.1653,20.845,59899,0.0,0.0,0.0,0.0,0.0
1999-04-05 16:00:00-04:00,0.0,21.8079,20.7883,21.8079,19300,0.0,0.0,0.0,0.0,0.0
1999-04-06 16:00:00-04:00,0.0,22.1478,21.2981,21.2981,66099,0.0,0.0,0.0,0.0,0.0
1999-04-07 16:00:00-04:00,0.0,21.1849,20.2219,20.3918,66000,0.0,0.0,0.0,0.0,0.0
1999-04-08 16:00:00-04:00,0.0,21.0716,20.5051,21.0716,65500,0.0,0.0,0.0,0.0,0.0
1999-04-09 16:00:00-04:00,0.0,20.845,20.052,20.2786,36400,0.0,0.0,0.0,0.0,0.0
1999-04-12 16:00:00-04:00,0.0,20.2786,19.9387,20.1086,50700,0.0,0.0,0.0,0.0,0.0
1999-04-13 16:00:00-04:00,0.0,20.2786,19.7121,19.7121,145100,0.0,0.0,0.0,0.0,0.0
1999-04-14 16:00:00-04:00,0.0,20.6184,19.4855,20.6184,22800,0.0,0.0,0.0,0.0,0.0
1999-04-15 16:00:00-04:00,0.0,21.9779,19.0324,19.0324,116900,0.0,0.0,0.0,0.0,0.0
1999-04-16 16:00:00-04:00,0.0,20.9016,19.4855,19.9387,34800,0.0,0.0,0.0,0.0,0.0
1999-04-19 16:00:00-04:00,0.0,20.845,19.9387,20.845,17200,0.0,0.0,0.0,0.0,0.0
1999-04-20 16:00:00-04:00,0.0,21.1849,20.5051,20.9583,21301,0.0,0.0,0.0,0.0,0.0
1999-04-21 16:00:00-04:00,0.0,21.6947,20.6751,21.2981,62000,0.0,0.0,0.0,0.0,0.0
1999-04-22 16:00:00-04:00,0.0,21.4681,21.1849,21.4681,15200,0.0,0.0,0.0,0.0,0.0
1999-04-23 16:00:00-04:00,0.0,21.3832,20.845,21.2981,8699,0.0,0.0,0.0,0.0,0.0
1999-04-26 16:00:00-04:00,0.0,21.1849,20.7317,20.9016,9200,0.0,0.0,0.0,0.0,0.0
1999-04-27 16:00:00-04:00,0.0,21.8646,21.0716,21.638,21799,0.0,0.0,0.0,0.0,0.0
1999-04-28 16:00:00-04:00,0.0,21.638,21.2981,21.638,3800,0.0,0.0,0.0,0.0,0.0
1999-04-29 16:00:00-04:00,0.0,21.2981,20.3918,21.0716,22300,0.0,0.0,0.0,0.0,0.0
1999-04-30 16:00:00-04:00,0.0,20.845,19.259,19.5988,23900,0.0,0.0,0.0,0.0,0.0
1999-05-03 16:00:00-04:00,0.0,20.1653,19.4855,20.1653,24700,0.0,0.0,0.0,0.0,0.0
1999-05-04 16:00:00-04:00,0.0,20.6184,19.0324,19.0324,39700,0.0,0.0,0.0,0.0,0.0
1999-05-05 16:00:00-04:00,0.0,20.1653,19.0324,19.9387,19500,0.0,0.0,0.0,0.0,0.0
1999-05-06 16:00:00-04:00,0.0,19.9387,19.4855,19.7121,8900,0.0,0.0,0.0,0.0,0.0
1999-05-07 16:00:00-04:00,0.0,19.9387,19.4855,19.9387,12400,0.0,0.0,0.0,0.0,0.0
1999-05-10 16:00:00-04:00,0.0,20.1653,19.4855,20.1086,35601,0.0,0.0,0.0,0.0,0.0
1999-05-11 16:00:00-04:00,0.0,20.845,20.052,20.845,4100,0.0,0.0,0.0,0.0,0.0
1999-05-12 16:00:00-04:00,0.0,20.6184,20.052,20.5051,5400,0.0,0.0,0.0,0.0,0.0
1999-05-13 16:00:00-04:00,0.0,20.6184,20.052,20.2219,2000,0.0,0.0,0.0,0.0,0.0
1999-05-14 16:00:00-04:00,0.0,20.845,19.9387,20.1653,16900,0.0,0.0,0.0,0.0,0.0
1999-05-17 16:00:00-04:00,0.0,20.2786,19.9387,20.1653,11700,0.0,0.0,0.0,0.0,0.0
1999-05-18 16:00:00-04:00,0.0,20.3918,19.3722,20.3918,34000,0.0,0.0,0.0,0.0,0.0
1999-05-19 16:00:00-04:00,0.0,21.2981,19.9387,20.5051,42900,0.0,0.0,0.0,0.0,0.0
1999-05-20 16:00:00-04:00,0.0,20.6184,20.1086,20.3352,32100,0.0,0.0,0.0,0.0,0.0
1999-05-21 16:00:00-04:00,0.0,20.9583,20.2219,20.9016,13400,0.0,0.0,0.0,0.0,0.0
1999-05-24 16:00:00-04:00,0.0,20.9583,20.6184,20.7317,2900,0.0,0.0,0.0,0.0,0.0
1999-05-25 16:00:00-04:00,0.0,21.0716,20.2786,21.0716,6000,0.0,0.0,0.0,0.0,0.0
1999-05-26 16:00:00-04:00,0.0,20.7317,20.3918,20.7317,16301,0.0,0.0,0.0,0.0,0.0
1999-05-27 16:00:00-04:00,0.0,20.9583,20.4485,20.9583,27400,0.0,0.0,0.0,0.0,0.0
1999-05-28 16:00:00-04:00,0.0,21.5247,20.845,21.5247,50300,0.0,0.0,0.0,0.0,0.0
1999-06-01 16:00:00-04:00,0.0,22.601,21.1849,22.601,54899,0.0,0.0,0.0,0.0,0.0
1999-06-02 16:00:00-04:00,0.0,21.9779,21.1282,21.1849,24401,0.0,0.0,0.0,0.0,0.0
1999-06-03 16:00:00-04:00,0.0,21.1849,20.3352,20.3352,20700,0.0,0.0,0.0,0.0,0.0
1999-06-04 16:00:00-04:00,0.0,20.3918,20.1653,20.3918,5300,0.0,0.0,0.0,0.0,0.0
1999-06-07 16:00:00-04:00,0.0,20.3918,20.052,20.052,16301,0.0,0.0,0.0,0.0,0.0
1999-06-08 16:00:00-04:00,0.0,20.3918,19.9387,20.3918,2300,0.0,0.0,0.0,0.0,0.0
1999-06-09 16:00:00-04:00,0.0,20.7317,20.3918,20.6184,23900,0.0,0.0,0.0,0.0,0.0
1999-06-10 16:00:00-04:00,0.0,20.6184,20.1653,20.3918,15000,0.0,0.0,0.0,0.0,0.0
1999-06-11 16:00:00-04:00,0.0,20.6751,20.2786,20.6751,28699,0.0,0.0,0.0,0.0,0.0
1999-06-14 16:00:00-04:00,0.0,20.6184,19.8254,19.8254,22501,0.0,0.0,0.0,0.0,0.0
1999-06-15 16:00:00-04:00,0.0,20.3918,19.7688,19.8254,3699,0.0,0.0,0.0,0.0,0.0
1999-06-16 16:00:00-04:00,0.0,20.3918,19.8254,20.3918,5900,0.0,0.0,0.0,0.0,0.0
1999-06-17 16:00:00-04:00,0.0,20.3918,19.8254,19.9953,10200,0.0,0.0,0.0,0.0,0.0
1999-06-18 16:00:00-04:00,0.0,20.9583,20.1653,20.5051,31799,0.0,0.0,0.0,0.0,0.0
1999-06-21 16:00:00-04:00,0.0,20.137,19.7121,19.8254,21100,0.0,0.0,0.0,0.0,0.0
1999-06-22 16:00:00-04:00,0.0,20.052,19.8254,19.9387,2200,0.0,0.0,0.0,0.0,0.0
1999-06-23 16:00:00-04:00,0.0,19.9387,19.6555,19.8254,11700,0.0,0.0,0.0,0.0,0.0
1999-06-24 16:00:00-04:00,0.0,19.9387,19.7121,19.7688,1400,0.0,0.0,0.0,0.0,0.0
1999-06-25 16:00:00-04:00,0.0,19.9387,19.5988,19.8254,40200,0.0,0.0,0.0,0.0,0.0
1999-06-28 16:00:00-04:00,0.0,19.882,19.4855,19.5988,15100,0.0,0.0,0.0,0.0,0.0
1999-06-29 16:00:00-04:00,0.0,20.3352,19.4855,19.5988,27900,0.0,0.0,0.0,0.0,0.0
1999-06-30 16:00:00-04:00,0.0,21.2981,19.5422,20.5051,55700,0.0,0.0,0.0,0.0,0.0
1999-07-01 16:00:00-04:00,0.0,21.5814,20.5051,21.2981,29200,0.0,0.0,0.0,0.0,0.0
1999-07-02 16:00:00-04:00,0.0,21.7513,20.6184,21.7513,32900,0.0,0.0,0.0,0.0,0.0
1999-07-06 16:00:00-04:00,0.0,21.638,21.1849,21.2415,12700,0.0,0.0,0.0,0.0,0.0
1999-07-07 16:00:00-04:00,0.0,21.4114,21.0716,21.1282,28800,0.0,0.0,0.0,0.0,0.0
1999-07-08 16:00:00-04:00,0.0,21.2981,20.6184,20.845,14300,0.0,0.0,0.0,0.0,0.0
1999-07-09 16:00:00-04:00,0.0,20.9583,20.6184,20.9583,3699,0.0,0.0,0.0,0.0,0.0
1999-07-12 16:00:00-04:00,0.0,20.9583,20.6184,20.7883,10500,0.0,0.0,0.0,0.0,0.0
1999-07-13 16:00:00-04:00,0.0,20.7883,20.6184,20.7883,2900,0.0,0.0,0.0,0.0,0.0
1999-07-14 16:00:00-04:00,0.0,21.0716,20.6184,20.845,9100,0.0,0.0,0.0,0.0,0.0
1999-07-15 16:00:00-04:00,0.0,20.9583,20.6184,20.9016,24200,0.0,0.0,0.0,0.0,0.0
1999-07-16 16:00:00-04:00,0.0,21.0716,20.7317,21.0716,4200,0.0,0.0,0.0,0.0,0.0
1999-07-19 16:00:00-04:00,0.0,20.9016,20.3918,20.9016,11900,0.0,0.0,0.0,0.0,0.0
1999-07-20 16:00:00-04:00,0.0,20.3918,19.5988,19.5988,31799,0.0,0.0,0.0,0.0,0.0
1999-07-21 16:00:00-04:00,0.0,20.3918,19.5988,20.3918,22800,0.0,0.0,0.0,0.0,0.0
1999-07-22 16:00:00-04:00,0.0,20.6751,20.052,20.6751,27200,0.0,0.0,0.0,0.0,0.0
1999-07-23 16:00:00-04:00,0.0,20.4485,20.2786,20.2786,21799,0.0,0.0,0.0,0.0,0.0
1999-07-26 16:00:00-04:00,0.0,20.5618,20.052,20.3918,8699,0.0,0.0,0.0,0.0,0.0
1999-07-27 16:00:00-04:00,0.0,20.7317,20.1653,20.7317,11600,0.0,0.0,0.0,0.0,0.0
1999-07-28 16:00:00-04:00,0.0,20.5618,20.2786,20.4485,8400,0.0,0.0,0.0,0.0,0.0
1999-07-29 16:00:00-04:00,0.0,20.5618,20.2219,20.5051,19000,0.0,0.0,0.0,0.0,0.0
1999-07-30 16:00:00-04:00,0.0,20.845,20.1653,20.845,15300,0.0,0.0,0.0,0.0,0.0
1999-08-02 16:00:00-04:00,0.0,20.6184,20.052,20.6184,10100,0.0,0.0,0.0,0.0,0.0
1999-08-03 16:00:00-04:00,0.0,20.845,20.2786,20.845,22200,0.0,0.0,0.0,0.0,0.0
1999-08-04 16:00:00-04:00,0.0,21.0149,20.6751,21.0149,16600,0.0,0.0,0.0,0.0,0.0
1999-08-05 16:00:00-04:00,0.0,20.9583,20.5618,20.9583,12501,0.0,0.0,0.0,0.0,0.0
1999-08-06 16:00:00-04:00,0.0,21.0149,20.6184,20.845,22300,0.0,0.0,0.0,0.0,0.0
1999-08-09 16:00:00-04:00,0.0,21.0149,20.6184,20.845,4800,0.0,0.0,0.0,0.0,0.0
1999-08-10 16:00:00-04:00,0.0,21.0716,20.7317,20.9016,25000,0.0,0.0,0.0,0.0,0.0
1999-08-11 16:00:00-04:00,0.0,20.9583,20.6751,20.9583,25700,0.0,0.0,0.0,0.0,0.0
1999-08-12 16:00:00-04:00,0.0,20.845,19.9953,20.2786,20200,0.0,0.0,0.0,0.0,0.0
1999-08-13 16:00:00-04:00,0.0,20.5335,19.9387,20.4485,11900,0.0,0.0,0.0,0.0,0.0
1999-08-16 16:00:00-04:00,0.0,21.2415,20.1653,21.0149,35800,0.0,0.0,0.0,0.0,0.0
1999-08-17 16:00:00-04:00,0.0,21.1849,20.2219,20.2219,8201,0.0,0.0,0.0,0.0,0.0
1999-08-18 16:00:00-04:00,0.0,20.052,20.052,20.052,7600,0.0,0.0,0.0,0.0,0.0
1999-08-19 16:00:00-04:00,0.0,20.6751,20.052,20.6751,2700,0.0,0.0,0.0,0.0,0.0
1999-08-20 16:00:00-04:00,0.0,20.6184,20.2786,20.2786,5100,0.0,0.0,0.0,0.0,0.0
1999-08-23 16:00:00-04:00,0.0,20.6751,20.052,20.3918,2600,0.0,0.0,0.0,0.0,0.0
1999-08-24 16:00:00-04:00,0.0,20.2786,19.9953,20.1653,4401,0.0,0.0,0.0,0.0,0.0
1999-08-25 16:00:00-04:00,0.0,20.5051,20.052,20.3918,11700,0.0,0.0,0.0,0.0,0.0
1999-08-26 16:00:00-04:00,0.0,20.3352,19.9387,20.3352,10599,0.0,0.0,0.0,0.0,0.0
1999-08-27 16:00:00-04:00,0.0,20.3918,19.9953,19.9953,13300,0.0,0.0,0.0,0.0,0.0
1999-08-30 16:00:00-04:00,0.0,19.9387,19.7121,19.7121,12000,0.0,0.0,0.0,0.0,0.0
1999-08-31 16:00:00-04:00,0.0,19.9387,18.5792,18.7492,65500,0.0,0.0,0.0,0.0,0.0
1999-09-01 16:00:00-04:00,0.0,19.7688,18.7492,19.4289,45100,0.0,0.0,0.0,0.0,0.0
1999-09-02 16:00:00-04:00,0.0,19.1457,18.9475,19.1457,16000,0.0,0.0,0.0,0.0,0.0
1999-09-03 16:00:00-04:00,0.0,19.7688,19.0324,19.7688,49200,0.0,0.0,0.0,0.0,0.0
1999-09-07 16:00:00-04:00,0.0,20.1086,19.259,19.7121,37400,0.0,0.0,0.0,0.0,0.0
1999-09-08 16:00:00-04:00,0.0,19.3722,18.8058,18.9191,216200,0.0,0.0,0.0,0.0,0.0
1999-09-09 16:00:00-04:00,0.0,19.259,19.259,19.259,500,0.0,0.0,0.0,0.0,0.0
1999-09-10 16:00:00-04:00,0.0,19.5988,19.089,19.5988,13400,0.0,0.0,0.0,0.0,0.0
1999-09-13 16:00:00-04:00,0.0,19.5988,18.9757,19.089,10900,0.0,0.0,0.0,0.0,0.0
1999-09-14 16:00:00-04:00,0.0,19.259,18.7492,19.259,7900,0.0,0.0,0.0,0.0,0.0
1999-09-15 16:00:00-04:00,0.0,18.8058,18.6359,18.8058,8000,0.0,0.0,0.0,0.0,0.0
1999-09-16 16:00:00-04:00,0.0,18.6359,18.4093,18.551,15000,0.0,0.0,0.0,0.0,0.0
1999-09-17 16:00:00-04:00,0.0,19.3722,18.6359,18.6359,13100,0.0,0.0,0.0,0.0,0.0
1999-09-20 16:00:00-04:00,0.0,19.0324,18.6359,18.6925,6600,0.0,0.0,0.0,0.0,0.0
1999-09-21 16:00:00-04:00,0.0,19.0324,18.4659,18.8058,19700,0.0,0.0,0.0,0.0,0.0
1999-09-22 16:00:00-04:00,0.0,18.6925,18.6925,18.6925,1799,0.0,0.0,0.0,0.0,0.0
1999-09-23 16:00:00-04:00,0.0,19.2023,18.6925,19.2023,7501,0.0,0.0,0.0,0.0,0.0
1999-09-24 16:00:00-04:00,0.0,18.6925,18.1827,18.4093,20300,0.0,0.0,0.0,0.0,0.0
1999-09-27 16:00:00-04:00,0.0,19.5988,18.4659,19.259,13200,0.0,0.0,0.0,0.0,0.0
1999-09-28 16:00:00-04:00,0.0,19.5988,19.259,19.259,8400,0.0,0.0,0.0,0.0,0.0
1999-09-29 16:00:00-04:00,0.0,20.1086,19.259,20.052,41200,0.0,0.0,0.0,0.0,0.0
1999-09-30 16:00:00-04:00,0.0,21.2981,18.6925,21.2981,102200,0.0,0.0,0.0,0.0,0.0
1999-10-01 16:00:00-04:00,0.0,21.4114,20.5051,21.2981,72800,0.0,0.0,0.0,0.0,0.0
1999-10-04 16:00:00-04:00,0.0,23.1108,20.5051,22.3744,32200,0.0,0.0,0.0,0.0,0.0
1999-10-05 16:00:00-04:00,0.0,22.0912,21.0716,22.0345,40200,0.0,0.0,0.0,0.0,0.0
1999-10-06 16:00:00-04:00,0.0,22.431,21.5247,22.2044,36799,0.0,0.0,0.0,0.0,0.0
1999-10-07 16:00:00-04:00,0.0,22.9408,22.2044,22.5443,18300,0.0,0.0,0.0,0.0,0.0
1999-10-08 16:00:00-04:00,0.0,22.6576,21.9212,22.5443,26799,0.0,0.0,0.0,0.0,0.0
1999-10-11 16:00:00-04:00,0.0,22.5443,21.9779,22.516,18100,0.0,0.0,0.0,0.0,0.0
1999-10-12 16:00:00-04:00,0.0,22.5443,22.3177,22.4877,12900,0.0,0.0,0.0,0.0,0.0
1999-10-13 16:00:00-04:00,0.0,22.601,22.0912,22.5443,32200,0.0,0.0,0.0,0.0,0.0
1999-10-14 16:00:00-04:00,0.0,22.3177,21.9212,21.9496,9800,0.0,0.0,0.0,0.0,0.0
1999-10-15 16:00:00-04:00,0.0,21.893,19.7688,20.6184,9000,0.0,0.0,0.0,0.0,0.0
1999-10-18 16:00:00-04:00,0.0,20.845,19.8254,20.845,10700,0.0,0.0,0.0,0.0,0.0
1999-10-19 16:00:00-04:00,0.0,21.7797,19.8254,21.7797,30700,0.0,0.0,0.0,0.0,0.0
1999-10-20 16:00:00-04:00,0.0,21.9779,20.845,21.8646,22200,0.0,0.0,0.0,0.0,0.0
1999-10-21 16:00:00-04:00,0.0,21.7513,19.9387,21.7513,10200,0.0,0.0,0.0,0.0,0.0
1999-10-22 16:00:00-04:00,0.0,21.9212,21.1849,21.3548,10599,0.0,0.0,0.0,0.0,0.0
1999-10-25 16:00:00-04:00,0.0,21.5814,21.1282,21.3832,6100,0.0,0.0,0.0,0.0,0.0
1999-10-26 16:00:00-04:00,0.0,21.4114,20.9016,20.9016,5900,0.0,0.0,0.0,0.0,0.0
1999-10-27 16:00:00-04:00,0.0,21.4114,20.6184,21.3548,16000,0.0,0.0,0.0,0.0,0.0
1999-10-28 16:00:00-04:00,0.0,22.0629,20.845,22.0629,35000,0.0,0.0,0.0,0.0,0.0
1999-10-29 16:00:00-04:00,0.0,22.0912,21.4114,21.9779,30000,0.0,0.0,0.0,0.0,0.0
1999-11-01 16:00:00-05:00,0.0,22.2044,21.5247,22.2044,18400,0.0,0.0,0.0,0.0,0.0
1999-11-02 16:00:00-05:00,0.0,23.0541,21.5247,22.6576,35200,0.0,0.0,0.0,0.0,0.0
1999-11-03 16:00:00-05:00,0.0,22.431,21.9779,22.3744,15200,0.0,0.0,0.0,0.0,0.0
1999-11-04 16:00:00-05:00,0.0,22.431,22.3177,22.431,2200,0.0,0.0,0.0,0.0,0.0
1999-11-05 16:00:00-05:00,0.0,22.431,22.431,22.431,8900,0.0,0.0,0.0,0.0,0.0
1999-11-08 16:00:00-05:00,0.0,22.6576,21.4114,21.4114,3600,0.0,0.0,0.0,0.0,0.0
1999-11-09 16:00:00-05:00,0.0,22.8842,21.5247,22.5443,15900,0.0,0.0,0.0,0.0,0.0
1999-11-10 16:00:00-05:00,0.0,22.5443,20.6184,21.638,12300,0.0,0.0,0.0,0.0,0.0
1999-11-11 16:00:00-05:00,0.0,21.5247,21.1282,21.1282,1400,0.0,0.0,0.0,0.0,0.0
1999-11-12 16:00:00-05:00,0.0,21.1282,20.6751,20.845,2100,0.0,0.0,0.0,0.0,0.0
1999-11-15 16:00:00-05:00,0.0,21.3548,20.052,21.3548,13600,0.0,0.0,0.0,0.0,0.0
1999-11-16 16:00:00-05:00,0.0,21.638,20.1653,20.845,22700,0.0,0.0,0.0,0.0,0.0
1999-11-17 16:00:00-05:00,0.0,20.7883,20.3918,20.7883,16000,0.0,0.0,0.0,0.0,0.0
1999-11-18 16:00:00-05:00,0.0,21.1849,19.9953,21.0716,20900,0.0,0.0,0.0,0.0,0.0
1999-11-19 16:00:00-05:00,0.0,21.2981,21.0716,21.0716,6900,0.0,0.0,0.0,0.0,0.0
1999-11-22 16:00:00-05:00,0.0,21.0149,19.7121,19.7121,37000,0.0,0.0,0.0,0.0,0.0
1999-11-23 16:00:00-05:00,0.0,19.882,19.7688,19.882,13699,0.0,0.0,0.0,0.0,0.0
1999-11-24 16:00:00-05:00,0.0,20.1086,19.7688,20.052,36600,0.0,0.0,0.0,0.0,0.0
1999-11-26 16:00:00-05:00,0.0,20.3918,19.7688,19.7688,6600,0.0,0.0,0.0,0.0,0.0
1999-11-29 16:00:00-05:00,0.0,20.1086,18.1261,19.4855,40900,0.0,0.0,0.0,0.0,0.0
1999-11-30 16:00:00-05:00,0.0,20.5051,18.5792,19.9387,48600,0.0,0.0,0.0,0.0,0.0
1999-12-01 16:00:00-05:00,0.0,21.42,20.23,20.5275,23600,0.0,0.0,0.0,0.0,0.0
1999-12-02 16:00:00-05:00,0.0,20.587,19.6945,19.8135,11900,0.0,0.0,0.0,0.0,0.0
1999-12-03 16:00:00-05:00,0.0,20.944,20.23,20.5275,5000,0.0,0.0,0.0,0.0,0.0
1999-12-06 16:00:00-05:00,0.0,20.944,20.4085,20.4085,9600,0.0,0.0,0.0,0.0,0.0
1999-12-07 16:00:00-05:00,0.0,20.944,20.2895,20.587,26200,0.0,0.0,0.0,0.0,0.0
1999-12-08 16:00:00-05:00,0.0,21.063,20.4085,21.063,11000,0.0,0.0,0.0,0.0,0.0
1999-12-09 16:00:00-05:00,0.0,21.2118,20.468,20.8845,26200,0.0,0.0,0.0,0.0,0.0
1999-12-10 16:00:00-05:00,0.0,21.182,20.8845,21.182,6200,0.0,0.0,0.0,0.0,0.0
1999-12-13 16:00:00-05:00,0.0,22.4315,21.063,22.4315,30700,0.0,0.0,0.0,0.0,0.0
1999-12-14 16:00:00-05:00,0.0,22.0745,20.468,21.063,33200,0.0,0.0,0.0,0.0,0.0
1999-12-15 16:00:00-05:00,0.0,21.2415,20.23,21.2415,19000,0.0,0.0,0.0,0.0,0.0
1999-12-16 16:00:00-05:00,0.0,21.182,19.159,19.159,27100,0.0,0.0,0.0,0.0,0.0
1999-12-17 16:00:00-05:00,0.0,20.8845,19.8135,20.587,43900,0.0,0.0,0.0,0.0,0.0
1999-12-20 16:00:00-05:00,0.0,20.0515,19.159,19.397,7900,0.0,0.0,0.0,0.0,0.0
1999-12-21 16:00:00-05:00,0.0,19.278,18.5045,19.04,32200,0.0,0.0,0.0,0.0,0.0
1999-12-22 16:00:00-05:00,0.0,19.397,18.921,19.04,18700,0.0,0.0,0.0,0.0,0.0
1999-12-23 16:00:00-05:00,0.0,19.754,19.04,19.159,25100,0.0,0.0,0.0,0.0,0.0
1999-12-27 16:00:00-05:00,0.0,19.04,18.3855,18.802,25500,0.0,0.0,0.0,0.0,0.0
1999-12-28 16:00:00-05:00,0.0,19.159,18.326,19.04,19700,0.0,0.0,0.0,0.0,0.0
1999-12-29 16:00:00-05:00,0.0,18.9805,18.802,18.802,6300,0.0,0.0,0.0,0.0,0.0
1999-12-30 16:00:00-05:00,0.0,18.9805,18.802,18.802,22500,0.0,0.0,0.0,0.0,0.0
1999-12-31 16:00:00-05:00,0.0,20.468,18.921,20.349,15900,0.0,0.0,0.0,0.0,0.0
2000-01-03 16:00:00-05:00,20.111,20.111,17.969,18.088,37400,0.0,0.0,0.0,0.0,0.0
2000-01-04 16:00:00-05:00,18.7425,18.7425,17.7905,17.9095,30700,0.0,0.0,0.0,0.0,0.0
2000-01-05 16:00:00-05:00,17.9095,18.1475,17.85,18.088,8600,0.0,0.0,0.0,0.0,0.0
2000-01-06 16:00:00-05:00,18.1475,18.1475,17.612,17.85,18500,0.0,0.0,0.0,0.0,0.0
2000-01-07 16:00:00-05:00,18.0285,18.564,18.0285,18.088,7700,0.0,0.0,0.0,0.0,0.0
2000-01-10 16:00:00-05:00,17.969,18.683,17.7905,18.207,9700,0.0,0.0,0.0,0.0,0.0
2000-01-11 16:00:00-05:00,18.0285,18.0285,16.898,17.136,17800,0.0,0.0,0.0,0.0,0.0
2000-01-12 16:00:00-05:00,17.136,17.136,14.756,16.303,27100,0.0,0.0,0.0,0.0,0.0
2000-01-13 16:00:00-05:00,15.2915,17.612,15.2618,16.898,53200,0.0,0.0,0.0,0.0,0.0
2000-01-14 16:00:00-05:00,16.898,17.85,14.756,14.756,27500,0.0,0.0,0.0,0.0,0.0
2000-01-18 16:00:00-05:00,15.5295,17.374,15.5295,16.898,40300,0.0,0.0,0.0,0.0,0.0
2000-01-19 16:00:00-05:00,16.66,17.255,16.422,17.255,19900,0.0,0.0,0.0,0.0,0.0
2000-01-20 16:00:00-05:00,17.255,18.207,16.422,18.207,30900,0.0,0.0,0.0,0.0,0.0
2000-01-21 16:00:00-05:00,17.731,18.088,17.493,17.493,19000,0.0,0.0,0.0,0.0,0.0
2000-01-24 16:00:00-05:00,17.969,18.088,17.0765,17.5525,6200,0.0,0.0,0.0,0.0,0.0
2000-01-25 16:00:00-05:00,17.0765,17.255,16.184,16.7195,15900,0.0,0.0,0.0,0.0,0.0
2000-01-26 16:00:00-05:00,16.9575,18.0285,16.9575,18.0285,17300,0.0,0.0,0.0,0.0,0.0
2000-01-27 16:00:00-05:00,17.5525,18.564,17.5525,18.088,29200,0.0,0.0,0.0,0.0,0.0
2000-01-28 16:00:00-05:00,17.969,18.1475,17.731,17.731,16800,0.0,0.0,0.0,0.0,0.0
2000-01-31 16:00:00-05:00,17.612,17.85,17.374,17.493,25400,0.0,0.0,0.0,0.0,0.0
2000-02-01 16:00:00-05:00,17.493,17.7905,17.493,17.7905,31900,0.0,0.0,0.0,0.0,0.0
2000-02-02 16:00:00-05:00,17.5525,17.9095,17.255,17.493,4500,0.0,0.0,0.0,0.0,0.0
2000-02-03 16:00:00-05:00,17.612,18.088,17.493,17.612,23000,0.0,0.0,0.0,0.0,0.0
2000-02-04 16:00:00-05:00,17.493,17.85,17.493,17.612,33000,0.0,0.0,0.0,0.0,0.0
2000-02-07 16:00:00-05:00,17.85,17.969,17.612,17.612,24300,0.0,0.0,0.0,0.0,0.0
2000-02-08 16:00:00-05:00,17.612,17.85,17.612,17.731,22800,0.0,0.0,0.0,0.0,0.0
2000-02-09 16:00:00-05:00,17.612,18.0285,17.612,17.612,22400,0.0,0.0,0.0,0.0,0.0
2000-02-10 16:00:00-05:00,17.612,17.7608,17.612,17.731,18300,0.0,0.0,0.0,0.0,0.0
2000-02-11 16:00:00-05:00,17.612,18.088,17.612,17.6715,28200,0.0,0.0,0.0,0.0,0.0
2000-02-14 16:00:00-05:00,0.0,17.731,17.1658,17.731,50600,0.0,0.0,0.0,0.0,0.0
2000-02-15 16:00:00-05:00,17.612,17.731,17.493,17.6715,15300,0.0,0.0,0.0,0.0,0.0
2000-02-16 16:00:00-05:00,17.612,17.731,17.493,17.612,20800,0.0,0.0,0.0,0.0,0.0
2000-02-17 16:00:00-05:00,17.612,17.85,17.612,17.731,6100,0.0,0.0,0.0,0.0,0.0
2000-02-18 16:00:00-05:00,17.85,17.85,17.612,17.612,22500,0.0,0.0,0.0,0.0,0.0
2000-02-22 16:00:00-05:00,17.85,17.969,17.612,17.85,60800,0.0,0.0,0.0,0.0,0.0
2000-02-23 16:00:00-05:00,17.969,18.088,17.612,17.6715,67600,0.0,0.0,0.0,0.0,0.0
2000-02-24 16:00:00-05:00,17.731,18.0285,17.612,17.85,32900,0.0,0.0,0.0,0.0,0.0
2000-02-25 16:00:00-05:00,17.85,18.088,17.7905,17.969,38800,0.0,0.0,0.0,0.0,0.0
2000-02-28 16:00:00-05:00,17.6715,18.088,17.5525,17.85,106100,0.0,0.0,0.0,0.0,0.0
2000-02-29 16:00:00-05:00,17.969,18.326,17.731,18.207,26500,0.0,0.0,0.0,0.0,0.0
2000-03-01 16:00:00-05:00,0.0,18.802,17.969,18.802,31100,0.0,0.0,0.0,0.0,0.0
2000-03-02 16:00:00-05:00,0.0,18.5045,18.088,18.088,16800,0.0,0.0,0.0,0.0,0.0
2000-03-03 16:00:00-05:00,0.0,18.5045,17.969,18.207,19300,0.0,0.0,0.0,0.0,0.0
2000-03-06 16:00:00-05:00,0.0,18.5045,18.088,18.207,22100,0.0,0.0,0.0,0.0,0.0
2000-03-07 16:00:00-05:00,18.088,18.326,16.779,16.9575,57100,0.0,0.0,0.0,0.0,0.0
2000-03-08 16:00:00-05:00,17.0765,17.612,16.898,17.136,26400,0.0,0.0,0.0,0.0,0.0
2000-03-09 16:00:00-05:00,16.898,17.136,16.66,17.136,20300,0.0,0.0,0.0,0.0,0.0
2000-03-10 16:00:00-05:00,16.898,17.136,16.779,16.8385,23200,0.0,0.0,0.0,0.0,0.0
2000-03-13 16:00:00-05:00,16.6005,17.136,16.6005,16.7195,35100,0.0,0.0,0.0,0.0,0.0
2000-03-14 16:00:00-05:00,16.779,17.0765,16.779,17.0765,67200,0.0,0.0,0.0,0.0,0.0
2000-03-15 16:00:00-05:00,16.8087,17.5525,16.779,17.493,59300,0.0,0.0,0.0,0.0,0.0
2000-03-16 16:00:00-05:00,17.3145,18.3855,16.9575,18.1475,47600,0.0,0.0,0.0,0.0,0.0
2000-03-17 16:00:00-05:00,16.898,17.612,16.8385,17.374,12500,0.0,0.0,0.0,0.0,0.0
2000-03-20 16:00:00-05:00,17.4037,17.6715,17.374,17.374,8900,0.0,0.0,0.0,0.0,0.0
2000-03-21 16:00:00-05:00,17.374,17.4335,16.541,17.136,32600,0.0,0.0,0.0,0.0,0.0
2000-03-22 16:00:00-05:00,17.255,17.374,17.0765,17.3145,14700,0.0,0.0,0.0,0.0,0.0
2000-03-23 16:00:00-05:00,17.374,17.374,17.017,17.017,3400,0.0,0.0,0.0,0.0,0.0
2000-03-24 16:00:00-05:00,17.017,17.0765,16.66,16.66,27800,0.0,0.0,0.0,0.0,0.0
2000-03-27 16:00:00-05:00,16.779,16.779,16.66,16.66,45400,0.0,0.0,0.0,0.0,0.0
2000-03-28 16:00:00-05:00,16.66,17.0765,16.66,16.779,51500,0.0,0.0,0.0,0.0,0.0
2000-03-29 16:00:00-05:00,16.9277,17.0765,16.66,16.66,40900,0.0,0.0,0.0,0.0,0.0
2000-03-30 16:00:00-05:00,16.8682,17.017,16.66,17.017,15700,0.0,0.0,0.0,0.0,0.0
2000-03-31 16:00:00-05:00,16.66,17.1955,16.66,17.136,43900,0.0,0.0,0.0,0.0,0.0
2000-04-03 16:00:00-04:00,17.136,17.374,16.9575,17.374,26400,0.0,0.0,0.0,0.0,0.0
2000-04-04 16:00:00-04:00,17.612,17.612,16.779,16.898,13200,0.0,0.0,0.0,0.0,0.0
2000-04-05 16:00:00-04:00,17.136,17.255,16.66,17.255,8600,0.0,0.0,0.0,0.0,0.0
2000-04-06 16:00:00-04:00,17.255,17.255,17.017,17.017,2300,0.0,0.0,0.0,0.0,0.0
2000-04-07 16:00:00-04:00,16.898,17.255,16.898,16.9575,19900,0.0,0.0,0.0,0.0,0.0
2000-04-10 16:00:00-04:00,17.017,17.1955,16.779,16.898,43300,0.0,0.0,0.0,0.0,0.0
2000-04-11 16:00:00-04:00,17.017,17.1955,16.898,17.0765,25700,0.0,0.0,0.0,0.0,0.0
2000-04-12 16:00:00-04:00,17.0765,17.1955,16.66,17.136,32600,0.0,0.0,0.0,0.0,0.0
2000-04-13 16:00:00-04:00,16.779,16.8385,16.422,16.8385,14600,0.0,0.0,0.0,0.0,0.0
2000-04-14 16:00:00-04:00,16.8385,16.898,16.184,16.422,23600,0.0,0.0,0.0,0.0,0.0
2000-04-17 16:00:00-04:00,16.6005,17.017,16.303,17.017,12300,0.0,0.0,0.0,0.0,0.0
2000-04-18 16:00:00-04:00,16.7195,17.017,16.184,16.9575,21800,0.0,0.0,0.0,0.0,0.0
2000-04-19 16:00:00-04:00,16.66,16.779,16.541,16.779,8200,0.0,0.0,0.0,0.0,0.0
2000-04-20 16:00:00-04:00,16.8385,17.017,16.4815,17.017,30500,0.0,0.0,0.0,0.0,0.0
2000-04-24 16:00:00-04:00,17.017,17.136,16.4815,17.017,36100,0.0,0.0,0.0,0.0,0.0
2000-04-25 16:00:00-04:00,16.66,17.136,16.66,16.898,2600,0.0,0.0,0.0,0.0,0.0
2000-04-26 16:00:00-04:00,16.184,16.8385,16.184,16.541,15300,0.0,0.0,0.0,0.0,0.0
2000-04-27 16:00:00-04:00,16.541,17.136,16.422,17.136,24800,0.0,0.0,0.0,0.0,0.0
2000-04-28 16:00:00-04:00,16.4815,17.136,16.4815,16.9575,7100,0.0,0.0,0.0,0.0,0.0
2000-05-01 16:00:00-04:00,16.779,17.136,16.779,17.017,12400,0.0,0.0,0.0,0.0,0.0
2000-05-02 16:00:00-04:00,16.898,16.9278,16.898,16.898,4000,0.0,0.0,0.0,0.0,0.0
2000-05-03 16:00:00-04:00,16.898,17.0765,16.541,16.6005,11900,0.0,0.0,0.0,0.0,0.0
2000-05-04 16:00:00-04:00,16.541,16.8385,16.541,16.7195,28600,0.0,0.0,0.0,0.0,0.0
2000-05-05 16:00:00-04:00,17.017,17.017,16.66,16.66,6800,0.0,0.0,0.0,0.0,0.0
2000-05-08 16:00:00-04:00,16.8385,16.9575,16.6749,16.7195,22500,0.0,0.0,0.0,0.0,0.0
2000-05-09 16:00:00-04:00,16.898,17.969,16.66,17.969,59500,0.0,0.0,0.0,0.0,0.0
2000-05-10 16:00:00-04:00,17.136,17.4335,16.898,17.4335,17500,0.0,0.0,0.0,0.0,0.0
2000-05-11 16:00:00-04:00,17.374,17.612,17.017,17.612,10700,0.0,0.0,0.0,0.0,0.0
2000-05-12 16:00:00-04:00,17.612,17.612,16.8385,16.898,4200,0.0,0.0,0.0,0.0,0.0
2000-05-15 16:00:00-04:00,16.898,16.9278,16.422,16.5559,25800,0.0,0.0,0.0,0.0,0.0
2000-05-16 16:00:00-04:00,16.898,17.136,16.6005,16.779,19400,0.0,0.0,0.0,0.0,0.0
2000-05-17 16:00:00-04:00,16.6005,16.9575,16.6005,16.9575,12400,0.0,0.0,0.0,0.0,0.0
2000-05-18 16:00:00-04:00,16.422,16.422,16.184,16.3328,24100,0.0,0.0,0.0,0.0,0.0
2000-05-19 16:00:00-04:00,16.303,16.3625,15.827,16.184,15400,0.0,0.0,0.0,0.0,0.0
2000-05-22 16:00:00-04:00,16.065,16.303,15.8865,16.303,35700,0.0,0.0,0.0,0.0,0.0
2000-05-23 16:00:00-04:00,16.303,16.422,16.065,16.1245,8400,0.0,0.0,0.0,0.0,0.0
2000-05-24 16:00:00-04:00,15.946,16.422,15.946,16.303,31600,0.0,0.0,0.0,0.0,0.0
2000-05-25 16:00:00-04:00,16.422,16.422,15.946,15.946,14800,0.0,0.0,0.0,0.0,0.0
2000-05-26 16:00:00-04:00,15.946,16.422,15.946,16.1245,11300,0.0,0.0,0.0,0.0,0.0
2000-05-30 16:00:00-04:00,16.065,16.898,16.065,16.898,15300,0.0,0.0,0.0,0.0,0.0
2000-05-31 16:00:00-04:00,16.184,16.898,16.184,16.898,21700,0.0,0.0,0.0,0.0,0.0
2000-06-01 16:00:00-04:00,16.898,16.9575,16.66,16.898,10200,0.0,0.0,0.0,0.0,0.0
2000-06-02 16:00:00-04:00,16.779,17.612,16.779,17.1955,97400,0.0,0.0,0.0,0.0,0.0
2000-06-05 16:00:00-04:00,17.136,17.5525,17.017,17.1955,10800,0.0,0.0,0.0,0.0,0.0
2000-06-06 16:00:00-04:00,17.1955,17.374,17.1955,17.374,10800,0.0,0.0,0.0,0.0,0.0
2000-06-07 16:00:00-04:00,17.2847,17.493,17.255,17.4335,25100,0.0,0.0,0.0,0.0,0.0
2000-06-08 16:00:00-04:00,17.374,17.493,17.374,17.493,8300,0.0,0.0,0.0,0.0,0.0
2000-06-09 16:00:00-04:00,17.374,17.612,17.374,17.612,14100,0.0,0.0,0.0,0.0,0.0
2000-06-12 16:00:00-04:00,17.255,17.6715,17.255,17.374,47800,0.0,0.0,0.0,0.0,0.0
2000-06-13 16:00:00-04:00,17.374,18.088,17.374,18.088,49100,0.0,0.0,0.0,0.0,0.0
2000-06-14 16:00:00-04:00,18.088,18.088,17.731,17.969,137200,0.0,0.0,0.0,0.0,0.0
2000-06-15 16:00:00-04:00,17.9392,17.969,17.731,17.969,48600,0.0,0.0,0.0,0.0,0.0
2000-06-16 16:00:00-04:00,17.969,18.0583,17.612,17.612,67300,0.0,0.0,0.0,0.0,0.0
2000-06-19 16:00:00-04:00,17.731,17.85,17.493,17.7905,10700,0.0,0.0,0.0,0.0,0.0
2000-06-20 16:00:00-04:00,0.0,17.969,17.4038,17.85,15100,0.0,0.0,0.0,0.0,0.0
2000-06-21 16:00:00-04:00,17.85,17.85,17.493,17.6715,9200,0.0,0.0,0.0,0.0,0.0
2000-06-22 16:00:00-04:00,17.731,17.7905,17.612,17.612,28700,0.0,0.0,0.0,0.0,0.0
2000-06-23 16:00:00-04:00,17.612,17.7905,17.493,17.493,9700,0.0,0.0,0.0,0.0,0.0
2000-06-26 16:00:00-04:00,17.493,18.0285,17.493,17.969,20000,0.0,0.0,0.0,0.0,0.0
2000-06-27 16:00:00-04:00,0.0,18.088,17.9541,18.088,46000,0.0,0.0,0.0,0.0,0.0
2000-06-28 16:00:00-04:00,18.088,18.088,17.9095,18.088,7500,0.0,0.0,0.0,0.0,0.0
2000-06-29 16:00:00-04:00,18.088,18.088,17.731,17.85,41600,0.0,0.0,0.0,0.0,0.0
2000-06-30 16:00:00-04:00,17.85,18.802,17.6715,18.7425,105700,0.0,0.0,0.0,0.0,0.0
2000-07-03 16:00:00-04:00,18.7425,18.7425,17.7905,17.7905,4700,0.0,0.0,0.0,0.0,0.0
2000-07-05 16:00:00-04:00,18.326,18.445,17.4335,18.445,38100,0.0,0.0,0.0,0.0,0.0
2000-07-06 16:00:00-04:00,18.326,18.445,17.969,18.445,6300,0.0,0.0,0.0,0.0,0.0
2000-07-07 16:00:00-04:00,18.445,18.445,18.2814,18.3855,5700,0.0,0.0,0.0,0.0,0.0
2000-07-10 16:00:00-04:00,17.969,18.0285,17.493,17.493,8900,0.0,0.0,0.0,0.0,0.0
2000-07-11 16:00:00-04:00,17.85,17.85,17.493,17.7905,19600,0.0,0.0,0.0,0.0,0.0
2000-07-12 16:00:00-04:00,17.612,17.7905,17.612,17.7905,4600,0.0,0.0,0.0,0.0,0.0
2000-07-13 16:00:00-04:00,17.731,17.7905,17.6715,17.7905,5000,0.0,0.0,0.0,0.0,0.0
2000-07-14 16:00:00-04:00,17.731,18.088,17.731,18.088,16000,0.0,0.0,0.0,0.0,0.0
2000-07-17 16:00:00-04:00,18.088,18.207,17.7905,17.85,38000,0.0,0.0,0.0,0.0,0.0
2000-07-18 16:00:00-04:00,17.85,18.0285,17.7905,17.85,36900,0.0,0.0,0.0,0.0,0.0
2000-07-19 16:00:00-04:00,17.85,17.9095,17.731,17.731,116500,0.0,0.0,0.0,0.0,0.0
2000-07-20 16:00:00-04:00,17.85,17.969,17.612,17.7905,52500,0.0,0.0,0.0,0.0,0.0
2000-07-21 16:00:00-04:00,17.7905,17.969,17.374,17.374,39800,0.0,0.0,0.0,0.0,0.0
2000-07-24 16:00:00-04:00,17.374,17.374,16.66,16.898,15100,0.0,0.0,0.0,0.0,0.0
2000-07-25 16:00:00-04:00,16.9277,17.0765,16.422,16.541,17600,0.0,0.0,0.0,0.0,0.0
2000-07-26 16:00:00-04:00,16.541,16.7195,16.541,16.66,13600,0.0,0.0,0.0,0.0,0.0
2000-07-27 16:00:00-04:00,16.541,16.8385,15.232,15.2915,50300,0.0,0.0,0.0,0.0,0.0
2000-07-28 16:00:00-04:00,15.7377,16.2138,15.708,15.827,40400,0.0,0.0,0.0,0.0,0.0
2000-07-31 16:00:00-04:00,15.946,16.422,15.708,16.422,22300,0.0,0.0,0.0,0.0,0.0
2000-08-01 16:00:00-04:00,16.184,16.898,15.827,16.7195,29300,0.0,0.0,0.0,0.0,0.0
2000-08-02 16:00:00-04:00,16.184,16.779,16.184,16.303,119900,0.0,0.0,0.0,0.0,0.0
2000-08-03 16:00:00-04:00,15.946,16.9575,15.8865,16.303,33000,0.0,0.0,0.0,0.0,0.0
2000-08-04 16:00:00-04:00,16.303,16.422,16.184,16.184,25800,0.0,0.0,0.0,0.0,0.0
2000-08-07 16:00:00-04:00,16.3625,16.66,16.3625,16.6005,32700,0.0,0.0,0.0,0.0,0.0
2000-08-08 16:00:00-04:00,16.6005,16.7195,16.541,16.541,18100,0.0,0.0,0.0,0.0,0.0
2000-08-09 16:00:00-04:00,16.66,16.9575,16.66,16.8385,11700,0.0,0.0,0.0,0.0,0.0
2000-08-10 16:00:00-04:00,16.66,16.8385,16.66,16.7195,21300,0.0,0.0,0.0,0.0,0.0
2000-08-11 16:00:00-04:00,16.66,16.898,16.66,16.898,7000,0.0,0.0,0.0,0.0,0.0
2000-08-14 16:00:00-04:00,16.7195,16.898,16.541,16.7195,11200,0.0,0.0,0.0,0.0,0.0
2000-08-15 16:00:00-04:00,16.779,17.017,16.66,16.7195,9000,0.0,0.0,0.0,0.0,0.0
2000-08-16 16:00:00-04:00,16.898,17.017,16.779,16.8385,97600,0.0,0.0,0.0,0.0,0.0
2000-08-17 16:00:00-04:00,16.8385,17.017,16.422,16.9575,10300,0.0,0.0,0.0,0.0,0.0
2000-08-18 16:00:00-04:00,16.9575,17.017,16.66,16.66,3900,0.0,0.0,0.0,0.0,0.0
2000-08-21 16:00:00-04:00,16.422,17.136,16.422,17.017,36600,0.0,0.0,0.0,0.0,0.0
2000-08-22 16:00:00-04:00,16.779,17.1955,16.779,17.136,30400,0.0,0.0,0.0,0.0,0.0
2000-08-23 16:00:00-04:00,16.8087,17.017,16.779,16.9575,45000,0.0,0.0,0.0,0.0,0.0
2000-08-24 16:00:00-04:00,16.8385,17.0765,16.779,16.9575,323800,0.0,0.0,0.0,0.0,0.0
2000-08-25 16:00:00-04:00,16.9872,17.136,16.779,16.9575,2900,0.0,0.0,0.0,0.0,0.0
2000-08-28 16:00:00-04:00,0.0,16.898,16.2735,16.898,19300,0.0,0.0,0.0,0.0,0.0
2000-08-29 16:00:00-04:00,16.898,17.017,16.422,16.422,25800,0.0,0.0,0.0,0.0,0.0
2000-08-30 16:00:00-04:00,16.422,16.72,16.065,16.422,45700,0.0,0.0,0.0,0.0,0.0
2000-08-31 16:00:00-04:00,16.422,16.541,16.065,16.065,44700,0.0,0.0,0.0,0.0,0.0
2000-09-01 16:00:00-04:00,16.184,16.482,16.184,16.363,58800,0.0,0.0,0.0,0.0,0.0
2000-09-05 16:00:00-04:00,16.303,16.363,16.244,16.244,12600,0.0,0.0,0.0,0.0,0.0
2000-09-06 16:00:00-04:00,16.244,16.244,15.054,16.065,30000,0.0,0.0,0.0,0.0,0.0
2000-09-07 16:00:00-04:00,16.065,16.184,15.946,16.065,29900,0.0,0.0,0.0,0.0,0.0
2000-09-08 16:00:00-04:00,16.125,16.303,16.065,16.303,6400,0.0,0.0,0.0,0.0,0.0
2000-09-11 16:00:00-04:00,16.125,16.303,15.946,16.065,13800,0.0,0.0,0.0,0.0,0.0
2000-09-12 16:00:00-04:00,15.9755,16.125,15.649,15.649,18300,0.0,0.0,0.0,0.0,0.0
2000-09-13 16:00:00-04:00,15.708,15.708,15.649,15.649,1300,0.0,0.0,0.0,0.0,0.0
2000-09-14 16:00:00-04:00,16.065,16.184,15.946,16.184,19700,0.0,0.0,0.0,0.0,0.0
2000-09-15 16:00:00-04:00,15.113,16.303,15.113,15.7823,63000,0.0,0.0,0.0,0.0,0.0
2000-09-18 16:00:00-04:00,15.827,15.946,15.708,15.946,19600,0.0,0.0,0.0,0.0,0.0
2000-09-19 16:00:00-04:00,15.946,15.946,15.708,15.827,8500,0.0,0.0,0.0,0.0,0.0
2000-09-20 16:00:00-04:00,15.708,15.708,14.994,15.708,23900,0.0,0.0,0.0,0.0,0.0
2000-09-21 16:00:00-04:00,15.708,15.768,15.232,15.232,13100,0.0,0.0,0.0,0.0,0.0
2000-09-22 16:00:00-04:00,15.4405,15.53,15.232,15.47,9800,0.0,0.0,0.0,0.0,0.0
2000-09-25 16:00:00-04:00,15.411,15.411,15.232,15.232,6100,0.0,0.0,0.0,0.0,0.0
2000-09-26 16:00:00-04:00,15.232,15.232,14.28,15.173,18200,0.0,0.0,0.0,0.0,0.0
2000-09-27 16:00:00-04:00,15.351,15.351,14.994,15.232,25800,0.0,0.0,0.0,0.0,0.0
2000-09-28 16:00:00-04:00,15.054,15.292,15.054,15.292,27500,0.0,0.0,0.0,0.0,0.0
2000-09-29 16:00:00-04:00,15.113,15.292,14.994,14.994,18400,0.0,0.0,0.0,0.0,0.0
2000-10-02 16:00:00-04:00,15.054,15.411,14.756,15.292,105500,0.0,0.0,0.0,0.0,0.0
2000-10-03 16:00:00-04:00,15.292,15.292,14.7855,14.7855,5500,0.0,0.0,0.0,0.0,0.0
2000-10-04 16:00:00-04:00,14.756,15.946,13.864,15.827,62100,0.0,0.0,0.0,0.0,0.0
2000-10-05 16:00:00-04:00,15.887,15.9165,15.232,15.708,44000,0.0,0.0,0.0,0.0,0.0
2000-10-06 16:00:00-04:00,15.292,15.411,15.113,15.113,16600,0.0,0.0,0.0,0.0,0.0
2000-10-09 16:00:00-04:00,14.994,15.232,14.042,15.232,12200,0.0,0.0,0.0,0.0,0.0
2000-10-10 16:00:00-04:00,14.6522,14.935,14.518,14.5332,8400,0.0,0.0,0.0,0.0,0.0
2000-10-11 16:00:00-04:00,14.28,14.518,14.221,14.399,14600,0.0,0.0,0.0,0.0,0.0
2000-10-12 16:00:00-04:00,14.399,14.518,13.447,14.28,28300,0.0,0.0,0.0,0.0,0.0
2000-10-13 16:00:00-04:00,13.566,14.399,13.566,14.1905,13600,0.0,0.0,0.0,0.0,0.0
2000-10-16 16:00:00-04:00,13.566,14.399,13.566,13.566,9700,0.0,0.0,0.0,0.0,0.0
2000-10-17 16:00:00-04:00,14.221,14.221,13.685,14.042,20000,0.0,0.0,0.0,0.0,0.0
2000-10-18 16:00:00-04:00,14.28,14.28,13.804,13.804,5300,0.0,0.0,0.0,0.0,0.0
2000-10-19 16:00:00-04:00,14.161,14.161,13.328,13.804,21000,0.0,0.0,0.0,0.0,0.0
2000-10-20 16:00:00-04:00,13.447,13.983,13.388,13.388,17600,0.0,0.0,0.0,0.0,0.0
2000-10-23 16:00:00-04:00,13.447,14.994,13.4023,14.994,53300,0.0,0.0,0.0,0.0,0.0
2000-10-24 16:00:00-04:00,13.983,14.935,13.983,14.637,4100,0.0,0.0,0.0,0.0,0.0
2000-10-25 16:00:00-04:00,13.923,14.756,13.923,14.518,31000,0.0,0.0,0.0,0.0,0.0
2000-10-26 16:00:00-04:00,14.459,14.578,14.042,14.221,64300,0.0,0.0,0.0,0.0,0.0
2000-10-27 16:00:00-04:00,14.399,14.637,14.34,14.518,14100,0.0,0.0,0.0,0.0,0.0
2000-10-30 16:00:00-05:00,14.28,14.756,14.28,14.637,23100,0.0,0.0,0.0,0.0,0.0
2000-10-31 16:00:00-05:00,14.697,14.994,14.697,14.756,39300,0.0,0.0,0.0,0.0,0.0
2000-11-01 16:00:00-05:00,14.994,15.113,14.875,15.113,26900,0.0,0.0,0.0,0.0,0.0
2000-11-02 16:00:00-05:00,15.232,15.232,14.875,15.232,44300,0.0,0.0,0.0,0.0,0.0
2000-11-03 16:00:00-05:00,14.994,15.351,14.637,15.351,44300,0.0,0.0,0.0,0.0,0.0
2000-11-06 16:00:00-05:00,15.232,15.232,15.113,15.113,49600,0.0,0.0,0.0,0.0,0.0
2000-11-07 16:00:00-05:00,15.113,15.411,14.994,15.411,65300,0.0,0.0,0.0,0.0,0.0
2000-11-08 16:00:00-05:00,15.4405,15.589,15.411,15.589,33300,0.0,0.0,0.0,0.0,0.0
2000-11-09 16:00:00-05:00,15.53,15.53,14.875,15.351,39100,0.0,0.0,0.0,0.0,0.0
2000-11-10 16:00:00-05:00,15.47,15.47,15.113,15.173,27500,0.0,0.0,0.0,0.0,0.0
2000-11-13 16:00:00-05:00,15.173,15.589,14.994,15.589,31100,0.0,0.0,0.0,0.0,0.0
2000-11-14 16:00:00-05:00,15.589,15.649,15.351,15.47,23700,0.0,0.0,0.0,0.0,0.0
2000-11-15 16:00:00-05:00,15.232,15.411,14.518,14.756,26200,0.0,0.0,0.0,0.0,0.0
2000-11-16 16:00:00-05:00,14.875,15.173,14.756,15.054,24800,0.0,0.0,0.0,0.0,0.0
2000-11-17 16:00:00-05:00,15.113,15.351,14.935,14.935,46500,0.0,0.0,0.0,0.0,0.0
2000-11-20 16:00:00-05:00,14.935,15.53,14.935,15.113,30400,0.0,0.0,0.0,0.0,0.0
2000-11-21 16:00:00-05:00,14.994,15.47,14.935,15.351,27200,0.0,0.0,0.0,0.0,0.0
2000-11-22 16:00:00-05:00,15.232,15.589,15.113,15.411,56800,0.0,0.0,0.0,0.0,0.0
2000-11-24 16:00:00-05:00,15.47,15.708,15.411,15.649,37900,0.0,0.0,0.0,0.0,0.0
2000-11-27 16:00:00-05:00,15.649,15.887,15.649,15.708,46500,0.0,0.0,0.0,0.0,0.0
2000-11-28 16:00:00-05:00,15.7232,15.827,15.411,15.53,60800,0.0,0.0,0.0,0.0,0.0
2000-11-29 16:00:00-05:00,15.53,15.589,14.994,14.994,35300,0.0,0.0,0.0,0.0,0.0
2000-11-30 16:00:00-05:00,15.0092,15.3215,14.756,14.816,44900,0.0,0.0,0.0,0.0,0.0
2000-12-01 16:00:00-05:00,14.875,15.589,14.875,15.232,28200,0.0,0.0,0.0,0.0,0.0
2000-12-04 16:00:00-05:00,15.3358,15.3358,14.875,15.054,19100,0.0,0.0,0.0,0.0,0.0
2000-12-05 16:00:00-05:00,15.054,15.6928,15.054,15.649,63600,0.0,0.0,0.0,0.0,0.0
2000-12-06 16:00:00-05:00,15.649,15.6928,15.113,15.232,29300,0.0,0.0,0.0,0.0,0.0
2000-12-07 16:00:00-05:00,15.232,15.232,14.518,14.935,44500,0.0,0.0,0.0,0.0,0.0
2000-12-08 16:00:00-05:00,15.173,15.232,14.994,15.232,29300,0.0,0.0,0.0,0.0,0.0
2000-12-11 16:00:00-05:00,15.173,15.589,15.173,15.47,115100,0.0,0.0,0.0,0.0,0.0
2000-12-12 16:00:00-05:00,15.589,15.708,15.47,15.589,35500,0.0,0.0,0.0,0.0,0.0
2000-12-13 16:00:00-05:00,15.589,15.708,15.232,15.292,23300,0.0,0.0,0.0,0.0,0.0
2000-12-14 16:00:00-05:00,15.351,15.589,15.232,15.589,25900,0.0,0.0,0.0,0.0,0.0
2000-12-15 16:00:00-05:00,15.3063,15.351,15.173,15.351,38300,0.0,0.0,0.0,0.0,0.0
2000-12-18 16:00:00-05:00,15.232,15.47,15.173,15.173,55800,0.0,0.0,0.0,0.0,0.0
2000-12-19 16:00:00-05:00,15.232,15.47,14.994,14.994,45000,0.0,0.0,0.0,0.0,0.0
2000-12-20 16:00:00-05:00,14.994,15.232,14.756,14.756,60500,0.0,0.0,0.0,0.0,0.0
2000-12-21 16:00:00-05:00,14.518,15.232,14.518,14.994,68300,0.0,0.0,0.0,0.0,0.0
2000-12-22 16:00:00-05:00,15.173,15.649,15.0835,15.53,67400,0.0,0.0,0.0,0.0,0.0
2000-12-26 16:00:00-05:00,15.6928,15.708,15.47,15.47,43500,0.0,0.0,0.0,0.0,0.0
2000-12-27 16:00:00-05:00,15.4995,15.946,15.47,15.946,61200,0.0,0.0,0.0,0.0,0.0
2000-12-28 16:00:00-05:00,15.649,16.184,15.649,16.065,57400,0.0,0.0,0.0,0.0,0.0
2000-12-29 16:00:00-05:00,16.065,16.184,15.946,16.184,68500,0.0,0.0,0.0,0.0,0.0
2001-01-02 16:00:00-05:00,16.184,16.184,15.708,15.708,75800,0.0,0.0,0.0,0.0,0.0
2001-01-03 16:00:00-05:00,16.065,16.065,15.589,16.065,145100,0.0,0.0,0.0,0.0,0.0
2001-01-04 16:00:00-05:00,15.9755,16.125,15.827,16.006,66800,0.0,0.0,0.0,0.0,0.0
2001-01-05 16:00:00-05:00,16.0498,16.0498,15.113,15.113,79400,0.0,0.0,0.0,0.0,0.0
2001-01-08 16:00:00-05:00,15.173,15.351,15.113,15.173,34800,0.0,0.0,0.0,0.0,0.0
2001-01-09 16:00:00-05:00,15.351,15.47,15.232,15.47,55500,0.0,0.0,0.0,0.0,0.0
2001-01-10 16:00:00-05:00,14.994,15.946,14.994,15.827,81200,0.0,0.0,0.0,0.0,0.0
2001-01-11 16:00:00-05:00,16.006,16.125,15.53,15.768,57600,0.0,0.0,0.0,0.0,0.0
2001-01-12 16:00:00-05:00,15.5443,15.946,15.173,15.946,76200,0.0,0.0,0.0,0.0,0.0
2001-01-16 16:00:00-05:00,15.351,16.244,15.351,16.184,95200,0.0,0.0,0.0,0.0,0.0
2001-01-17 16:00:00-05:00,16.0945,16.779,16.0945,16.184,75800,0.0,0.0,0.0,0.0,0.0
2001-01-18 16:00:00-05:00,16.184,16.541,16.125,16.184,52700,0.0,0.0,0.0,0.0,0.0
2001-01-19 16:00:00-05:00,16.2135,16.422,15.827,15.827,74200,0.0,0.0,0.0,0.0,0.0
2001-01-22 16:00:00-05:00,15.708,16.125,15.708,16.006,37000,0.0,0.0,0.0,0.0,0.0
2001-01-23 16:00:00-05:00,15.946,16.303,15.946,16.184,62400,0.0,0.0,0.0,0.0,0.0
2001-01-24 16:00:00-05:00,15.946,16.244,15.946,16.244,33200,0.0,0.0,0.0,0.0,0.0
2001-01-25 16:00:00-05:00,16.184,16.363,15.827,15.827,54100,0.0,0.0,0.0,0.0,0.0
2001-01-26 16:00:00-05:00,15.6042,15.9755,15.589,15.887,27500,0.0,0.0,0.0,0.0,0.0
2001-01-29 16:00:00-05:00,15.8565,16.601,15.8565,16.601,34700,0.0,0.0,0.0,0.0,0.0
2001-01-30 16:00:00-05:00,16.601,16.601,16.303,16.482,64200,0.0,0.0,0.0,0.0,0.0
2001-01-31 16:00:00-05:00,16.541,16.66,16.184,16.184,36400,0.0,0.0,0.0,0.0,0.0
2001-02-01 16:00:00-05:00,16.184,16.541,16.065,16.065,37300,0.0,0.0,0.0,0.0,0.0
2001-02-02 16:00:00-05:00,16.125,16.363,16.006,16.006,36800,0.0,0.0,0.0,0.0,0.0
2001-02-05 16:00:00-05:00,15.9612,16.303,15.768,15.887,31900,0.0,0.0,0.0,0.0,0.0
2001-02-06 16:00:00-05:00,15.887,16.303,15.887,16.125,24100,0.0,0.0,0.0,0.0,0.0
2001-02-07 16:00:00-05:00,16.006,16.184,15.768,15.827,18200,0.0,0.0,0.0,0.0,0.0
2001-02-08 16:00:00-05:00,15.827,16.065,15.827,15.827,33900,0.0,0.0,0.0,0.0,0.0
2001-02-09 16:00:00-05:00,15.8565,15.887,15.827,15.887,38600,0.0,0.0,0.0,0.0,0.0
2001-02-12 16:00:00-05:00,15.827,16.601,15.827,16.363,31400,0.0,0.0,0.0,0.0,0.0
2001-02-13 16:00:00-05:00,16.422,16.601,16.184,16.244,26600,0.0,0.0,0.0,0.0,0.0
2001-02-14 16:00:00-05:00,16.125,16.184,16.065,16.184,28000,0.0,0.0,0.0,0.0,0.0
2001-02-15 16:00:00-05:00,16.065,16.541,15.827,15.827,46000,0.0,0.0,0.0,0.0,0.0
2001-02-16 16:00:00-05:00,15.827,16.422,15.292,15.47,45200,0.0,0.0,0.0,0.0,0.0
2001-02-20 16:00:00-05:00,15.708,15.708,14.637,14.637,22500,0.0,0.0,0.0,0.0,0.0
2001-02-21 16:00:00-05:00,14.935,15.827,14.935,15.173,28200,0.0,0.0,0.0,0.0,0.0
2001-02-22 16:00:00-05:00,15.173,15.173,14.756,14.756,25800,0.0,0.0,0.0,0.0,0.0
2001-02-23 16:00:00-05:00,14.697,14.935,14.578,14.935,33000,0.0,0.0,0.0,0.0,0.0
2001-02-26 16:00:00-05:00,14.935,15.113,14.935,15.113,12900,0.0,0.0,0.0,0.0,0.0
2001-02-27 16:00:00-05:00,15.054,15.113,14.161,14.399,49200,0.0,0.0,0.0,0.0,0.0
2001-02-28 16:00:00-05:00,14.518,14.8455,14.459,14.518,36800,0.0,0.0,0.0,0.0,0.0
2001-03-01 16:00:00-05:00,14.518,14.756,14.518,14.756,26800,0.0,0.0,0.0,0.0,0.0
2001-03-02 16:00:00-05:00,14.518,15.054,14.459,14.756,36800,0.0,0.0,0.0,0.0,0.0
2001-03-05 16:00:00-05:00,14.994,14.994,14.637,14.697,43300,0.0,0.0,0.0,0.0,0.0
2001-03-06 16:00:00-05:00,14.816,15.47,14.816,15.411,21800,0.0,0.0,0.0,0.0,0.0
2001-03-07 16:00:00-05:00,15.719,15.75,15.438,15.625,49900,0.0,0.0,0.0,0.0,0.0
2001-03-08 16:00:00-05:00,15.625,15.875,15.188,15.188,15200,0.0,0.0,0.0,0.0,0.0
2001-03-09 16:00:00-05:00,15.25,15.875,15.25,15.5,49900,0.0,0.0,0.0,0.0,0.0
2001-03-12 16:00:00-05:00,15.5,16.0,15.5,15.625,64400,0.0,0.0,0.0,0.0,0.0
2001-03-13 16:00:00-05:00,15.688,15.938,15.563,15.875,40000,0.0,0.0,0.0,0.0,0.0
2001-03-14 16:00:00-05:00,15.813,16.0,15.5,15.75,56200,0.0,0.0,0.0,0.0,0.0
2001-03-15 16:00:00-05:00,15.688,16.0,15.688,15.938,49700,0.0,0.0,0.0,0.0,0.0
2001-03-16 16:00:00-05:00,15.844,16.0,15.813,15.875,72900,0.0,0.0,0.0,0.0,0.0
2001-03-19 16:00:00-05:00,15.813,15.938,15.313,15.438,126800,0.0,0.0,0.0,0.0,0.0
2001-03-20 16:00:00-05:00,15.688,15.75,15.125,15.188,40700,0.0,0.0,0.0,0.0,0.0
2001-03-21 16:00:00-05:00,15.188,15.688,15.188,15.188,27500,0.0,0.0,0.0,0.0,0.0
2001-03-22 16:00:00-05:00,15.375,15.375,14.375,15.0,48500,0.0,0.0,0.0,0.0,0.0
2001-03-23 16:00:00-05:00,14.938,15.25,14.563,14.563,31700,0.0,0.0,0.0,0.0,0.0
2001-03-26 16:00:00-05:00,14.813,14.813,14.438,14.5,59000,0.0,0.0,0.0,0.0,0.0
2001-03-27 16:00:00-05:00,14.5,14.563,14.5,14.5,52400,0.0,0.0,0.0,0.0,0.0
2001-03-28 16:00:00-05:00,14.563,14.75,14.438,14.438,48100,0.0,0.0,0.0,0.0,0.0
2001-03-29 16:00:00-05:00,14.438,15.125,14.438,14.938,36700,0.0,0.0,0.0,0.0,0.0
2001-03-30 16:00:00-05:00,15.125,15.5,14.75,15.0,87700,0.0,0.0,0.0,0.0,0.0
2001-04-02 16:00:00-04:00,15.313,15.313,14.625,14.75,78600,0.0,0.0,0.0,0.0,0.0
2001-04-03 16:00:00-04:00,15.063,15.063,14.75,15.0,22900,0.0,0.0,0.0,0.0,0.0
2001-04-04 16:00:00-04:00,14.625,15.0,14.625,14.75,15600,0.0,0.0,0.0,0.0,0.0
2001-04-05 16:00:00-04:00,15.0,15.5,14.875,15.5,35500,0.0,0.0,0.0,0.0,0.0
2001-04-06 16:00:00-04:00,15.375,15.5,15.078,15.188,12300,0.0,0.0,0.0,0.0,0.0
2001-04-09 16:00:00-04:00,15.25,15.5,15.119,15.199,32900,0.0,0.0,0.0,0.0,0.0
2001-04-10 16:00:00-04:00,15.199,15.5,15.061,15.449,29300,0.0,0.0,0.0,0.0,0.0
2001-04-11 16:00:00-04:00,15.5,15.6,15.199,15.471,30600,0.0,0.0,0.0,0.0,0.0
2001-04-12 16:00:00-04:00,15.5,15.85,15.311,15.85,13900,0.0,0.0,0.0,0.0,0.0
2001-04-16 16:00:00-04:00,15.631,16.0,15.631,15.98,49500,0.0,0.0,0.0,0.0,0.0
2001-04-17 16:00:00-04:00,15.939,16.0,15.801,15.99,46100,0.0,0.0,0.0,0.0,0.0
2001-04-18 16:00:00-04:00,15.99,16.619,15.99,16.359,36200,0.0,0.0,0.0,0.0,0.0
2001-04-19 16:00:00-04:00,16.32,16.75,16.311,16.75,40400,0.0,0.0,0.0,0.0,0.0
2001-04-20 16:00:00-04:00,16.84,16.84,15.99,15.99,33900,0.0,0.0,0.0,0.0,0.0
2001-04-23 16:00:00-04:00,16.1,16.1,15.551,15.551,39300,0.0,0.0,0.0,0.0,0.0
2001-04-24 16:00:00-04:00,15.68,15.789,15.561,15.6,30700,0.0,0.0,0.0,0.0,0.0
2001-04-25 16:00:00-04:00,15.57,15.609,15.301,15.5,54600,0.0,0.0,0.0,0.0,0.0
2001-04-26 16:00:00-04:00,15.5,15.699,15.311,15.4,28100,0.0,0.0,0.0,0.0,0.0
2001-04-27 16:00:00-04:00,15.41,15.67,15.4,15.5,59400,0.0,0.0,0.0,0.0,0.0
2001-04-30 16:00:00-04:00,15.5,15.75,15.35,15.369,34000,0.0,0.0,0.0,0.0,0.0
2001-05-01 16:00:00-04:00,15.369,15.68,15.359,15.6,36800,0.0,0.0,0.0,0.0,0.0
2001-05-02 16:00:00-04:00,15.699,15.91,15.699,15.801,15400,0.0,0.0,0.0,0.0,0.0
2001-05-03 16:00:00-04:00,15.801,15.891,15.801,15.801,10700,0.0,0.0,0.0,0.0,0.0
2001-05-04 16:00:00-04:00,15.801,15.801,15.5,15.75,24900,0.0,0.0,0.0,0.0,0.0
2001-05-07 16:00:00-04:00,15.789,15.84,15.449,15.449,41700,0.0,0.0,0.0,0.0,0.0
2001-05-08 16:00:00-04:00,15.5,15.721,15.5,15.721,12500,0.0,0.0,0.0,0.0,0.0
2001-05-09 16:00:00-04:00,15.5,15.66,15.49,15.551,21300,0.0,0.0,0.0,0.0,0.0
2001-05-10 16:00:00-04:00,15.5,15.551,15.23,15.23,35900,0.0,0.0,0.0,0.0,0.0
2001-05-11 16:00:00-04:00,15.25,15.48,15.24,15.24,14700,0.0,0.0,0.0,0.0,0.0
2001-05-14 16:00:00-04:00,15.23,15.5,15.18,15.18,27300,0.0,0.0,0.0,0.0,0.0
2001-05-15 16:00:00-04:00,15.189,15.699,15.18,15.699,25400,0.0,0.0,0.0,0.0,0.0
2001-05-16 16:00:00-04:00,15.75,16.0,15.5,15.641,30600,0.0,0.0,0.0,0.0,0.0
2001-05-17 16:00:00-04:00,15.74,16.0,15.6,15.961,26700,0.0,0.0,0.0,0.0,0.0
2001-05-18 16:00:00-04:00,15.789,15.98,15.551,15.68,23900,0.0,0.0,0.0,0.0,0.0
2001-05-21 16:00:00-04:00,15.76,16.051,15.75,15.99,30100,0.0,0.0,0.0,0.0,0.0
2001-05-22 16:00:00-04:00,15.91,15.98,15.9,15.92,15700,0.0,0.0,0.0,0.0,0.0
2001-05-23 16:00:00-04:00,15.625,15.92,15.5,15.67,23500,0.0,0.0,0.0,0.0,0.0
2001-05-24 16:00:00-04:00,15.699,15.801,14.75,14.949,48200,0.0,0.0,0.0,0.0,0.0
2001-05-25 16:00:00-04:00,15.109,15.4,15.051,15.141,14700,0.0,0.0,0.0,0.0,0.0
2001-05-29 16:00:00-04:00,15.061,15.061,14.5,14.5,24400,0.0,0.0,0.0,0.0,0.0
2001-05-30 16:00:00-04:00,14.5,14.83,14.5,14.6,20800,0.0,0.0,0.0,0.0,0.0
2001-05-31 16:00:00-04:00,15.0,15.0,14.641,14.75,77600,0.0,0.0,0.0,0.0,0.0
2001-06-01 16:00:00-04:00,14.949,15.221,14.75,15.16,36100,0.0,0.0,0.0,0.0,0.0
2001-06-04 16:00:00-04:00,15.17,15.551,15.17,15.551,79200,0.0,0.0,0.0,0.0,0.0
2001-06-05 16:00:00-04:00,15.539,15.619,15.449,15.5,45500,0.0,0.0,0.0,0.0,0.0
2001-06-06 16:00:00-04:00,15.449,15.551,15.449,15.449,8800,0.0,0.0,0.0,0.0,0.0
2001-06-07 16:00:00-04:00,15.449,15.551,15.439,15.551,9100,0.0,0.0,0.0,0.0,0.0
2001-06-08 16:00:00-04:00,15.529,15.529,15.221,15.25,904400,0.0,0.0,0.0,0.0,0.0
2001-06-11 16:00:00-04:00,15.02,15.279,14.811,14.91,21900,0.0,0.0,0.0,0.0,0.0
2001-06-12 16:00:00-04:00,14.77,15.5,14.75,15.07,18500,0.0,0.0,0.0,0.0,0.0
2001-06-13 16:00:00-04:00,15.0,15.449,15.0,15.381,16400,0.0,0.0,0.0,0.0,0.0
2001-06-14 16:00:00-04:00,15.07,15.24,15.0,15.0,10700,0.0,0.0,0.0,0.0,0.0
2001-06-15 16:00:00-04:00,15.279,15.5,15.061,15.34,72700,0.0,0.0,0.0,0.0,0.0
2001-06-18 16:00:00-04:00,15.26,15.449,15.26,15.35,19100,0.0,0.0,0.0,0.0,0.0
2001-06-19 16:00:00-04:00,15.41,15.449,15.32,15.32,23900,0.0,0.0,0.0,0.0,0.0
2001-06-20 16:00:00-04:00,15.311,15.359,15.301,15.359,58600,0.0,0.0,0.0,0.0,0.0
2001-06-21 16:00:00-04:00,15.359,15.449,15.33,15.4,36500,0.0,0.0,0.0,0.0,0.0
2001-06-22 16:00:00-04:00,15.33,15.4,15.0,15.0,34100,0.0,0.0,0.0,0.0,0.0
2001-06-25 16:00:00-04:00,14.76,14.971,14.51,14.58,50300,0.0,0.0,0.0,0.0,0.0
2001-06-26 16:00:00-04:00,14.77,15.34,14.76,15.33,39500,0.0,0.0,0.0,0.0,0.0
2001-06-27 16:00:00-04:00,15.35,15.689,15.311,15.58,33400,0.0,0.0,0.0,0.0,0.0
2001-06-28 16:00:00-04:00,15.721,16.07,15.35,15.57,47900,0.0,0.0,0.0,0.0,0.0
2001-06-29 16:00:00-04:00,15.57,17.08,15.4,17.08,110200,0.0,0.0,0.0,0.0,0.0
2001-07-02 16:00:00-04:00,15.949,16.49,15.85,16.33,138300,0.0,0.0,0.0,0.0,0.0
2001-07-03 16:00:00-04:00,16.439,16.439,15.971,16.25,35600,0.0,0.0,0.0,0.0,0.0
2001-07-05 16:00:00-04:00,16.199,16.32,16.01,16.1,36400,0.0,0.0,0.0,0.0,0.0
2001-07-06 16:00:00-04:00,16.051,16.33,15.75,15.82,31500,0.0,0.0,0.0,0.0,0.0
2001-07-09 16:00:00-04:00,15.83,16.59,15.801,16.5,39800,0.0,0.0,0.0,0.0,0.0
2001-07-10 16:00:00-04:00,16.5,16.689,16.0,16.0,84800,0.0,0.0,0.0,0.0,0.0
2001-07-11 16:00:00-04:00,16.0,16.699,16.0,16.59,41300,0.0,0.0,0.0,0.0,0.0
2001-07-12 16:00:00-04:00,16.6,16.811,16.6,16.699,81600,0.0,0.0,0.0,0.0,0.0
2001-07-13 16:00:00-04:00,16.75,16.9,16.75,16.82,23900,0.0,0.0,0.0,0.0,0.0
2001-07-16 16:00:00-04:00,16.881,17.0,16.75,16.75,47300,0.0,0.0,0.0,0.0,0.0
2001-07-17 16:00:00-04:00,16.83,17.0,16.6,16.99,34200,0.0,0.0,0.0,0.0,0.0
2001-07-18 16:00:00-04:00,16.75,17.1,16.6,16.6,71600,0.0,0.0,0.0,0.0,0.0
2001-07-19 16:00:00-04:00,16.711,17.039,16.711,16.99,19500,0.0,0.0,0.0,0.0,0.0
2001-07-20 16:00:00-04:00,16.875,17.15,16.699,16.85,23000,0.0,0.0,0.0,0.0,0.0
2001-07-23 16:00:00-04:00,16.699,16.859,16.1,16.41,115400,0.0,0.0,0.0,0.0,0.0
2001-07-24 16:00:00-04:00,16.26,16.66,16.26,16.48,32800,0.0,0.0,0.0,0.0,0.0
2001-07-25 16:00:00-04:00,16.301,16.98,16.301,16.801,34400,0.0,0.0,0.0,0.0,0.0
2001-07-26 16:00:00-04:00,16.68,17.439,16.68,17.0,35600,0.0,0.0,0.0,0.0,0.0
2001-07-27 16:00:00-04:00,17.0,17.0,16.82,16.881,29500,0.0,0.0,0.0,0.0,0.0
2001-07-30 16:00:00-04:00,16.801,16.85,16.721,16.85,44800,0.0,0.0,0.0,0.0,0.0
2001-07-31 16:00:00-04:00,16.9,16.9,16.721,16.75,47700,0.0,0.0,0.0,0.0,0.0
2001-08-01 16:00:00-04:00,16.74,17.211,16.73,17.1,18800,0.0,0.0,0.0,0.0,0.0
2001-08-02 16:00:00-04:00,17.09,17.289,17.09,17.131,13300,0.0,0.0,0.0,0.0,0.0
2001-08-03 16:00:00-04:00,17.199,17.199,16.721,16.721,41400,0.0,0.0,0.0,0.0,0.0
2001-08-06 16:00:00-04:00,16.721,17.0,16.721,16.73,20200,0.0,0.0,0.0,0.0,0.0
2001-08-07 16:00:00-04:00,16.721,16.84,16.029,16.641,27700,0.0,0.0,0.0,0.0,0.0
2001-08-08 16:00:00-04:00,16.789,16.83,16.211,16.211,26200,0.0,0.0,0.0,0.0,0.0
2001-08-09 16:00:00-04:00,16.35,16.84,16.35,16.789,14900,0.0,0.0,0.0,0.0,0.0
2001-08-10 16:00:00-04:00,16.891,16.891,16.6,16.74,39000,0.0,0.0,0.0,0.0,0.0
2001-08-13 16:00:00-04:00,16.539,16.801,16.539,16.6,34200,0.0,0.0,0.0,0.0,0.0
2001-08-14 16:00:00-04:00,16.561,16.92,16.381,16.689,37500,0.0,0.0,0.0,0.0,0.0
2001-08-15 16:00:00-04:00,16.75,16.881,16.471,16.471,32100,0.0,0.0,0.0,0.0,0.0
2001-08-16 16:00:00-04:00,16.68,16.881,16.68,16.859,37300,0.0,0.0,0.0,0.0,0.0
2001-08-17 16:00:00-04:00,16.84,16.84,16.721,16.74,28400,0.0,0.0,0.0,0.0,0.0
2001-08-20 16:00:00-04:00,16.83,16.949,16.65,16.949,30500,0.0,0.0,0.0,0.0,0.0
2001-08-21 16:00:00-04:00,16.65,16.91,16.5,16.5,30900,0.0,0.0,0.0,0.0,0.0
2001-08-22 16:00:00-04:00,16.551,17.0,16.52,17.0,27200,0.0,0.0,0.0,0.0,0.0
2001-08-23 16:00:00-04:00,16.9,16.9,16.46,16.46,23000,0.0,0.0,0.0,0.0,0.0
2001-08-24 16:00:00-04:00,16.699,16.98,16.5,16.9,33400,0.0,0.0,0.0,0.0,0.0
2001-08-27 16:00:00-04:00,16.84,16.971,16.4,16.59,11500,0.0,0.0,0.0,0.0,0.0
2001-08-28 16:00:00-04:00,16.391,16.74,16.391,16.66,13700,0.0,0.0,0.0,0.0,0.0
2001-08-29 16:00:00-04:00,16.65,16.83,16.5,16.52,24800,0.0,0.0,0.0,0.0,0.0
2001-08-30 16:00:00-04:00,16.801,16.801,16.471,16.471,18500,0.0,0.0,0.0,0.0,0.0
2001-08-31 16:00:00-04:00,16.5,16.6,16.461,16.461,14200,0.0,0.0,0.0,0.0,0.0
2001-09-04 16:00:00-04:00,16.46,16.87,16.45,16.48,29100,0.0,0.0,0.0,0.0,0.0
2001-09-05 16:00:00-04:00,16.84,16.97,16.48,16.72,33900,0.0,0.0,0.0,0.0,0.0
2001-09-06 16:00:00-04:00,16.465,16.84,16.46,16.46,12000,0.0,0.0,0.0,0.0,0.0
2001-09-07 16:00:00-04:00,16.47,16.55,16.18,16.25,31400,0.0,0.0,0.0,0.0,0.0
2001-09-10 16:00:00-04:00,16.4,16.74,16.18,16.39,36100,0.0,0.0,0.0,0.0,0.0
2001-09-17 16:00:00-04:00,16.35,17.09,16.01,16.52,33100,0.0,0.0,0.0,0.0,0.0
2001-09-18 16:00:00-04:00,16.25,16.619,16.131,16.471,28900,0.0,0.0,0.0,0.0,0.0
2001-09-19 16:00:00-04:00,16.08,17.23,16.08,17.23,28400,0.0,0.0,0.0,0.0,0.0
2001-09-20 16:00:00-04:00,16.135,16.971,15.0,15.561,40800,0.0,0.0,0.0,0.0,0.0
2001-09-21 16:00:00-04:00,14.949,15.68,14.58,15.461,85900,0.0,0.0,0.0,0.0,0.0
2001-09-24 16:00:00-04:00,15.721,15.721,15.199,15.439,26000,0.0,0.0,0.0,0.0,0.0
2001-09-25 16:00:00-04:00,15.484,15.75,14.881,14.971,30500,0.0,0.0,0.0,0.0,0.0
2001-09-26 16:00:00-04:00,15.75,16.0,15.24,15.561,25100,0.0,0.0,0.0,0.0,0.0
2001-09-27 16:00:00-04:00,15.211,15.801,15.211,15.801,16000,0.0,0.0,0.0,0.0,0.0
2001-09-28 16:00:00-04:00,15.801,16.721,15.211,15.51,42100,0.0,0.0,0.0,0.0,0.0
2001-10-01 16:00:00-04:00,15.85,15.85,15.35,15.359,42600,0.0,0.0,0.0,0.0,0.0
2001-10-02 16:00:00-04:00,16.094,16.1,15.34,15.971,52300,0.0,0.0,0.0,0.0,0.0
2001-10-03 16:00:00-04:00,15.75,15.77,15.41,15.619,42800,0.0,0.0,0.0,0.0,0.0
2001-10-04 16:00:00-04:00,15.641,15.85,15.58,15.6,48600,0.0,0.0,0.0,0.0,0.0
2001-10-05 16:00:00-04:00,15.6,15.9,15.34,15.689,19500,0.0,0.0,0.0,0.0,0.0
2001-10-08 16:00:00-04:00,15.6,15.6,15.35,15.39,3400,0.0,0.0,0.0,0.0,0.0
2001-10-09 16:00:00-04:00,15.4,15.5,15.05,15.23,17600,0.0,0.0,0.0,0.0,0.0
2001-10-10 16:00:00-04:00,15.3,16.0,15.3,16.0,19100,0.0,0.0,0.0,0.0,0.0
2001-10-11 16:00:00-04:00,15.875,16.1,15.76,15.99,38500,0.0,0.0,0.0,0.0,0.0
2001-10-12 16:00:00-04:00,15.99,15.99,15.59,15.75,3200,0.0,0.0,0.0,0.0,0.0
2001-10-15 16:00:00-04:00,15.55,16.0,15.5,16.0,32300,0.0,0.0,0.0,0.0,0.0
2001-10-16 16:00:00-04:00,15.99,16.2,15.85,16.1,67200,0.0,0.0,0.0,0.0,0.0
2001-10-17 16:00:00-04:00,16.14,16.18,15.25,15.25,28300,0.0,0.0,0.0,0.0,0.0
2001-10-18 16:00:00-04:00,16.07,16.1,15.44,15.54,21500,0.0,0.0,0.0,0.0,0.0
2001-10-19 16:00:00-04:00,15.44,16.15,15.44,16.0,30200,0.0,0.0,0.0,0.0,0.0
2001-10-22 16:00:00-04:00,16.07,16.5,16.0,16.49,26600,0.0,0.0,0.0,0.0,0.0
2001-10-23 16:00:00-04:00,16.49,16.64,16.15,16.33,38000,0.0,0.0,0.0,0.0,0.0
2001-10-24 16:00:00-04:00,16.48,16.71,16.4,16.45,27400,0.0,0.0,0.0,0.0,0.0
2001-10-25 16:00:00-04:00,16.4,17.0,16.15,17.0,53100,0.0,0.0,0.0,0.0,0.0
2001-10-26 16:00:00-04:00,16.92,17.0,16.61,16.75,48700,0.0,0.0,0.0,0.0,0.0
2001-10-29 16:00:00-05:00,16.85,16.85,15.35,15.35,29500,0.0,0.0,0.0,0.0,0.0
2001-10-30 16:00:00-05:00,15.72,16.31,15.53,15.92,29500,0.0,0.0,0.0,0.0,0.0
2001-10-31 16:00:00-05:00,15.93,16.33,15.5,15.5,16200,0.0,0.0,0.0,0.0,0.0
2001-11-01 16:00:00-05:00,15.79,16.15,15.5,16.05,19600,0.0,0.0,0.0,0.0,0.0
2001-11-02 16:00:00-05:00,15.97,16.1,15.75,15.75,22800,0.0,0.0,0.0,0.0,0.0
2001-11-05 16:00:00-05:00,16.25,16.26,15.71,15.95,34000,0.0,0.0,0.0,0.0,0.0
2001-11-06 16:00:00-05:00,16.0,16.39,15.85,16.37,23300,0.0,0.0,0.0,0.0,0.0
2001-11-07 16:00:00-05:00,16.38,16.59,16.34,16.34,12800,0.0,0.0,0.0,0.0,0.0
2001-11-08 16:00:00-05:00,16.23,16.5,15.99,15.99,22400,0.0,0.0,0.0,0.0,0.0
2001-11-09 16:00:00-05:00,16.15,16.15,15.99,15.99,6800,0.0,0.0,0.0,0.0,0.0
2001-11-12 16:00:00-05:00,16.39,16.64,16.05,16.25,19600,0.0,0.0,0.0,0.0,0.0
2001-11-13 16:00:00-05:00,16.06,16.44,15.93,15.95,24500,0.0,0.0,0.0,0.0,0.0
2001-11-14 16:00:00-05:00,15.76,16.77,15.76,16.77,28400,0.0,0.0,0.0,0.0,0.0
2001-11-15 16:00:00-05:00,16.15,16.79,16.15,16.25,28300,0.0,0.0,0.0,0.0,0.0
2001-11-16 16:00:00-05:00,16.32,16.7,16.25,16.5,32500,0.0,0.0,0.0,0.0,0.0
2001-11-19 16:00:00-05:00,16.25,16.53,16.25,16.35,23300,0.0,0.0,0.0,0.0,0.0
2001-11-20 16:00:00-05:00,16.3,16.9,16.3,16.35,18300,0.0,0.0,0.0,0.0,0.0
2001-11-21 16:00:00-05:00,16.3,16.5,16.3,16.5,15000,0.0,0.0,0.0,0.0,0.0
2001-11-23 16:00:00-05:00,16.25,16.5,16.25,16.4,28700,0.0,0.0,0.0,0.0,0.0
2001-11-26 16:00:00-05:00,16.315,16.75,16.25,16.42,22400,0.0,0.0,0.0,0.0,0.0
2001-11-27 16:00:00-05:00,16.4,16.75,16.25,16.3,49300,0.0,0.0,0.0,0.0,0.0
2001-11-28 16:00:00-05:00,16.75,16.75,16.3,16.7,16100,0.0,0.0,0.0,0.0,0.0
2001-11-29 16:00:00-05:00,16.39,16.7,16.39,16.7,38200,0.0,0.0,0.0,0.0,0.0
2001-11-30 16:00:00-05:00,16.6,16.71,16.41,16.41,43000,0.0,0.0,0.0,0.0,0.0
2001-12-03 16:00:00-05:00,16.32,16.46,16.32,16.33,19400,0.0,0.0,0.0,0.0,0.0
2001-12-04 16:00:00-05:00,16.39,16.75,16.35,16.48,10600,0.0,0.0,0.0,0.0,0.0
2001-12-05 16:00:00-05:00,16.48,17.0,16.33,16.47,36200,0.0,0.0,0.0,0.0,0.0
2001-12-06 16:00:00-05:00,16.52,16.72,16.21,16.5,34700,0.0,0.0,0.0,0.0,0.0
2001-12-07 16:00:00-05:00,16.25,16.5,16.25,16.35,24200,0.0,0.0,0.0,0.0,0.0
2001-12-10 16:00:00-05:00,16.352,16.73,16.16,16.16,17800,0.0,0.0,0.0,0.0,0.0
2001-12-11 16:00:00-05:00,16.16,16.74,16.15,16.67,17100,0.0,0.0,0.0,0.0,0.0
2001-12-12 16:00:00-05:00,16.205,16.9,16.2,16.9,27700,0.0,0.0,0.0,0.0,0.0
2001-12-13 16:00:00-05:00,16.99,17.0,16.51,16.7,19700,0.0,0.0,0.0,0.0,0.0
2001-12-14 16:00:00-05:00,16.75,17.12,16.71,17.12,27200,0.0,0.0,0.0,0.0,0.0
2001-12-17 16:00:00-05:00,16.56,17.5,16.56,17.5,43400,0.0,0.0,0.0,0.0,0.0
2001-12-18 16:00:00-05:00,17.15,18.05,16.74,17.75,42500,0.0,0.0,0.0,0.0,0.0
2001-12-19 16:00:00-05:00,17.38,17.75,17.1,17.38,23400,0.0,0.0,0.0,0.0,0.0
2001-12-20 16:00:00-05:00,17.3,17.5,16.74,16.74,32000,0.0,0.0,0.0,0.0,0.0
2001-12-21 16:00:00-05:00,17.15,17.75,16.1,17.74,173100,0.0,0.0,0.0,0.0,0.0
2001-12-24 16:00:00-05:00,17.26,17.65,17.26,17.46,15500,0.0,0.0,0.0,0.0,0.0
2001-12-26 16:00:00-05:00,17.5,17.74,17.5,17.74,15900,0.0,0.0,0.0,0.0,0.0
2001-12-27 16:00:00-05:00,17.735,18.09,17.65,17.68,32800,0.0,0.0,0.0,0.0,0.0
2001-12-28 16:00:00-05:00,17.64,18.25,17.64,17.74,14900,0.0,0.0,0.0,0.0,0.0
2001-12-31 16:00:00-05:00,18.15,18.15,17.64,17.65,33400,0.0,0.0,0.0,0.0,0.0
2002-01-02 16:00:00-05:00,17.76,17.76,17.18,17.46,33400,0.0,0.0,0.0,0.0,0.0
2002-01-03 16:00:00-05:00,17.4,18.0,17.36,17.7,69800,0.0,0.0,0.0,0.0,0.0
2002-01-04 16:00:00-05:00,17.61,18.37,17.58,17.6,39700,0.0,0.0,0.0,0.0,0.0
2002-01-07 16:00:00-05:00,17.755,17.94,16.68,16.73,44000,0.0,0.0,0.0,0.0,0.0
2002-01-08 16:00:00-05:00,16.79,17.87,16.69,17.82,31900,0.0,0.0,0.0,0.0,0.0
2002-01-09 16:00:00-05:00,18.0,18.06,17.1,17.1,32100,0.0,0.0,0.0,0.0,0.0
2002-01-10 16:00:00-05:00,17.154,17.6,17.1,17.1,36400,0.0,0.0,0.0,0.0,0.0
2002-01-11 16:00:00-05:00,17.05,17.49,16.7,16.81,40100,0.0,0.0,0.0,0.0,0.0
2002-01-14 16:00:00-05:00,17.04,17.04,16.33,16.49,41900,0.0,0.0,0.0,0.0,0.0
2002-01-15 16:00:00-05:00,16.35,16.61,16.35,16.5,23400,0.0,0.0,0.0,0.0,0.0
2002-01-16 16:00:00-05:00,16.7,17.3,16.6,17.06,16400,0.0,0.0,0.0,0.0,0.0
2002-01-17 16:00:00-05:00,17.149,17.2,16.7,17.2,21100,0.0,0.0,0.0,0.0,0.0
2002-01-18 16:00:00-05:00,17.2,17.2,15.65,15.65,32300,0.0,0.0,0.0,0.0,0.0
2002-01-22 16:00:00-05:00,15.61,16.45,15.61,15.71,32300,0.0,0.0,0.0,0.0,0.0
2002-01-23 16:00:00-05:00,16.14,16.94,15.75,16.73,26900,0.0,0.0,0.0,0.0,0.0
2002-01-24 16:00:00-05:00,16.77,16.8,16.5,16.79,14200,0.0,0.0,0.0,0.0,0.0
2002-01-25 16:00:00-05:00,16.8,16.93,16.75,16.8,62400,0.0,0.0,0.0,0.0,0.0
2002-01-28 16:00:00-05:00,16.805,17.0,16.75,17.0,52300,0.0,0.0,0.0,0.0,0.0
2002-01-29 16:00:00-05:00,16.76,16.9,16.5,16.5,74600,0.0,0.0,0.0,0.0,0.0
2002-01-30 16:00:00-05:00,16.46,17.21,16.45,17.2,64000,0.0,0.0,0.0,0.0,0.0
2002-01-31 16:00:00-05:00,16.95,16.95,16.77,16.8,6600,0.0,0.0,0.0,0.0,0.0
2002-02-01 16:00:00-05:00,16.77,16.82,16.5,16.5,15900,0.0,0.0,0.0,0.0,0.0
2002-02-04 16:00:00-05:00,16.57,16.73,16.49,16.49,23600,0.0,0.0,0.0,0.0,0.0
2002-02-05 16:00:00-05:00,16.45,16.65,16.33,16.55,24400,0.0,0.0,0.0,0.0,0.0
2002-02-06 16:00:00-05:00,16.3,16.52,16.2,16.22,32100,0.0,0.0,0.0,0.0,0.0
2002-02-07 16:00:00-05:00,16.42,16.42,16.22,16.29,20900,0.0,0.0,0.0,0.0,0.0
2002-02-08 16:00:00-05:00,16.29,16.35,16.0,16.35,23000,0.0,0.0,0.0,0.0,0.0
2002-02-11 16:00:00-05:00,16.03,16.37,15.85,16.03,65800,0.0,0.0,0.0,0.0,0.0
2002-02-12 16:00:00-05:00,16.28,16.28,15.8,15.8,32700,0.0,0.0,0.0,0.0,0.0
2002-02-13 16:00:00-05:00,15.85,16.18,15.85,16.15,73500,0.0,0.0,0.0,0.0,0.0
2002-02-14 16:00:00-05:00,16.07,16.24,15.78,15.8,52900,0.0,0.0,0.0,0.0,0.0
2002-02-15 16:00:00-05:00,15.8,16.05,15.71,15.83,56900,0.0,0.0,0.0,0.0,0.0
2002-02-19 16:00:00-05:00,16.0,16.05,15.75,15.75,50600,0.0,0.0,0.0,0.0,0.0
2002-02-20 16:00:00-05:00,16.05,16.05,15.751,15.9,106000,0.0,0.0,0.0,0.0,0.0
2002-02-21 16:00:00-05:00,16.05,16.05,15.65,15.76,85800,0.0,0.0,0.0,0.0,0.0
2002-02-22 16:00:00-05:00,15.92,16.05,15.65,16.0,57300,0.0,0.0,0.0,0.0,0.0
2002-02-25 16:00:00-05:00,15.85,16.0,15.85,15.95,90000,0.0,0.0,0.0,0.0,0.0
2002-02-26 16:00:00-05:00,16.0,16.0,15.9,15.91,16600,0.0,0.0,0.0,0.0,0.0
2002-02-27 16:00:00-05:00,16.0,16.05,15.83,16.0,45400,0.0,0.0,0.0,0.0,0.0
2002-02-28 16:00:00-05:00,16.0,16.0,15.75,15.77,33700,0.0,0.0,0.0,0.0,0.0
2002-03-01 16:00:00-05:00,15.81,16.0,15.75,15.95,41200,0.0,0.0,0.0,0.0,0.0
2002-03-04 16:00:00-05:00,15.99,16.04,15.91,16.0,40400,0.0,0.0,0.0,0.0,0.0
2002-03-05 16:00:00-05:00,15.985,16.03,15.72,15.91,76600,0.0,0.0,0.0,0.0,0.0
2002-03-06 16:00:00-05:00,15.91,16.0,15.8,16.0,36200,0.0,0.0,0.0,0.0,0.0
2002-03-07 16:00:00-05:00,16.0,16.0,15.91,16.0,7700,0.0,0.0,0.0,0.0,0.0
2002-03-08 16:00:00-05:00,15.97,16.0,15.76,15.98,23100,0.0,0.0,0.0,0.0,0.0
2002-03-11 16:00:00-05:00,15.83,16.0,15.76,15.87,34000,0.0,0.0,0.0,0.0,0.0
2002-03-12 16:00:00-05:00,15.97,16.0,15.79,15.949,15400,0.0,0.0,0.0,0.0,0.0
2002-03-13 16:00:00-05:00,15.9,15.99,15.85,15.99,22400,0.0,0.0,0.0,0.0,0.0
2002-03-14 16:00:00-05:00,15.85,15.95,15.85,15.95,38800,0.0,0.0,0.0,0.0,0.0
2002-03-15 16:00:00-05:00,15.7,15.99,15.65,15.99,67100,0.0,0.0,0.0,0.0,0.0
2002-03-18 16:00:00-05:00,15.98,16.0,15.75,15.87,55900,0.0,0.0,0.0,0.0,0.0
2002-03-19 16:00:00-05:00,15.821,15.98,15.78,15.78,21500,0.0,0.0,0.0,0.0,0.0
2002-03-20 16:00:00-05:00,15.97,15.97,15.82,15.86,27100,0.0,0.0,0.0,0.0,0.0
2002-03-21 16:00:00-05:00,15.88,16.06,15.88,16.06,50200,0.0,0.0,0.0,0.0,0.0
2002-03-22 16:00:00-05:00,15.99,16.0,15.75,15.8,65000,0.0,0.0,0.0,0.0,0.0
2002-03-25 16:00:00-05:00,15.83,15.93,15.7,15.71,21200,0.0,0.0,0.0,0.0,0.0
2002-03-26 16:00:00-05:00,15.785,15.86,15.72,15.86,38800,0.0,0.0,0.0,0.0,0.0
2002-03-27 16:00:00-05:00,15.73,15.95,15.73,15.9,44800,0.0,0.0,0.0,0.0,0.0
2002-03-28 16:00:00-05:00,15.8,15.95,15.72,15.72,8700,0.0,0.0,0.0,0.0,0.0
2002-04-01 16:00:00-05:00,15.92,15.92,15.72,15.8,28400,0.0,0.0,0.0,0.0,0.0
2002-04-02 16:00:00-05:00,15.9,16.16,15.78,16.05,50800,0.0,0.0,0.0,0.0,0.0
2002-04-03 16:00:00-05:00,16.05,16.17,16.0,16.01,33100,0.0,0.0,0.0,0.0,0.0
2002-04-04 16:00:00-05:00,16.001,16.2,16.0,16.17,49800,0.0,0.0,0.0,0.0,0.0
2002-04-05 16:00:00-05:00,16.15,16.35,16.09,16.2,30900,0.0,0.0,0.0,0.0,0.0
2002-04-08 16:00:00-04:00,16.1,16.91,16.1,16.91,76300,0.0,0.0,0.0,0.0,0.0
2002-04-09 16:00:00-04:00,16.74,16.98,16.65,16.8,31000,0.0,0.0,0.0,0.0,0.0
2002-04-10 16:00:00-04:00,16.92,17.7,16.92,17.4,161500,0.0,0.0,0.0,0.0,0.0
2002-04-11 16:00:00-04:00,17.65,17.75,17.24,17.29,46800,0.0,0.0,0.0,0.0,0.0
2002-04-12 16:00:00-04:00,17.4,18.0,17.32,17.93,62500,0.0,0.0,0.0,0.0,0.0
2002-04-15 16:00:00-04:00,18.0,18.0,17.67,17.71,30300,0.0,0.0,0.0,0.0,0.0
2002-04-16 16:00:00-04:00,17.75,18.82,17.65,18.67,128900,0.0,0.0,0.0,0.0,0.0
2002-04-17 16:00:00-04:00,18.43,18.9,18.4,18.68,77800,0.0,0.0,0.0,0.0,0.0
2002-04-18 16:00:00-04:00,18.53,18.87,18.26,18.87,78500,0.0,0.0,0.0,0.0,0.0
2002-04-19 16:00:00-04:00,18.87,19.16,18.69,18.79,82400,0.0,0.0,0.0,0.0,0.0
2002-04-22 16:00:00-04:00,18.72,19.05,18.72,18.891,88600,0.0,0.0,0.0,0.0,0.0
2002-04-23 16:00:00-04:00,18.83,18.9,18.5,18.84,49700,0.0,0.0,0.0,0.0,0.0
2002-04-24 16:00:00-04:00,18.705,19.0,18.66,18.7,60700,0.0,0.0,0.0,0.0,0.0
2002-04-25 16:00:00-04:00,18.7,18.95,18.61,18.87,42200,0.0,0.0,0.0,0.0,0.0
2002-04-26 16:00:00-04:00,18.7,18.91,18.67,18.67,42400,0.0,0.0,0.0,0.0,0.0
2002-04-29 16:00:00-04:00,18.67,18.91,18.66,18.89,53100,0.0,0.0,0.0,0.0,0.0
2002-04-30 16:00:00-04:00,18.83,19.0,18.83,18.97,65300,0.0,0.0,0.0,0.0,0.0
2002-05-01 16:00:00-04:00,19.0,19.35,18.94,19.17,102100,0.0,0.0,0.0,0.0,0.0
2002-05-02 16:00:00-04:00,19.34,19.85,19.2,19.75,111300,0.0,0.0,0.0,0.0,0.0
2002-05-03 16:00:00-04:00,19.2,19.879,19.2,19.82,51400,0.0,0.0,0.0,0.0,0.0
2002-05-06 16:00:00-04:00,19.81,20.0,19.81,19.86,38200,0.0,0.0,0.0,0.0,0.0
2002-05-07 16:00:00-04:00,19.87,20.0,19.56,19.59,23900,0.0,0.0,0.0,0.0,0.0
2002-05-08 16:00:00-04:00,19.86,20.0,19.56,19.83,32600,0.0,0.0,0.0,0.0,0.0
2002-05-09 16:00:00-04:00,20.0,20.36,19.83,19.831,56200,0.0,0.0,0.0,0.0,0.0
2002-05-10 16:00:00-04:00,19.85,20.22,19.0,19.4,68000,0.0,0.0,0.0,0.0,0.0
2002-05-13 16:00:00-04:00,19.4,20.0,19.05,19.86,58600,0.0,0.0,0.0,0.0,0.0
2002-05-14 16:00:00-04:00,19.861,20.17,19.43,19.51,54600,0.0,0.0,0.0,0.0,0.0
2002-05-15 16:00:00-04:00,19.91,20.16,19.14,19.63,83400,0.0,0.0,0.0,0.0,0.0
2002-05-16 16:00:00-04:00,19.75,19.79,18.81,19.11,33700,0.0,0.0,0.0,0.0,0.0
2002-05-17 16:00:00-04:00,19.1,19.5,19.07,19.25,43900,0.0,0.0,0.0,0.0,0.0
2002-05-20 16:00:00-04:00,19.26,19.3,19.07,19.161,50400,0.0,0.0,0.0,0.0,0.0
2002-05-21 16:00:00-04:00,19.161,19.53,18.75,19.12,49600,0.0,0.0,0.0,0.0,0.0
2002-05-22 16:00:00-04:00,19.15,19.39,18.73,19.02,31200,0.0,0.0,0.0,0.0,0.0
2002-05-23 16:00:00-04:00,18.66,19.11,18.65,19.06,101300,0.0,0.0,0.0,0.0,0.0
2002-05-24 16:00:00-04:00,19.19,19.19,18.5,19.04,44800,0.0,0.0,0.0,0.0,0.0
2002-05-28 16:00:00-04:00,19.0,19.0,18.45,18.8,41200,0.0,0.0,0.0,0.0,0.0
2002-05-29 16:00:00-04:00,18.96,18.96,18.0,18.65,75100,0.0,0.0,0.0,0.0,0.0
2002-05-30 16:00:00-04:00,18.88,19.12,17.9,19.0,89900,0.0,0.0,0.0,0.0,0.0
2002-05-31 16:00:00-04:00,18.351,19.34,18.19,18.65,59500,0.0,0.0,0.0,0.0,0.0
2002-06-03 16:00:00-04:00,18.42,18.92,18.0,18.5,63200,0.0,0.0,0.0,0.0,0.0
2002-06-04 16:00:00-04:00,18.11,18.65,18.0,18.4,39500,0.0,0.0,0.0,0.0,0.0
2002-06-05 16:00:00-04:00,18.0,18.74,17.701,18.35,69500,0.0,0.0,0.0,0.0,0.0
2002-06-06 16:00:00-04:00,18.28,18.6,17.8,17.97,69300,0.0,0.0,0.0,0.0,0.0
2002-06-07 16:00:00-04:00,17.8,18.56,17.5,18.4,64100,0.0,0.0,0.0,0.0,0.0
2002-06-10 16:00:00-04:00,18.39,18.64,18.091,18.64,24300,0.0,0.0,0.0,0.0,0.0
2002-06-11 16:00:00-04:00,18.11,18.67,18.11,18.5,43300,0.0,0.0,0.0,0.0,0.0
2002-06-12 16:00:00-04:00,18.36,18.89,18.26,18.62,51000,0.0,0.0,0.0,0.0,0.0
2002-06-13 16:00:00-04:00,18.61,18.61,17.919,18.2,49400,0.0,0.0,0.0,0.0,0.0
2002-06-14 16:00:00-04:00,17.9,19.6,17.4,19.6,37900,0.0,0.0,0.0,0.0,0.0
2002-06-17 16:00:00-04:00,19.41,20.04,19.07,20.03,124400,0.0,0.0,0.0,0.0,0.0
2002-06-18 16:00:00-04:00,20.04,20.11,19.94,20.01,116300,0.0,0.0,0.0,0.0,0.0
2002-06-19 16:00:00-04:00,19.81,20.42,18.94,19.17,52400,0.0,0.0,0.0,0.0,0.0
2002-06-20 16:00:00-04:00,18.95,19.8,18.95,19.59,61800,0.0,0.0,0.0,0.0,0.0
2002-06-21 16:00:00-04:00,19.51,20.15,19.43,19.93,87800,0.0,0.0,0.0,0.0,0.0
2002-06-24 16:00:00-04:00,19.931,20.44,19.36,19.87,73900,0.0,0.0,0.0,0.0,0.0
2002-06-25 16:00:00-04:00,19.88,20.42,19.549,19.93,46400,0.0,0.0,0.0,0.0,0.0
2002-06-26 16:00:00-04:00,19.71,20.39,19.55,20.31,73100,0.0,0.0,0.0,0.0,0.0
2002-06-27 16:00:00-04:00,20.29,20.5,19.7,19.99,68900,0.0,0.0,0.0,0.0,0.0
2002-06-28 16:00:00-04:00,19.99,20.1,19.46,19.57,83200,0.0,0.0,0.0,0.0,0.0
2002-07-01 16:00:00-04:00,19.88,19.92,19.15,19.59,97600,0.0,0.0,0.0,0.0,0.0
2002-07-02 16:00:00-04:00,19.699,19.75,19.15,19.54,73500,0.0,0.0,0.0,0.0,0.0
2002-07-03 16:00:00-04:00,19.02,19.5,18.8,18.9,40600,0.0,0.0,0.0,0.0,0.0
2002-07-05 16:00:00-04:00,19.09,19.09,18.68,18.88,118000,0.0,0.0,0.0,0.0,0.0
2002-07-08 16:00:00-04:00,18.67,19.32,18.6,18.85,44800,0.0,0.0,0.0,0.0,0.0
2002-07-09 16:00:00-04:00,18.66,18.99,18.66,18.88,20100,0.0,0.0,0.0,0.0,0.0
2002-07-10 16:00:00-04:00,18.67,19.15,18.48,19.13,30800,0.0,0.0,0.0,0.0,0.0
2002-07-11 16:00:00-04:00,18.82,19.33,18.43,18.92,44700,0.0,0.0,0.0,0.0,0.0
2002-07-12 16:00:00-04:00,18.99,18.99,18.41,18.42,33400,0.0,0.0,0.0,0.0,0.0
2002-07-15 16:00:00-04:00,18.42,18.89,18.23,18.29,61700,0.0,0.0,0.0,0.0,0.0
2002-07-16 16:00:00-04:00,18.23,18.61,18.23,18.4,72300,0.0,0.0,0.0,0.0,0.0
2002-07-17 16:00:00-04:00,18.29,18.41,18.23,18.41,43900,0.0,0.0,0.0,0.0,0.0
2002-07-18 16:00:00-04:00,18.22,18.4,17.3,17.3,42400,0.0,0.0,0.0,0.0,0.0
2002-07-19 16:00:00-04:00,17.275,18.39,17.1,17.59,87600,0.0,0.0,0.0,0.0,0.0
2002-07-22 16:00:00-04:00,17.55,18.85,17.55,18.74,94400,0.0,0.0,0.0,0.0,0.0
2002-07-23 16:00:00-04:00,18.75,18.8,16.55,16.92,70900,0.0,0.0,0.0,0.0,0.0
2002-07-24 16:00:00-04:00,17.69,17.95,16.95,17.48,76300,0.0,0.0,0.0,0.0,0.0
2002-07-25 16:00:00-04:00,17.54,18.67,17.49,18.45,116000,0.0,0.0,0.0,0.0,0.0
2002-07-26 16:00:00-04:00,17.96,19.67,17.95,19.67,75200,0.0,0.0,0.0,0.0,0.0
2002-07-29 16:00:00-04:00,19.25,20.0,19.25,20.0,52800,0.0,0.0,0.0,0.0,0.0
2002-07-30 16:00:00-04:00,19.83,19.98,19.65,19.67,68900,0.0,0.0,0.0,0.0,0.0
2002-07-31 16:00:00-04:00,19.76,19.76,18.76,18.85,53000,0.0,0.0,0.0,0.0,0.0
2002-08-01 16:00:00-04:00,18.77,18.94,18.16,18.299,31700,0.0,0.0,0.0,0.0,0.0
2002-08-02 16:00:00-04:00,18.46,18.72,17.65,17.65,65600,0.0,0.0,0.0,0.0,0.0
2002-08-05 16:00:00-04:00,17.76,17.81,17.37,17.58,41900,0.0,0.0,0.0,0.0,0.0
2002-08-06 16:00:00-04:00,17.5,18.5,17.36,18.01,59700,0.0,0.0,0.0,0.0,0.0
2002-08-07 16:00:00-04:00,17.72,18.09,17.42,18.01,65900,0.0,0.0,0.0,0.0,0.0
2002-08-08 16:00:00-04:00,18.01,18.57,17.761,18.57,72700,0.0,0.0,0.0,0.0,0.0
2002-08-09 16:00:00-04:00,18.03,18.03,17.81,17.98,39200,0.0,0.0,0.0,0.0,0.0
2002-08-12 16:00:00-04:00,18.01,18.01,17.75,18.01,45500,0.0,0.0,0.0,0.0,0.0
2002-08-13 16:00:00-04:00,17.92,18.01,17.51,17.51,55300,0.0,0.0,0.0,0.0,0.0
2002-08-14 16:00:00-04:00,17.5,18.51,17.5,18.38,53400,0.0,0.0,0.0,0.0,0.0
2002-08-15 16:00:00-04:00,18.38,18.38,17.84,17.85,12600,0.0,0.0,0.0,0.0,0.0
2002-08-16 16:00:00-04:00,17.945,18.55,17.85,18.55,21300,0.0,0.0,0.0,0.0,0.0
2002-08-19 16:00:00-04:00,17.95,18.76,17.95,18.5,68000,0.0,0.0,0.0,0.0,0.0
2002-08-20 16:00:00-04:00,18.4,18.4,18.05,18.15,125900,0.0,0.0,0.0,0.0,0.0
2002-08-21 16:00:00-04:00,18.04,18.5,18.04,18.49,47600,0.0,0.0,0.0,0.0,0.0
2002-08-22 16:00:00-04:00,18.5,18.5,18.09,18.3,51400,0.0,0.0,0.0,0.0,0.0
2002-08-23 16:00:00-04:00,18.269,18.33,17.94,18.05,41700,0.0,0.0,0.0,0.0,0.0
2002-08-26 16:00:00-04:00,17.94,19.0,17.94,19.0,23600,0.0,0.0,0.0,0.0,0.0
2002-08-27 16:00:00-04:00,19.0,19.0,18.43,18.47,45300,0.0,0.0,0.0,0.0,0.0
2002-08-28 16:00:00-04:00,18.4,18.73,18.25,18.35,37300,0.0,0.0,0.0,0.0,0.0
2002-08-29 16:00:00-04:00,18.64,18.64,18.25,18.46,14400,0.0,0.0,0.0,0.0,0.0
2002-08-30 16:00:00-04:00,18.64,18.64,17.48,17.48,48400,0.0,0.0,0.0,0.0,0.0
2002-09-03 16:00:00-04:00,17.66,18.05,17.35,17.44,47200,0.0,0.0,0.0,0.0,0.0
2002-09-04 16:00:00-04:00,17.75,18.63,17.31,18.32,32100,0.0,0.0,0.0,0.0,0.0
2002-09-05 16:00:00-04:00,18.63,18.63,17.5,17.52,40200,0.0,0.0,0.0,0.0,0.0
2002-09-06 16:00:00-04:00,17.72,18.5,17.521,18.49,45500,0.0,0.0,0.0,0.0,0.0
2002-09-09 16:00:00-04:00,18.49,18.49,17.95,18.41,36900,0.0,0.0,0.0,0.0,0.0
2002-09-10 16:00:00-04:00,18.5,18.5,17.79,18.16,38800,0.0,0.0,0.0,0.0,0.0
2002-09-11 16:00:00-04:00,17.7,18.16,17.7,17.9,23600,0.0,0.0,0.0,0.0,0.0
2002-09-12 16:00:00-04:00,17.9,18.3,17.6,17.661,39100,0.0,0.0,0.0,0.0,0.0
2002-09-13 16:00:00-04:00,17.51,18.01,16.75,17.86,60200,0.0,0.0,0.0,0.0,0.0
2002-09-16 16:00:00-04:00,17.74,18.0,17.39,17.5,31900,0.0,0.0,0.0,0.0,0.0
2002-09-17 16:00:00-04:00,17.42,17.83,17.4,17.73,23100,0.0,0.0,0.0,0.0,0.0
2002-09-18 16:00:00-04:00,17.46,18.0,17.25,17.59,39400,0.0,0.0,0.0,0.0,0.0
2002-09-19 16:00:00-04:00,17.35,17.71,16.71,16.71,39900,0.0,0.0,0.0,0.0,0.0
2002-09-20 16:00:00-04:00,17.75,17.75,16.89,17.36,160900,0.0,0.0,0.0,0.0,0.0
2002-09-23 16:00:00-04:00,17.3,17.38,16.27,16.73,33700,0.0,0.0,0.0,0.0,0.0
2002-09-24 16:00:00-04:00,16.73,17.13,15.9,16.87,61400,0.0,0.0,0.0,0.0,0.0
2002-09-25 16:00:00-04:00,16.65,17.44,16.44,17.44,62200,0.0,0.0,0.0,0.0,0.0
2002-09-26 16:00:00-04:00,17.45,18.25,17.06,18.06,77300,0.0,0.0,0.0,0.0,0.0
2002-09-27 16:00:00-04:00,17.55,18.49,17.45,17.452,74900,0.0,0.0,0.0,0.0,0.0
2002-09-30 16:00:00-04:00,17.65,18.0,17.45,17.81,56000,0.0,0.0,0.0,0.0,0.0
2002-10-01 16:00:00-04:00,18.0,18.6,17.49,18.49,85500,0.0,0.0,0.0,0.0,0.0
2002-10-02 16:00:00-04:00,18.539,19.09,18.49,18.85,239100,0.0,0.0,0.0,0.0,0.0
2002-10-03 16:00:00-04:00,18.9,19.1,18.53,18.87,126000,0.0,0.0,0.0,0.0,0.0
2002-10-04 16:00:00-04:00,18.83,18.94,18.2,18.39,195500,0.0,0.0,0.0,0.0,0.0
2002-10-07 16:00:00-04:00,18.27,18.49,17.4,17.768,46600,0.0,0.0,0.0,0.0,0.0
2002-10-08 16:00:00-04:00,17.44,18.0,17.44,17.95,64700,0.0,0.0,0.0,0.0,0.0
2002-10-09 16:00:00-04:00,17.84,17.95,16.76,17.05,73500,0.0,0.0,0.0,0.0,0.0
2002-10-10 16:00:00-04:00,16.85,17.79,16.85,17.68,36800,0.0,0.0,0.0,0.0,0.0
2002-10-11 16:00:00-04:00,17.6,18.05,17.6,17.9,42000,0.0,0.0,0.0,0.0,0.0
2002-10-14 16:00:00-04:00,17.84,18.6,17.84,18.45,58900,0.0,0.0,0.0,0.0,0.0
2002-10-15 16:00:00-04:00,18.565,18.62,18.4,18.5,62900,0.0,0.0,0.0,0.0,0.0
2002-10-16 16:00:00-04:00,18.19,18.5,17.82,17.82,93200,0.0,0.0,0.0,0.0,0.0
2002-10-17 16:00:00-04:00,18.149,18.35,17.9,18.19,84100,0.0,0.0,0.0,0.0,0.0
2002-10-18 16:00:00-04:00,18.18,18.35,17.91,18.27,81200,0.0,0.0,0.0,0.0,0.0
2002-10-21 16:00:00-04:00,17.98,18.34,17.98,18.2,28300,0.0,0.0,0.0,0.0,0.0
2002-10-22 16:00:00-04:00,17.81,18.0,16.57,17.05,96100,0.0,0.0,0.0,0.0,0.0
2002-10-23 16:00:00-04:00,17.001,17.5,16.6,17.43,51700,0.0,0.0,0.0,0.0,0.0
2002-10-24 16:00:00-04:00,17.5,17.61,16.92,17.13,70500,0.0,0.0,0.0,0.0,0.0
2002-10-25 16:00:00-04:00,17.13,18.03,16.77,17.94,70100,0.0,0.0,0.0,0.0,0.0
2002-10-28 16:00:00-05:00,17.94,18.45,17.59,17.89,41500,0.0,0.0,0.0,0.0,0.0
2002-10-29 16:00:00-05:00,18.17,18.45,17.6,18.24,43800,0.0,0.0,0.0,0.0,0.0
2002-10-30 16:00:00-05:00,18.01,18.45,18.0,18.39,49000,0.0,0.0,0.0,0.0,0.0
2002-10-31 16:00:00-05:00,18.39,18.5,18.15,18.26,77700,0.0,0.0,0.0,0.0,0.0
2002-11-01 16:00:00-05:00,18.21,18.55,18.11,18.55,71300,0.0,0.0,0.0,0.0,0.0
2002-11-04 16:00:00-05:00,18.55,18.72,18.36,18.629,76900,0.0,0.0,0.0,0.0,0.0
2002-11-05 16:00:00-05:00,18.7,18.7,18.38,18.69,50500,0.0,0.0,0.0,0.0,0.0
2002-11-06 16:00:00-05:00,18.75,18.75,18.3,18.689,66100,0.0,0.0,0.0,0.0,0.0
2002-11-07 16:00:00-05:00,18.52,18.68,18.2,18.29,58500,0.0,0.0,0.0,0.0,0.0
2002-11-08 16:00:00-05:00,18.29,18.6,18.17,18.54,25800,0.0,0.0,0.0,0.0,0.0
2002-11-11 16:00:00-05:00,18.55,18.6,17.76,17.831,44900,0.0,0.0,0.0,0.0,0.0
2002-11-12 16:00:00-05:00,17.9,18.72,17.9,18.649,35100,0.0,0.0,0.0,0.0,0.0
2002-11-13 16:00:00-05:00,18.39,18.69,18.16,18.29,58800,0.0,0.0,0.0,0.0,0.0
2002-11-14 16:00:00-05:00,18.5,18.7,18.07,18.559,54000,0.0,0.0,0.0,0.0,0.0
2002-11-15 16:00:00-05:00,18.19,18.59,18.07,18.21,37000,0.0,0.0,0.0,0.0,0.0
2002-11-18 16:00:00-05:00,18.49,18.49,17.75,17.86,47200,0.0,0.0,0.0,0.0,0.0
2002-11-19 16:00:00-05:00,17.8,18.15,17.53,17.53,35700,0.0,0.0,0.0,0.0,0.0
2002-11-20 16:00:00-05:00,17.5,17.97,17.32,17.44,50800,0.0,0.0,0.0,0.0,0.0
2002-11-21 16:00:00-05:00,17.28,17.45,16.71,17.1,167100,0.0,0.0,0.0,0.0,0.0
2002-11-22 16:00:00-05:00,16.9,17.0,16.44,16.58,157100,0.0,0.0,0.0,0.0,0.0
2002-11-25 16:00:00-05:00,16.57,16.99,15.87,15.99,213400,0.0,0.0,0.0,0.0,0.0
2002-11-26 16:00:00-05:00,15.97,16.86,15.85,16.73,238700,0.0,0.0,0.0,0.0,0.0
2002-11-27 16:00:00-05:00,16.75,17.449,16.75,17.2,91300,0.0,0.0,0.0,0.0,0.0
2002-11-29 16:00:00-05:00,17.41,17.48,17.03,17.03,33100,0.0,0.0,0.0,0.0,0.0
2002-12-02 16:00:00-05:00,17.03,17.57,17.01,17.331,47300,0.0,0.0,0.0,0.0,0.0
2002-12-03 16:00:00-05:00,17.48,17.48,16.88,16.921,34900,0.0,0.0,0.0,0.0,0.0
2002-12-04 16:00:00-05:00,16.99,16.99,16.21,16.431,47100,0.0,0.0,0.0,0.0,0.0
2002-12-05 16:00:00-05:00,16.82,16.94,16.261,16.72,29100,0.0,0.0,0.0,0.0,0.0
2002-12-06 16:00:00-05:00,16.41,16.86,16.4,16.69,16400,0.0,0.0,0.0,0.0,0.0
2002-12-09 16:00:00-05:00,16.5,16.7,16.321,16.4,45200,0.0,0.0,0.0,0.0,0.0
2002-12-10 16:00:00-05:00,16.28,16.96,16.25,16.699,22500,0.0,0.0,0.0,0.0,0.0
2002-12-11 16:00:00-05:00,16.45,16.98,16.33,16.969,27000,0.0,0.0,0.0,0.0,0.0
2002-12-12 16:00:00-05:00,16.81,17.06,16.741,16.75,18000,0.0,0.0,0.0,0.0,0.0
2002-12-13 16:00:00-05:00,17.0,17.11,16.56,16.83,31000,0.0,0.0,0.0,0.0,0.0
2002-12-16 16:00:00-05:00,16.83,17.14,16.42,17.14,32000,0.0,0.0,0.0,0.0,0.0
2002-12-17 16:00:00-05:00,17.18,17.37,17.0,17.25,28600,0.0,0.0,0.0,0.0,0.0
2002-12-18 16:00:00-05:00,17.2,17.34,16.501,16.571,42100,0.0,0.0,0.0,0.0,0.0
2002-12-19 16:00:00-05:00,17.5,17.5,16.57,17.15,40000,0.0,0.0,0.0,0.0,0.0
2002-12-20 16:00:00-05:00,16.89,17.49,16.89,17.49,108000,0.0,0.0,0.0,0.0,0.0
2002-12-23 16:00:00-05:00,17.415,17.71,17.19,17.46,61700,0.0,0.0,0.0,0.0,0.0
2002-12-24 16:00:00-05:00,17.67,17.97,17.38,17.51,28300,0.0,0.0,0.0,0.0,0.0
2002-12-26 16:00:00-05:00,17.97,18.0,17.091,17.38,41900,0.0,0.0,0.0,0.0,0.0
2002-12-27 16:00:00-05:00,17.89,17.89,16.93,17.011,61900,0.0,0.0,0.0,0.0,0.0
2002-12-30 16:00:00-05:00,16.88,17.22,16.5,16.93,31700,0.0,0.0,0.0,0.0,0.0
2002-12-31 16:00:00-05:00,16.94,17.0,16.27,16.391,54900,0.0,0.0,0.0,0.0,0.0
2003-01-02 16:00:00-05:00,16.8,17.13,16.33,17.05,70416,0.0,0.0,0.0,0.0,0.0
2003-01-03 16:00:00-05:00,17.19,17.5,16.58,16.84,54484,0.0,0.0,0.0,0.0,0.0
2003-01-06 16:00:00-05:00,16.55,17.28,16.55,17.19,60600,0.0,0.0,0.0,0.0,0.0
2003-01-07 16:00:00-05:00,16.98,17.31,16.86,16.9,50517,0.0,0.0,0.0,0.0,0.0
2003-01-08 16:00:00-05:00,16.9,17.17,16.73,16.79,27700,0.0,0.0,0.0,0.0,0.0
2003-01-09 16:00:00-05:00,16.99,17.25,16.671,16.94,38954,0.0,0.0,0.0,0.0,0.0
2003-01-10 16:00:00-05:00,16.91,17.0,16.52,16.7491,36413,0.0,0.0,0.0,0.0,0.0
2003-01-13 16:00:00-05:00,16.51,16.9,16.21,16.61,40549,0.0,0.0,0.0,0.0,0.0
2003-01-14 16:00:00-05:00,16.53,16.97,16.52,16.91,14900,0.0,0.0,0.0,0.0,0.0
2003-01-15 16:00:00-05:00,16.6,16.97,16.53,16.63,37552,0.0,0.0,0.0,0.0,0.0
2003-01-16 16:00:00-05:00,16.5,16.94,16.5,16.599,31211,0.0,0.0,0.0,0.0,0.0
2003-01-17 16:00:00-05:00,16.59,16.59,16.25,16.32,37619,0.0,0.0,0.0,0.0,0.0
2003-01-21 16:00:00-05:00,16.25,16.9,16.2,16.64,63634,0.0,0.0,0.0,0.0,0.0
2003-01-22 16:00:00-05:00,16.45,16.81,16.45,16.58,41900,0.0,0.0,0.0,0.0,0.0
2003-01-23 16:00:00-05:00,16.41,16.62,16.18,16.23,42098,0.0,0.0,0.0,0.0,0.0
2003-01-24 16:00:00-05:00,16.151,16.23,15.7,15.73,61398,0.0,0.0,0.0,0.0,0.0
2003-01-27 16:00:00-05:00,16.04,16.16,15.56,15.72,34418,0.0,0.0,0.0,0.0,0.0
2003-01-28 16:00:00-05:00,15.72,16.04,15.59,15.98,31375,0.0,0.0,0.0,0.0,0.0
2003-01-29 16:00:00-05:00,15.7,16.0,15.7,16.0,47500,0.0,0.0,0.0,0.0,0.0
2003-01-30 16:00:00-05:00,16.11,16.129,15.46,15.46,36286,0.0,0.0,0.0,0.0,0.0
2003-01-31 16:00:00-05:00,15.8,15.91,15.27,15.49,58798,0.0,0.0,0.0,0.0,0.0
2003-02-03 16:00:00-05:00,15.489,15.73,15.26,15.62,62160,0.0,0.0,0.0,0.0,0.0
2003-02-04 16:00:00-05:00,15.25,15.65,15.1,15.55,38276,0.0,0.0,0.0,0.0,0.0
2003-02-05 16:00:00-05:00,15.57,16.4,15.4,15.53,71421,0.0,0.0,0.0,0.0,0.0
2003-02-06 16:00:00-05:00,15.5,15.61,15.31,15.58,43129,0.0,0.0,0.0,0.0,0.0
2003-02-07 16:00:00-05:00,15.5,15.68,15.3,15.32,35200,0.0,0.0,0.0,0.0,0.0
2003-02-10 16:00:00-05:00,15.31,15.71,15.3,15.63,43715,0.0,0.0,0.0,0.0,0.0
2003-02-11 16:00:00-05:00,15.45,15.679,15.44,15.679,38300,0.0,0.0,0.0,0.0,0.0
2003-02-12 16:00:00-05:00,15.7,15.7,15.31,15.33,36800,0.0,0.0,0.0,0.0,0.0
2003-02-13 16:00:00-05:00,15.34,15.63,15.25,15.63,32700,0.0,0.0,0.0,0.0,0.0
2003-02-14 16:00:00-05:00,15.4,15.79,15.14,15.7,24313,0.0,0.0,0.0,0.0,0.0
2003-02-18 16:00:00-05:00,15.605,16.15,15.6,15.95,32942,0.0,0.0,0.0,0.0,0.0
2003-02-19 16:00:00-05:00,15.75,15.93,15.67,15.76,28933,0.0,0.0,0.0,0.0,0.0
2003-02-20 16:00:00-05:00,15.68,15.87,15.57,15.75,21063,0.0,0.0,0.0,0.0,0.0
2003-02-21 16:00:00-05:00,15.77,16.1,15.65,16.03,34092,0.0,0.0,0.0,0.0,0.0
2003-02-24 16:00:00-05:00,16.1,16.1,15.51,15.75,44271,0.0,0.0,0.0,0.0,0.0
2003-02-25 16:00:00-05:00,15.61,15.94,15.51,15.94,27875,0.0,0.0,0.0,0.0,0.0
2003-02-26 16:00:00-05:00,16.05,16.05,15.75,15.88,32028,0.0,0.0,0.0,0.0,0.0
2003-02-27 16:00:00-05:00,15.95,16.09,15.8,16.04,35400,0.0,0.0,0.0,0.0,0.0
2003-02-28 16:00:00-05:00,16.05,16.1,15.5,15.52,43600,0.0,0.0,0.0,0.0,0.0
2003-03-03 16:00:00-05:00,16.0,16.0,15.65,15.65,51600,0.0,0.0,0.0,0.0,0.0
2003-03-04 16:00:00-05:00,15.67,15.93,15.67,15.76,45079,0.0,0.0,0.0,0.0,0.0
2003-03-05 16:00:00-05:00,15.9,15.9,15.6,15.8,34278,0.0,0.0,0.0,0.0,0.0
2003-03-06 16:00:00-05:00,15.7,15.72,15.38,15.63,31792,0.0,0.0,0.0,0.0,0.0
2003-03-07 16:00:00-05:00,15.71,15.8,15.61,15.65,49999,0.0,0.0,0.0,0.0,0.0
2003-03-10 16:00:00-05:00,15.35,15.63,15.29,15.29,42009,0.0,0.0,0.0,0.0,0.0
2003-03-11 16:00:00-05:00,15.39,15.39,15.25,15.26,33478,0.0,0.0,0.0,0.0,0.0
2003-03-12 16:00:00-05:00,15.25,15.321,15.25,15.29,28700,0.0,0.0,0.0,0.0,0.0
2003-03-13 16:00:00-05:00,15.43,15.7,15.21,15.68,32380,0.0,0.0,0.0,0.0,0.0
2003-03-14 16:00:00-05:00,15.52,15.75,15.35,15.62,54939,0.0,0.0,0.0,0.0,0.0
2003-03-17 16:00:00-05:00,15.28,15.95,15.2,15.94,69355,0.0,0.0,0.0,0.0,0.0
2003-03-18 16:00:00-05:00,15.97,16.09,15.85,15.909,28938,0.0,0.0,0.0,0.0,0.0
2003-03-19 16:00:00-05:00,15.95,16.0,15.77,16.0,40100,0.0,0.0,0.0,0.0,0.0
2003-03-20 16:00:00-05:00,15.8,16.15,15.8,16.15,21344,0.0,0.0,0.0,0.0,0.0
2003-03-21 16:00:00-05:00,16.14,16.2,15.75,16.05,82902,0.0,0.0,0.0,0.0,0.0
2003-03-24 16:00:00-05:00,16.0,16.0,15.82,15.87,26496,0.0,0.0,0.0,0.0,0.0
2003-03-25 16:00:00-05:00,15.83,16.24,15.83,16.24,31585,0.0,0.0,0.0,0.0,0.0
2003-03-26 16:00:00-05:00,16.1,16.3,15.92,16.01,66736,0.0,0.0,0.0,0.0,0.0
2003-03-27 16:00:00-05:00,15.99,16.27,15.78,16.27,46298,0.0,0.0,0.0,0.0,0.0
2003-03-28 16:00:00-05:00,16.27,16.27,16.03,16.1,44800,0.0,0.0,0.0,0.0,0.0
2003-03-31 16:00:00-05:00,16.11,16.21,15.84,15.86,92200,0.0,0.0,0.0,0.0,0.0
2003-04-01 16:00:00-05:00,16.0,16.3,15.85,16.3,57315,0.0,0.0,0.0,0.0,0.0
2003-04-02 16:00:00-05:00,16.32,16.4,16.1,16.3,55100,0.0,0.0,0.0,0.0,0.0
2003-04-03 16:00:00-05:00,16.4,16.4,16.0,16.11,38378,0.0,0.0,0.0,0.0,0.0
2003-04-04 16:00:00-05:00,16.19,16.4,16.06,16.101,45263,0.0,0.0,0.0,0.0,0.0
2003-04-07 16:00:00-04:00,16.38,16.48,16.25,16.35,42500,0.0,0.0,0.0,0.0,0.0
2003-04-08 16:00:00-04:00,16.37,16.68,16.37,16.51,54066,0.0,0.0,0.0,0.0,0.0
2003-04-09 16:00:00-04:00,16.52,16.79,15.98,15.99,33600,0.0,0.0,0.0,0.0,0.0
2003-04-10 16:00:00-04:00,16.29,16.29,16.05,16.06,36000,0.0,0.0,0.0,0.0,0.0
2003-04-11 16:00:00-04:00,16.3,16.31,15.93,16.05,41296,0.0,0.0,0.0,0.0,0.0
2003-04-14 16:00:00-04:00,16.02,16.58,16.02,16.44,24777,0.0,0.0,0.0,0.0,0.0
2003-04-15 16:00:00-04:00,16.54,16.54,16.3,16.42,28200,0.0,0.0,0.0,0.0,0.0
2003-04-16 16:00:00-04:00,16.53,16.54,16.06,16.2,48400,0.0,0.0,0.0,0.0,0.0
2003-04-17 16:00:00-04:00,16.79,16.85,15.37,15.57,91714,0.0,0.0,0.0,0.0,0.0
2003-04-21 16:00:00-04:00,15.41,15.93,15.1,15.54,77236,0.0,0.0,0.0,0.0,0.0
2003-04-22 16:00:00-04:00,15.25,15.88,15.25,15.68,50854,0.0,0.0,0.0,0.0,0.0
2003-04-23 16:00:00-04:00,15.96,15.96,15.51,15.8,44000,0.0,0.0,0.0,0.0,0.0
2003-04-24 16:00:00-04:00,15.55,15.76,15.25,15.52,47038,0.0,0.0,0.0,0.0,0.0
2003-04-25 16:00:00-04:00,15.53,15.6,15.37,15.45,32981,0.0,0.0,0.0,0.0,0.0
2003-04-28 16:00:00-04:00,15.44,15.68,15.3,15.64,74898,0.0,0.0,0.0,0.0,0.0
2003-04-29 16:00:00-04:00,15.63,15.75,15.25,15.27,57992,0.0,0.0,0.0,0.0,0.0
2003-04-30 16:00:00-04:00,15.25,15.75,15.25,15.73,54000,0.0,0.0,0.0,0.0,0.0
2003-05-01 16:00:00-04:00,15.58,15.96,15.58,15.82,51700,0.0,0.0,0.0,0.0,0.0
2003-05-02 16:00:00-04:00,15.88,16.1,15.8,16.03,53203,0.0,0.0,0.0,0.0,0.0
2003-05-05 16:00:00-04:00,16.1,16.1,15.94,16.07,44473,0.0,0.0,0.0,0.0,0.0
2003-05-06 16:00:00-04:00,16.07,16.16,15.98,16.07,37400,0.0,0.0,0.0,0.0,0.0
2003-05-07 16:00:00-04:00,16.01,16.09,15.52,15.88,31424,0.0,0.0,0.0,0.0,0.0
2003-05-08 16:00:00-04:00,15.5,15.8,15.5,15.68,20414,0.0,0.0,0.0,0.0,0.0
2003-05-09 16:00:00-04:00,15.99,15.99,15.62,15.75,38500,0.0,0.0,0.0,0.0,0.0
2003-05-12 16:00:00-04:00,15.75,16.16,15.75,16.15,38100,0.0,0.0,0.0,0.0,0.0
2003-05-13 16:00:00-04:00,16.1,16.35,15.83,16.17,29700,0.0,0.0,0.0,0.0,0.0
2003-05-14 16:00:00-04:00,16.24,16.37,16.1,16.1,37200,0.0,0.0,0.0,0.0,0.0
2003-05-15 16:00:00-04:00,16.1,16.43,16.08,16.34,101312,0.0,0.0,0.0,0.0,0.0
2003-05-16 16:00:00-04:00,16.11,16.47,16.11,16.15,60809,0.0,0.0,0.0,0.0,0.0
2003-05-19 16:00:00-04:00,16.3,16.32,16.1,16.15,38469,0.0,0.0,0.0,0.0,0.0
2003-05-20 16:00:00-04:00,16.24,16.34,16.18,16.34,18900,0.0,0.0,0.0,0.0,0.0
2003-05-21 16:00:00-04:00,16.33,16.33,16.1,16.16,26000,0.0,0.0,0.0,0.0,0.0
2003-05-22 16:00:00-04:00,16.16,16.2,15.91,15.97,28700,0.0,0.0,0.0,0.0,0.0
2003-05-23 16:00:00-04:00,15.9,15.96,15.76,15.82,29300,0.0,0.0,0.0,0.0,0.0
2003-05-27 16:00:00-04:00,15.76,15.94,15.68,15.89,49800,0.0,0.0,0.0,0.0,0.0
2003-05-28 16:00:00-04:00,15.75,16.06,15.75,16.04,13300,0.0,0.0,0.0,0.0,0.0
2003-05-29 16:00:00-04:00,16.03,16.11,15.92,15.96,61600,0.0,0.0,0.0,0.0,0.0
2003-05-30 16:00:00-04:00,16.089,16.5,16.089,16.48,41100,0.0,0.0,0.0,0.0,0.0
2003-06-02 16:00:00-04:00,16.5,16.54,16.1,16.11,41000,0.0,0.0,0.0,0.0,0.0
2003-06-03 16:00:00-04:00,16.3,16.7,16.09,16.7,33800,0.0,0.0,0.0,0.0,0.0
2003-06-04 16:00:00-04:00,16.6,17.0,16.55,17.0,74340,0.0,0.0,0.0,0.0,0.0
2003-06-05 16:00:00-04:00,16.87,16.98,16.29,16.52,63776,0.0,0.0,0.0,0.0,0.0
2003-06-06 16:00:00-04:00,17.3,17.3,16.35,16.4,38100,0.0,0.0,0.0,0.0,0.0
2003-06-09 16:00:00-04:00,16.38,16.79,16.101,16.531,55107,0.0,0.0,0.0,0.0,0.0
2003-06-10 16:00:00-04:00,16.28,16.69,16.28,16.5,39000,0.0,0.0,0.0,0.0,0.0
2003-06-11 16:00:00-04:00,16.33,16.52,16.1,16.47,43330,0.0,0.0,0.0,0.0,0.0
2003-06-12 16:00:00-04:00,16.75,16.75,16.33,16.33,43537,0.0,0.0,0.0,0.0,0.0
2003-06-13 16:00:00-04:00,16.53,16.53,15.8,15.94,63438,0.0,0.0,0.0,0.0,0.0
2003-06-16 16:00:00-04:00,16.3,16.3,15.65,15.9,80300,0.0,0.0,0.0,0.0,0.0
2003-06-17 16:00:00-04:00,16.1,16.1,15.35,15.45,68149,0.0,0.0,0.0,0.0,0.0
2003-06-18 16:00:00-04:00,15.5,15.68,15.35,15.391,99820,0.0,0.0,0.0,0.0,0.0
2003-06-19 16:00:00-04:00,15.3,15.401,15.29,15.32,61000,0.0,0.0,0.0,0.0,0.0
2003-06-20 16:00:00-04:00,15.25,15.61,15.25,15.3,44300,0.0,0.0,0.0,0.0,0.0
2003-06-23 16:00:00-04:00,15.3,15.5,14.95,15.06,116705,0.0,0.0,0.0,0.0,0.0
2003-06-24 16:00:00-04:00,15.05,15.37,14.88,15.05,76300,0.0,0.0,0.0,0.0,0.0
2003-06-25 16:00:00-04:00,14.93,15.25,14.93,15.0,57082,0.0,0.0,0.0,0.0,0.0
2003-06-26 16:00:00-04:00,15.22,15.55,14.95,15.55,117447,0.0,0.0,0.0,0.0,0.0
2003-06-27 16:00:00-04:00,15.36,15.75,15.26,15.32,55676,0.0,0.0,0.0,0.0,0.0
2003-06-30 16:00:00-04:00,15.61,16.04,15.32,15.83,224366,0.0,0.0,0.0,0.0,0.0
2003-07-01 16:00:00-04:00,15.99,15.999,15.68,15.84,84635,0.0,0.0,0.0,0.0,0.0
2003-07-02 16:00:00-04:00,16.0,16.0,15.87,15.95,104900,0.0,0.0,0.0,0.0,0.0
2003-07-03 16:00:00-04:00,15.96,16.11,15.82,15.95,43300,0.0,0.0,0.0,0.0,0.0
2003-07-07 16:00:00-04:00,16.05,16.074,15.81,16.04,86820,0.0,0.0,0.0,0.0,0.0
2003-07-08 16:00:00-04:00,15.8,16.05,15.64,15.85,93500,0.0,0.0,0.0,0.0,0.0
2003-07-09 16:00:00-04:00,15.86,16.05,15.5,15.73,121821,0.0,0.0,0.0,0.0,0.0
2003-07-10 16:00:00-04:00,15.451,15.7,15.33,15.44,55704,0.0,0.0,0.0,0.0,0.0
2003-07-11 16:00:00-04:00,15.6,15.92,15.53,15.84,43680,0.0,0.0,0.0,0.0,0.0
2003-07-14 16:00:00-04:00,15.6,15.85,15.56,15.83,82580,0.0,0.0,0.0,0.0,0.0
2003-07-15 16:00:00-04:00,15.85,15.9,15.58,15.85,42933,0.0,0.0,0.0,0.0,0.0
2003-07-16 16:00:00-04:00,15.9,16.0,15.74,16.0,72386,0.0,0.0,0.0,0.0,0.0
2003-07-17 16:00:00-04:00,15.8,16.0,15.75,15.75,117100,0.0,0.0,0.0,0.0,0.0
2003-07-18 16:00:00-04:00,16.06,16.75,15.82,16.6,236400,0.0,0.0,0.0,0.0,0.0
2003-07-21 16:00:00-04:00,16.0,16.24,15.39,15.52,140000,0.0,0.0,0.0,0.0,0.0
2003-07-22 16:00:00-04:00,15.38,15.77,15.38,15.5,63697,0.0,0.0,0.0,0.0,0.0
2003-07-23 16:00:00-04:00,15.6,15.7,15.04,15.32,49910,0.0,0.0,0.0,0.0,0.0
2003-07-24 16:00:00-04:00,15.35,15.41,15.06,15.22,75511,0.0,0.0,0.0,0.0,0.0
2003-07-25 16:00:00-04:00,15.29,15.29,14.88,15.06,44664,0.0,0.0,0.0,0.0,0.0
2003-07-28 16:00:00-04:00,15.005,15.12,14.88,14.97,85600,0.0,0.0,0.0,0.0,0.0
2003-07-29 16:00:00-04:00,15.29,15.45,14.86,15.31,41876,0.0,0.0,0.0,0.0,0.0
2003-07-30 16:00:00-04:00,15.35,15.39,15.1,15.27,20522,0.0,0.0,0.0,0.0,0.0
2003-07-31 16:00:00-04:00,15.175,15.39,15.06,15.29,29900,0.0,0.0,0.0,0.0,0.0
2003-08-01 16:00:00-04:00,15.22,15.22,14.87,14.89,50806,0.0,0.0,0.0,0.0,0.0
2003-08-04 16:00:00-04:00,14.88,15.02,14.76,14.88,113341,0.0,0.0,0.0,0.0,0.0
2003-08-05 16:00:00-04:00,14.77,15.0,14.76,14.78,78800,0.0,0.0,0.0,0.0,0.0
2003-08-06 16:00:00-04:00,14.76,14.94,14.76,14.76,31285,0.0,0.0,0.0,0.0,0.0
2003-08-07 16:00:00-04:00,14.8,14.889,14.75,14.81,36246,0.0,0.0,0.0,0.0,0.0
2003-08-08 16:00:00-04:00,14.87,14.87,14.58,14.67,30287,0.0,0.0,0.0,0.0,0.0
2003-08-11 16:00:00-04:00,14.67,14.8,14.67,14.73,49778,0.0,0.0,0.0,0.0,0.0
2003-08-12 16:00:00-04:00,14.67,14.97,14.67,14.97,40368,0.0,0.0,0.0,0.0,0.0
2003-08-13 16:00:00-04:00,14.84,14.95,14.71,14.75,14190,0.0,0.0,0.0,0.0,0.0
2003-08-14 16:00:00-04:00,14.79,14.9,14.71,14.88,51249,0.0,0.0,0.0,0.0,0.0
2003-08-15 16:00:00-04:00,15.18,15.18,14.711,14.78,16100,0.0,0.0,0.0,0.0,0.0
2003-08-18 16:00:00-04:00,14.895,15.0,14.78,14.95,40475,0.0,0.0,0.0,0.0,0.0
2003-08-19 16:00:00-04:00,15.0,15.15,14.85,15.09,31948,0.0,0.0,0.0,0.0,0.0
2003-08-20 16:00:00-04:00,14.95,15.0,14.8,14.99,30289,0.0,0.0,0.0,0.0,0.0
2003-08-21 16:00:00-04:00,15.0,15.22,14.95,15.13,40804,0.0,0.0,0.0,0.0,0.0
2003-08-22 16:00:00-04:00,15.17,15.195,14.71,14.76,39301,0.0,0.0,0.0,0.0,0.0
2003-08-25 16:00:00-04:00,14.7,14.83,14.65,14.73,33321,0.0,0.0,0.0,0.0,0.0
2003-08-26 16:00:00-04:00,14.725,14.89,14.63,14.89,42600,0.0,0.0,0.0,0.0,0.0
2003-08-27 16:00:00-04:00,14.66,15.1,14.66,15.09,20418,0.0,0.0,0.0,0.0,0.0
2003-08-28 16:00:00-04:00,14.88,15.09,14.71,14.89,24681,0.0,0.0,0.0,0.0,0.0
2003-08-29 16:00:00-04:00,15.09,15.09,14.73,14.79,39188,0.0,0.0,0.0,0.0,0.0
2003-09-02 16:00:00-04:00,14.89,15.11,14.75,15.1,52300,0.0,0.0,0.0,0.0,0.0
2003-09-03 16:00:00-04:00,15.19,15.2,14.87,15.19,25982,0.0,0.0,0.0,0.0,0.0
2003-09-04 16:00:00-04:00,15.04,15.22,14.91,15.22,29305,0.0,0.0,0.0,0.0,0.0
2003-09-05 16:00:00-04:00,14.95,15.22,14.94,15.05,30886,0.0,0.0,0.0,0.0,0.0
2003-09-08 16:00:00-04:00,15.13,15.33,15.05,15.1,34500,0.0,0.0,0.0,0.0,0.0
2003-09-09 16:00:00-04:00,15.04,15.22,15.0,15.22,18500,0.0,0.0,0.0,0.0,0.0
2003-09-10 16:00:00-04:00,15.22,15.22,14.85,14.85,49753,0.0,0.0,0.0,0.0,0.0
2003-09-11 16:00:00-04:00,14.85,15.2,14.85,15.07,18602,0.0,0.0,0.0,0.0,0.0
2003-09-12 16:00:00-04:00,15.08,15.25,14.85,15.22,30387,0.0,0.0,0.0,0.0,0.0
2003-09-15 16:00:00-04:00,15.24,15.39,15.1,15.1,20697,0.0,0.0,0.0,0.0,0.0
2003-09-16 16:00:00-04:00,15.29,15.39,15.15,15.33,50189,0.0,0.0,0.0,0.0,0.0
2003-09-17 16:00:00-04:00,15.25,15.39,15.25,15.3,21020,0.0,0.0,0.0,0.0,0.0
2003-09-18 16:00:00-04:00,15.31,15.56,15.25,15.53,186550,0.0,0.0,0.0,0.0,0.0
2003-09-19 16:00:00-04:00,15.65,15.73,15.0,15.73,94170,0.0,0.0,0.0,0.0,0.0
2003-09-22 16:00:00-04:00,15.5,15.6,15.27,15.3,48082,0.0,0.0,0.0,0.0,0.0
2003-09-23 16:00:00-04:00,15.51,15.59,15.13,15.34,27633,0.0,0.0,0.0,0.0,0.0
2003-09-24 16:00:00-04:00,15.4,15.49,14.93,14.95,42417,0.0,0.0,0.0,0.0,0.0
2003-09-25 16:00:00-04:00,15.23,15.24,14.72,14.75,46651,0.0,0.0,0.0,0.0,0.0
2003-09-26 16:00:00-04:00,14.91,14.96,14.75,14.76,42625,0.0,0.0,0.0,0.0,0.0
2003-09-29 16:00:00-04:00,14.95,15.0,14.76,14.93,31372,0.0,0.0,0.0,0.0,0.0
2003-09-30 16:00:00-04:00,15.0,15.04,14.75,14.75,59133,0.0,0.0,0.0,0.0,0.0
2003-10-01 16:00:00-04:00,14.93,15.35,14.75,15.35,70306,0.0,0.0,0.0,0.0,0.0
2003-10-02 16:00:00-04:00,15.35,15.42,15.15,15.19,24865,0.0,0.0,0.0,0.0,0.0
2003-10-03 16:00:00-04:00,15.16,15.45,15.13,15.45,38967,0.0,0.0,0.0,0.0,0.0
2003-10-06 16:00:00-04:00,15.39,15.55,15.29,15.55,33131,0.0,0.0,0.0,0.0,0.0
2003-10-07 16:00:00-04:00,15.35,15.6,15.35,15.54,36003,0.0,0.0,0.0,0.0,0.0
2003-10-08 16:00:00-04:00,15.52,15.54,15.13,15.14,30238,0.0,0.0,0.0,0.0,0.0
2003-10-09 16:00:00-04:00,15.19,15.59,15.12,15.52,45292,0.0,0.0,0.0,0.0,0.0
2003-10-10 16:00:00-04:00,15.36,15.37,14.99,15.34,28328,0.0,0.0,0.0,0.0,0.0
2003-10-13 16:00:00-04:00,15.39,15.58,15.21,15.5,33772,0.0,0.0,0.0,0.0,0.0
2003-10-14 16:00:00-04:00,15.5,15.59,15.39,15.58,33203,0.0,0.0,0.0,0.0,0.0
2003-10-15 16:00:00-04:00,15.7,15.7,15.38,15.38,23292,0.0,0.0,0.0,0.0,0.0
2003-10-16 16:00:00-04:00,15.25,15.52,15.15,15.52,52204,0.0,0.0,0.0,0.0,0.0
2003-10-17 16:00:00-04:00,15.59,16.05,15.58,15.9,172916,0.0,0.0,0.0,0.0,0.0
2003-10-20 16:00:00-04:00,15.775,16.39,15.775,16.25,213856,0.0,0.0,0.0,0.0,0.0
2003-10-21 16:00:00-04:00,16.33,16.87,16.2,16.87,142625,0.0,0.0,0.0,0.0,0.0
2003-10-22 16:00:00-04:00,16.76,16.78,16.3,16.35,150099,0.0,0.0,0.0,0.0,0.0
2003-10-23 16:00:00-04:00,16.24,16.53,16.22,16.41,113520,0.0,0.0,0.0,0.0,0.0
2003-10-24 16:00:00-04:00,16.31,16.39,16.25,16.25,80300,0.0,0.0,0.0,0.0,0.0
2003-10-27 16:00:00-05:00,16.61,16.73,16.25,16.65,104689,0.0,0.0,0.0,0.0,0.0
2003-10-28 16:00:00-05:00,16.61,16.729,16.39,16.55,74600,0.0,0.0,0.0,0.0,0.0
2003-10-29 16:00:00-05:00,16.55,17.0,16.47,16.92,76600,0.0,0.0,0.0,0.0,0.0
2003-10-30 16:00:00-05:00,17.07,17.07,16.56,16.58,78327,0.0,0.0,0.0,0.0,0.0
2003-10-31 16:00:00-05:00,16.73,16.79,16.38,16.39,64597,0.0,0.0,0.0,0.0,0.0
2003-11-03 16:00:00-05:00,16.32,16.79,16.32,16.6,83456,0.0,0.0,0.0,0.0,0.0
2003-11-04 16:00:00-05:00,16.73,16.73,16.56,16.65,68346,0.0,0.0,0.0,0.0,0.0
2003-11-05 16:00:00-05:00,16.6,16.75,16.51,16.58,65729,0.0,0.0,0.0,0.0,0.0
2003-11-06 16:00:00-05:00,16.58,16.66,16.5,16.62,60903,0.0,0.0,0.0,0.0,0.0
2003-11-07 16:00:00-05:00,16.78,16.85,16.61,16.81,81320,0.0,0.0,0.0,0.0,0.0
2003-11-10 16:00:00-05:00,16.65,16.86,16.29,16.35,54589,0.0,0.0,0.0,0.0,0.0
2003-11-11 16:00:00-05:00,16.29,16.54,16.24,16.52,26456,0.0,0.0,0.0,0.0,0.0
2003-11-12 16:00:00-05:00,16.58,16.76,16.33,16.75,58935,0.0,0.0,0.0,0.0,0.0
2003-11-13 16:00:00-05:00,16.58,16.7,16.4,16.4,26694,0.0,0.0,0.0,0.0,0.0
2003-11-14 16:00:00-05:00,16.56,16.57,16.33,16.38,32871,0.0,0.0,0.0,0.0,0.0
2003-11-17 16:00:00-05:00,16.2,16.51,16.15,16.35,44375,0.0,0.0,0.0,0.0,0.0
2003-11-18 16:00:00-05:00,16.52,16.52,16.0,16.11,30457,0.0,0.0,0.0,0.0,0.0
2003-11-19 16:00:00-05:00,16.05,16.34,16.01,16.01,55620,0.0,0.0,0.0,0.0,0.0
2003-11-20 16:00:00-05:00,16.0,16.3,15.88,16.02,41480,0.0,0.0,0.0,0.0,0.0
2003-11-21 16:00:00-05:00,16.15,16.15,15.9,16.0,34676,0.0,0.0,0.0,0.0,0.0
2003-11-24 16:00:00-05:00,15.94,16.57,15.94,16.2,83542,0.0,0.0,0.0,0.0,0.0
2003-11-25 16:00:00-05:00,16.0,16.44,16.0,16.26,41868,0.0,0.0,0.0,0.0,0.0
2003-11-26 16:00:00-05:00,16.25,16.44,16.01,16.05,31468,0.0,0.0,0.0,0.0,0.0
2003-11-28 16:00:00-05:00,16.0,16.17,16.0,16.0,17912,0.0,0.0,0.0,0.0,0.0
2003-12-01 16:00:00-05:00,16.39,16.41,15.9,16.17,61599,0.0,0.0,0.0,0.0,0.0
2003-12-02 16:00:00-05:00,16.22,16.35,16.07,16.15,32792,0.0,0.0,0.0,0.0,0.0
2003-12-03 16:00:00-05:00,15.85,16.21,15.5,15.54,71491,0.0,0.0,0.0,0.0,0.0
2003-12-04 16:00:00-05:00,15.74,16.1,15.56,16.08,68927,0.0,0.0,0.0,0.0,0.0
2003-12-05 16:00:00-05:00,16.05,16.05,15.83,15.85,77353,0.0,0.0,0.0,0.0,0.0
2003-12-08 16:00:00-05:00,15.85,16.1,15.7,15.95,63554,0.0,0.0,0.0,0.0,0.0
2003-12-09 16:00:00-05:00,15.99,15.99,15.55,15.57,58820,0.0,0.0,0.0,0.0,0.0
2003-12-10 16:00:00-05:00,15.72,15.72,15.45,15.51,75778,0.0,0.0,0.0,0.0,0.0
2003-12-11 16:00:00-05:00,15.64,16.1,15.57,15.96,69367,0.0,0.0,0.0,0.0,0.0
2003-12-12 16:00:00-05:00,16.0,16.1,15.85,16.1,32772,0.0,0.0,0.0,0.0,0.0
2003-12-15 16:00:00-05:00,16.1,16.18,15.5,15.53,52850,0.0,0.0,0.0,0.0,0.0
2003-12-16 16:00:00-05:00,15.53,16.0,15.53,15.89,100143,0.0,0.0,0.0,0.0,0.0
2003-12-17 16:00:00-05:00,15.925,15.98,15.76,15.98,154206,0.0,0.0,0.0,0.0,0.0
2003-12-18 16:00:00-05:00,15.99,16.11,15.8,16.11,44147,0.0,0.0,0.0,0.0,0.0
2003-12-19 16:00:00-05:00,16.23,16.269,15.8,16.24,100736,0.0,0.0,0.0,0.0,0.0
2003-12-22 16:00:00-05:00,16.26,16.49,16.26,16.48,47884,0.0,0.0,0.0,0.0,0.0
2003-12-23 16:00:00-05:00,16.31,16.63,16.31,16.61,110860,0.0,0.0,0.0,0.0,0.0
2003-12-24 16:00:00-05:00,16.59,16.62,16.15,16.24,35769,0.0,0.0,0.0,0.0,0.0
2003-12-26 16:00:00-05:00,16.225,16.32,16.2,16.29,10431,0.0,0.0,0.0,0.0,0.0
2003-12-29 16:00:00-05:00,16.5,16.62,16.23,16.59,36618,0.0,0.0,0.0,0.0,0.0
2003-12-30 16:00:00-05:00,16.44,16.62,16.29,16.6,32915,0.0,0.0,0.0,0.0,0.0
2003-12-31 16:00:00-05:00,16.1,16.51,15.95,15.95,81213,0.0,0.0,0.0,0.0,0.0
2004-01-02 16:00:00-05:00,16.25,16.58,16.05,16.4,77909,0.0,0.0,0.0,0.0,0.0
2004-01-05 16:00:00-05:00,16.62,16.62,16.3,16.4,58351,0.0,0.0,0.0,0.0,0.0
2004-01-06 16:00:00-05:00,16.25,16.54,16.25,16.29,48645,0.0,0.0,0.0,0.0,0.0
2004-01-07 16:00:00-05:00,16.25,16.41,16.25,16.32,50800,0.0,0.0,0.0,0.0,0.0
2004-01-08 16:00:00-05:00,16.3,16.57,16.25,16.379,49143,0.0,0.0,0.0,0.0,0.0
2004-01-09 16:00:00-05:00,16.25,16.44,16.22,16.35,69010,0.0,0.0,0.0,0.0,0.0
2004-01-12 16:00:00-05:00,16.49,16.5,16.25,16.41,50595,0.0,0.0,0.0,0.0,0.0
2004-01-13 16:00:00-05:00,16.23,16.42,16.05,16.41,43169,0.0,0.0,0.0,0.0,0.0
2004-01-14 16:00:00-05:00,16.42,16.67,16.42,16.65,42124,0.0,0.0,0.0,0.0,0.0
2004-01-15 16:00:00-05:00,16.45,16.93,16.42,16.42,49213,0.0,0.0,0.0,0.0,0.0
2004-01-16 16:00:00-05:00,16.57,16.86,16.55,16.6,83141,0.0,0.0,0.0,0.0,0.0
2004-01-20 16:00:00-05:00,16.48,17.16,16.46,17.15,90563,0.0,0.0,0.0,0.0,0.0
2004-01-21 16:00:00-05:00,16.9,17.12,16.83,17.09,205530,0.0,0.0,0.0,0.0,0.0
2004-01-22 16:00:00-05:00,17.1,17.2,17.01,17.02,173306,0.0,0.0,0.0,0.0,0.0
2004-01-23 16:00:00-05:00,17.0,17.13,16.91,17.1,68068,0.0,0.0,0.0,0.0,0.0
2004-01-26 16:00:00-05:00,16.95,17.39,16.95,17.39,54385,0.0,0.0,0.0,0.0,0.0
2004-01-27 16:00:00-05:00,17.35,17.6,17.13,17.32,131299,0.0,0.0,0.0,0.0,0.0
2004-01-28 16:00:00-05:00,17.55,17.55,16.59,16.71,60902,0.0,0.0,0.0,0.0,0.0
2004-01-29 16:00:00-05:00,17.25,17.25,16.38,16.76,44310,0.0,0.0,0.0,0.0,0.0
2004-01-30 16:00:00-05:00,16.6,16.78,16.53,16.63,50576,0.0,0.0,0.0,0.0,0.0
2004-02-02 16:00:00-05:00,16.6,16.94,16.5,16.51,79586,0.0,0.0,0.0,0.0,0.0
2004-02-03 16:00:00-05:00,16.96,16.96,16.32,16.51,49413,0.0,0.0,0.0,0.0,0.0
2004-02-04 16:00:00-05:00,16.31,16.5,16.28,16.31,77368,0.0,0.0,0.0,0.0,0.0
2004-02-05 16:00:00-05:00,16.55,16.73,16.35,16.5,63888,0.0,0.0,0.0,0.0,0.0
2004-02-06 16:00:00-05:00,16.51,16.98,16.5,16.94,47204,0.0,0.0,0.0,0.0,0.0
2004-02-09 16:00:00-05:00,17.1,17.1,16.72,16.74,30121,0.0,0.0,0.0,0.0,0.0
2004-02-10 16:00:00-05:00,16.7,16.99,16.5,16.96,60622,0.0,0.0,0.0,0.0,0.0
2004-02-11 16:00:00-05:00,16.84,17.39,16.8,17.26,54927,0.0,0.0,0.0,0.0,0.0
2004-02-12 16:00:00-05:00,16.52,17.32,16.52,17.0,37818,0.0,0.0,0.0,0.0,0.0
2004-02-13 16:00:00-05:00,17.08,17.233,16.5,16.5,39372,0.0,0.0,0.0,0.0,0.0
2004-02-17 16:00:00-05:00,16.6,17.0,16.6,17.0,80833,0.0,0.0,0.0,0.0,0.0
2004-02-18 16:00:00-05:00,17.05,17.09,16.85,16.9,37643,0.0,0.0,0.0,0.0,0.0
2004-02-19 16:00:00-05:00,17.03,17.05,16.74,17.0,76887,0.0,0.0,0.0,0.0,0.0
2004-02-20 16:00:00-05:00,16.9,17.1,16.85,17.01,39754,0.0,0.0,0.0,0.0,0.0
2004-02-23 16:00:00-05:00,16.75,17.11,16.75,17.0,49039,0.0,0.0,0.0,0.0,0.0
2004-02-24 16:00:00-05:00,17.0,17.21,17.0,17.18,62614,0.0,0.0,0.0,0.0,0.0
2004-02-25 16:00:00-05:00,16.9,17.48,16.9,17.48,111021,0.0,0.0,0.0,0.0,0.0
2004-02-26 16:00:00-05:00,17.1,17.6,17.1,17.53,70807,0.0,0.0,0.0,0.0,0.0
2004-02-27 16:00:00-05:00,17.33,17.689,17.3,17.5,72279,0.0,0.0,0.0,0.0,0.0
2004-03-01 16:00:00-05:00,17.3,17.85,17.3,17.75,47267,0.0,0.0,0.0,0.0,0.0
2004-03-02 16:00:00-05:00,17.87,18.52,17.74,18.46,163987,0.0,0.0,0.0,0.0,0.0
2004-03-03 16:00:00-05:00,18.85,18.94,18.1,18.7,129243,0.0,0.0,0.0,0.0,0.0
2004-03-04 16:00:00-05:00,18.85,19.0,18.37,18.5,97911,0.0,0.0,0.0,0.0,0.0
2004-03-05 16:00:00-05:00,18.42,18.98,18.4,18.82,50077,0.0,0.0,0.0,0.0,0.0
2004-03-08 16:00:00-05:00,19.09,19.09,18.52,18.6,71766,0.0,0.0,0.0,0.0,0.0
2004-03-09 16:00:00-05:00,18.52,18.68,18.4,18.5,61844,0.0,0.0,0.0,0.0,0.0
2004-03-10 16:00:00-05:00,18.57,18.94,18.21,18.3,70973,0.0,0.0,0.0,0.0,0.0
2004-03-11 16:00:00-05:00,18.01,18.65,18.01,18.17,98599,0.0,0.0,0.0,0.0,0.0
2004-03-12 16:00:00-05:00,18.1,18.62,18.1,18.54,58903,0.0,0.0,0.0,0.0,0.0
2004-03-15 16:00:00-05:00,18.415,19.19,17.93,18.05,88886,0.0,0.0,0.0,0.0,0.0
2004-03-16 16:00:00-05:00,18.43,18.45,18.05,18.25,53813,0.0,0.0,0.0,0.0,0.0
2004-03-17 16:00:00-05:00,18.5,18.65,18.26,18.36,84316,0.0,0.0,0.0,0.0,0.0
2004-03-18 16:00:00-05:00,18.25,18.45,18.16,18.22,42269,0.0,0.0,0.0,0.0,0.0
2004-03-19 16:00:00-05:00,18.5,18.59,18.05,18.1,49166,0.0,0.0,0.0,0.0,0.0
2004-03-22 16:00:00-05:00,18.5,18.5,18.0,18.0,80638,0.0,0.0,0.0,0.0,0.0
2004-03-23 16:00:00-05:00,17.64,18.23,17.58,18.14,52671,0.0,0.0,0.0,0.0,0.0
2004-03-24 16:00:00-05:00,18.095,18.31,17.88,17.98,58818,0.0,0.0,0.0,0.0,0.0
2004-03-25 16:00:00-05:00,18.1,18.47,17.9,18.39,43271,0.0,0.0,0.0,0.0,0.0
2004-03-26 16:00:00-05:00,18.3,18.41,17.81,17.81,47824,0.0,0.0,0.0,0.0,0.0
2004-03-29 16:00:00-05:00,17.82,18.15,17.8,18.14,63308,0.0,0.0,0.0,0.0,0.0
2004-03-30 16:00:00-05:00,18.13,18.27,17.99,18.27,24486,0.0,0.0,0.0,0.0,0.0
2004-03-31 16:00:00-05:00,18.44,18.53,18.1,18.5,53672,0.0,0.0,0.0,0.0,0.0
2004-04-01 16:00:00-05:00,18.57,18.57,17.94,18.28,68510,0.0,0.0,0.0,0.0,0.0
2004-04-02 16:00:00-05:00,18.55,18.7,17.92,18.22,64195,0.0,0.0,0.0,0.0,0.0
2004-04-05 16:00:00-04:00,18.01,18.44,17.98,18.44,65625,0.0,0.0,0.0,0.0,0.0
2004-04-06 16:00:00-04:00,18.1,18.5,18.1,18.4,48244,0.0,0.0,0.0,0.0,0.0
2004-04-07 16:00:00-04:00,18.4,18.51,18.4,18.41,44665,0.0,0.0,0.0,0.0,0.0
2004-04-08 16:00:00-04:00,18.6,18.67,18.47,18.47,78288,0.0,0.0,0.0,0.0,0.0
2004-04-12 16:00:00-04:00,18.59,18.65,18.31,18.38,30340,0.0,0.0,0.0,0.0,0.0
2004-04-13 16:00:00-04:00,18.5,18.5,17.73,17.83,43701,0.0,0.0,0.0,0.0,0.0
2004-04-14 16:00:00-04:00,17.81,18.18,17.69,17.94,116173,0.0,0.0,0.0,0.0,0.0
2004-04-15 16:00:00-04:00,17.94,17.99,17.4,17.65,110515,0.0,0.0,0.0,0.0,0.0
2004-04-16 16:00:00-04:00,17.65,17.85,17.44,17.5,50417,0.0,0.0,0.0,0.0,0.0
2004-04-19 16:00:00-04:00,17.44,17.85,17.36,17.57,58822,0.0,0.0,0.0,0.0,0.0
2004-04-20 16:00:00-04:00,17.68,18.1,17.16,17.27,40171,0.0,0.0,0.0,0.0,0.0
2004-04-21 16:00:00-04:00,17.535,18.03,17.5,17.65,71028,0.0,0.0,0.0,0.0,0.0
2004-04-22 16:00:00-04:00,17.89,17.94,17.7,17.9,149267,0.0,0.0,0.0,0.0,0.0
2004-04-23 16:00:00-04:00,17.88,17.88,17.36,17.52,39054,0.0,0.0,0.0,0.0,0.0
2004-04-26 16:00:00-04:00,17.45,17.65,17.44,17.49,51852,0.0,0.0,0.0,0.0,0.0
2004-04-27 16:00:00-04:00,17.61,17.86,17.39,17.63,247241,0.0,0.0,0.0,0.0,0.0
2004-04-28 16:00:00-04:00,17.63,17.63,17.17,17.18,101497,0.0,0.0,0.0,0.0,0.0
2004-04-29 16:00:00-04:00,17.26,17.31,17.01,17.12,67671,0.0,0.0,0.0,0.0,0.0
2004-04-30 16:00:00-04:00,17.54,17.54,16.72,17.02,57511,0.0,0.0,0.0,0.0,0.0
2004-05-03 16:00:00-04:00,16.7,17.19,16.7,17.06,40371,0.0,0.0,0.0,0.0,0.0
2004-05-04 16:00:00-04:00,17.1,17.38,16.94,17.1,100102,0.0,0.0,0.0,0.0,0.0
2004-05-05 16:00:00-04:00,17.25,17.43,16.59,17.14,27661,0.0,0.0,0.0,0.0,0.0
2004-05-06 16:00:00-04:00,16.87,17.2,16.64,17.1,68665,0.0,0.0,0.0,0.0,0.0
2004-05-07 16:00:00-04:00,16.75,17.2,16.371,16.4,57789,0.0,0.0,0.0,0.0,0.0
2004-05-10 16:00:00-04:00,16.36,16.44,15.95,16.0,59499,0.0,0.0,0.0,0.0,0.0
2004-05-11 16:00:00-04:00,16.26,16.54,16.05,16.53,30196,0.0,0.0,0.0,0.0,0.0
2004-05-12 16:00:00-04:00,16.5,16.69,16.0,16.64,44431,0.0,0.0,0.0,0.0,0.0
2004-05-13 16:00:00-04:00,16.48,16.81,16.23,16.36,30330,0.0,0.0,0.0,0.0,0.0
2004-05-14 16:00:00-04:00,16.53,16.53,16.04,16.23,78962,0.0,0.0,0.0,0.0,0.0
2004-05-17 16:00:00-04:00,16.05,16.18,15.84,15.87,106929,0.0,0.0,0.0,0.0,0.0
2004-05-18 16:00:00-04:00,15.99,15.99,15.8,15.89,68151,0.0,0.0,0.0,0.0,0.0
2004-05-19 16:00:00-04:00,16.1,16.15,15.54,15.64,61447,0.0,0.0,0.0,0.0,0.0
2004-05-20 16:00:00-04:00,15.54,15.75,15.54,15.61,54677,0.0,0.0,0.0,0.0,0.0
2004-05-21 16:00:00-04:00,15.78,16.0,15.58,16.0,43980,0.0,0.0,0.0,0.0,0.0
2004-05-24 16:00:00-04:00,16.02,16.17,15.9,16.17,51159,0.0,0.0,0.0,0.0,0.0
2004-05-25 16:00:00-04:00,16.03,17.49,16.03,17.43,135545,0.0,0.0,0.0,0.0,0.0
2004-05-26 16:00:00-04:00,17.13,17.49,16.88,17.2,60903,0.0,0.0,0.0,0.0,0.0
2004-05-27 16:00:00-04:00,17.105,17.36,17.0,17.25,38616,0.0,0.0,0.0,0.0,0.0
2004-05-28 16:00:00-04:00,17.07,17.43,16.9,17.02,45680,0.0,0.0,0.0,0.0,0.0
2004-06-01 16:00:00-04:00,17.0,17.48,16.97,17.38,64976,0.0,0.0,0.0,0.0,0.0
2004-06-02 16:00:00-04:00,17.5,17.79,17.21,17.75,145963,0.0,0.0,0.0,0.0,0.0
2004-06-03 16:00:00-04:00,17.51,17.69,17.24,17.33,52863,0.0,0.0,0.0,0.0,0.0
2004-06-04 16:00:00-04:00,17.64,17.64,17.08,17.27,71653,0.0,0.0,0.0,0.0,0.0
2004-06-07 16:00:00-04:00,17.39,17.81,17.25,17.81,49554,0.0,0.0,0.0,0.0,0.0
2004-06-08 16:00:00-04:00,17.68,18.0,17.39,17.82,69252,0.0,0.0,0.0,0.0,0.0
2004-06-09 16:00:00-04:00,18.0,18.0,17.52,17.65,50919,0.0,0.0,0.0,0.0,0.0
2004-06-10 16:00:00-04:00,17.78,18.09,17.6,17.85,104846,0.0,0.0,0.0,0.0,0.0
2004-06-14 16:00:00-04:00,18.04,18.04,17.29,17.29,93091,0.0,0.0,0.0,0.0,0.0
2004-06-15 16:00:00-04:00,17.54,17.99,17.37,17.54,45331,0.0,0.0,0.0,0.0,0.0
2004-06-16 16:00:00-04:00,17.85,17.98,17.46,17.58,68679,0.0,0.0,0.0,0.0,0.0
2004-06-17 16:00:00-04:00,17.74,17.75,17.44,17.65,120149,0.0,0.0,0.0,0.0,0.0
2004-06-18 16:00:00-04:00,17.36,17.65,17.27,17.64,117477,0.0,0.0,0.0,0.0,0.0
2004-06-21 16:00:00-04:00,17.66,17.78,17.36,17.62,121324,0.0,0.0,0.0,0.0,0.0
2004-06-22 16:00:00-04:00,17.41,17.75,17.31,17.72,57355,0.0,0.0,0.0,0.0,0.0
2004-06-23 16:00:00-04:00,17.6,17.79,17.43,17.69,64886,0.0,0.0,0.0,0.0,0.0
2004-06-24 16:00:00-04:00,17.75,17.9,17.63,17.76,103366,0.0,0.0,0.0,0.0,0.0
2004-06-25 16:00:00-04:00,17.76,18.14,17.68,18.01,143183,0.0,0.0,0.0,0.0,0.0
2004-06-28 16:00:00-04:00,18.1,18.19,17.8,17.89,46405,0.0,0.0,0.0,0.0,0.0
2004-06-29 16:00:00-04:00,17.95,18.18,17.76,18.07,98074,0.0,0.0,0.0,0.0,0.0
2004-06-30 16:00:00-04:00,18.07,18.07,17.68,17.72,48184,0.0,0.0,0.0,0.0,0.0
2004-07-01 16:00:00-04:00,17.95,17.95,17.36,17.4,152443,0.0,0.0,0.0,0.0,0.0
2004-07-02 16:00:00-04:00,17.76,17.76,17.36,17.57,24309,0.0,0.0,0.0,0.0,0.0
2004-07-06 16:00:00-04:00,17.55,17.81,17.4,17.49,53346,0.0,0.0,0.0,0.0,0.0
2004-07-07 16:00:00-04:00,17.4,17.77,17.34,17.35,24230,0.0,0.0,0.0,0.0,0.0
2004-07-08 16:00:00-04:00,17.25,17.5,16.99,17.0,75714,0.0,0.0,0.0,0.0,0.0
2004-07-09 16:00:00-04:00,16.95,17.33,16.8,17.1,33633,0.0,0.0,0.0,0.0,0.0
2004-07-12 16:00:00-04:00,17.2,17.68,17.07,17.44,48815,0.0,0.0,0.0,0.0,0.0
2004-07-13 16:00:00-04:00,17.39,17.62,17.3,17.41,18703,0.0,0.0,0.0,0.0,0.0
2004-07-14 16:00:00-04:00,17.29,17.56,17.01,17.01,28823,0.0,0.0,0.0,0.0,0.0
2004-07-15 16:00:00-04:00,17.26,17.54,17.05,17.41,37697,0.0,0.0,0.0,0.0,0.0
2004-07-16 16:00:00-04:00,17.4,17.42,17.06,17.2,54956,0.0,0.0,0.0,0.0,0.0
2004-07-19 16:00:00-04:00,17.12,17.38,17.12,17.25,41291,0.0,0.0,0.0,0.0,0.0
2004-07-20 16:00:00-04:00,17.26,17.78,17.26,17.78,31488,0.0,0.0,0.0,0.0,0.0
2004-07-21 16:00:00-04:00,17.65,17.8,17.02,17.09,70754,0.0,0.0,0.0,0.0,0.0
2004-07-22 16:00:00-04:00,17.35,17.39,16.92,17.14,68357,0.0,0.0,0.0,0.0,0.0
2004-07-23 16:00:00-04:00,17.45,17.45,16.81,16.88,50234,0.0,0.0,0.0,0.0,0.0
2004-07-26 16:00:00-04:00,16.88,17.27,16.8,16.87,45727,0.0,0.0,0.0,0.0,0.0
2004-07-27 16:00:00-04:00,17.11,17.44,17.03,17.43,36512,0.0,0.0,0.0,0.0,0.0
2004-07-28 16:00:00-04:00,17.44,17.5,16.8,17.45,37592,0.0,0.0,0.0,0.0,0.0
2004-07-29 16:00:00-04:00,17.43,17.51,17.04,17.5,30369,0.0,0.0,0.0,0.0,0.0
2004-07-30 16:00:00-04:00,17.53,17.53,17.13,17.4,36780,0.0,0.0,0.0,0.0,0.0
2004-08-02 16:00:00-04:00,17.55,17.65,17.16,17.43,31539,0.0,0.0,0.0,0.0,0.0
2004-08-03 16:00:00-04:00,17.26,17.44,17.0,17.0,49547,0.0,0.0,0.0,0.0,0.0
2004-08-04 16:00:00-04:00,17.0,17.3,16.95,17.12,51182,0.0,0.0,0.0,0.0,0.0
2004-08-05 16:00:00-04:00,17.01,17.28,16.95,17.03,55765,0.0,0.0,0.0,0.0,0.0
2004-08-06 16:00:00-04:00,16.99,17.21,16.67,16.75,43213,0.0,0.0,0.0,0.0,0.0
2004-08-09 16:00:00-04:00,16.62,16.98,16.62,16.71,27645,0.0,0.0,0.0,0.0,0.0
2004-08-10 16:00:00-04:00,16.62,17.46,16.62,17.45,42492,0.0,0.0,0.0,0.0,0.0
2004-08-11 16:00:00-04:00,17.29,17.47,17.01,17.22,39350,0.0,0.0,0.0,0.0,0.0
2004-08-12 16:00:00-04:00,17.0,17.46,16.87,17.0,45900,0.0,0.0,0.0,0.0,0.0
2004-08-13 16:00:00-04:00,17.46,17.46,16.89,17.03,33847,0.0,0.0,0.0,0.0,0.0
2004-08-16 16:00:00-04:00,17.45,17.5,17.1,17.35,32347,0.0,0.0,0.0,0.0,0.0
2004-08-17 16:00:00-04:00,17.6,17.71,17.21,17.56,47646,0.0,0.0,0.0,0.0,0.0
2004-08-18 16:00:00-04:00,17.46,18.0,17.46,18.0,47282,0.0,0.0,0.0,0.0,0.0
2004-08-19 16:00:00-04:00,17.83,18.0,17.72,17.74,28049,0.0,0.0,0.0,0.0,0.0
2004-08-20 16:00:00-04:00,17.91,18.0,17.82,17.99,28061,0.0,0.0,0.0,0.0,0.0
2004-08-23 16:00:00-04:00,18.05,18.16,17.47,17.47,52066,0.0,0.0,0.0,0.0,0.0
2004-08-24 16:00:00-04:00,17.68,18.0,17.43,17.59,27569,0.0,0.0,0.0,0.0,0.0
2004-08-25 16:00:00-04:00,17.53,17.82,17.45,17.62,49805,0.0,0.0,0.0,0.0,0.0
2004-08-26 16:00:00-04:00,17.44,17.95,17.44,17.8,46244,0.0,0.0,0.0,0.0,0.0
2004-08-27 16:00:00-04:00,17.65,17.91,17.65,17.85,15241,0.0,0.0,0.0,0.0,0.0
2004-08-30 16:00:00-04:00,17.8,17.85,17.55,17.61,34645,0.0,0.0,0.0,0.0,0.0
2004-08-31 16:00:00-04:00,17.66,18.0,17.65,18.0,28878,0.0,0.0,0.0,0.0,0.0
2004-09-01 16:00:00-04:00,17.9,18.58,17.74,17.94,106570,0.0,0.0,0.0,0.0,0.0
2004-09-02 16:00:00-04:00,17.73,18.24,17.72,18.2,42879,0.0,0.0,0.0,0.0,0.0
2004-09-03 16:00:00-04:00,18.23,18.48,18.05,18.22,27308,0.0,0.0,0.0,0.0,0.0
2004-09-07 16:00:00-04:00,18.4,18.56,18.22,18.56,31181,0.0,0.0,0.0,0.0,0.0
2004-09-08 16:00:00-04:00,18.32,18.72,18.16,18.17,54471,0.0,0.0,0.0,0.0,0.0
2004-09-09 16:00:00-04:00,18.46,18.75,18.18,18.75,58360,0.0,0.0,0.0,0.0,0.0
2004-09-10 16:00:00-04:00,18.6,18.96,18.41,18.63,41109,0.0,0.0,0.0,0.0,0.0
2004-09-13 16:00:00-04:00,18.75,18.9,18.63,18.78,24599,0.0,0.0,0.0,0.0,0.0
2004-09-14 16:00:00-04:00,18.89,18.9,18.41,18.53,47123,0.0,0.0,0.0,0.0,0.0
2004-09-15 16:00:00-04:00,18.79,18.95,18.14,18.45,49643,0.0,0.0,0.0,0.0,0.0
2004-09-16 16:00:00-04:00,18.25,18.71,18.14,18.41,42123,0.0,0.0,0.0,0.0,0.0
2004-09-17 16:00:00-04:00,18.53,18.67,17.97,18.35,108232,0.0,0.0,0.0,0.0,0.0
2004-09-20 16:00:00-04:00,18.23,18.37,18.08,18.1,29124,0.0,0.0,0.0,0.0,0.0
2004-09-21 16:00:00-04:00,18.38,18.48,18.09,18.39,37747,0.0,0.0,0.0,0.0,0.0
2004-09-22 16:00:00-04:00,18.1,18.3,17.25,17.51,229421,0.0,0.0,0.0,0.0,0.0
2004-09-23 16:00:00-04:00,17.49,17.57,17.15,17.15,100194,0.0,0.0,0.0,0.0,0.0
2004-09-24 16:00:00-04:00,17.11,17.29,17.05,17.06,58654,0.0,0.0,0.0,0.0,0.0
2004-09-27 16:00:00-04:00,17.02,17.09,16.79,16.83,61117,0.0,0.0,0.0,0.0,0.0
2004-09-28 16:00:00-04:00,16.99,17.05,16.7,16.83,78377,0.0,0.0,0.0,0.0,0.0
2004-09-29 16:00:00-04:00,16.81,17.11,16.81,17.05,55120,0.0,0.0,0.0,0.0,0.0
2004-09-30 16:00:00-04:00,17.17,17.21,16.89,17.08,73148,0.0,0.0,0.0,0.0,0.0
2004-10-01 16:00:00-04:00,17.25,17.29,16.92,17.19,103626,0.0,0.0,0.0,0.0,0.0
2004-10-04 16:00:00-04:00,17.24,17.47,17.0,17.25,130894,0.0,0.0,0.0,0.0,0.0
2004-10-05 16:00:00-04:00,17.15,17.4,17.11,17.15,87932,0.0,0.0,0.0,0.0,0.0
2004-10-06 16:00:00-04:00,17.29,17.49,17.2,17.3,69814,0.0,0.0,0.0,0.0,0.0
2004-10-07 16:00:00-04:00,17.28,17.39,17.11,17.22,31187,0.0,0.0,0.0,0.0,0.0
2004-10-08 16:00:00-04:00,17.08,17.34,16.9,16.9,67575,0.0,0.0,0.0,0.0,0.0
2004-10-11 16:00:00-04:00,16.95,17.12,16.95,17.0,37463,0.0,0.0,0.0,0.0,0.0
2004-10-12 16:00:00-04:00,16.97,17.26,16.9,17.19,79424,0.0,0.0,0.0,0.0,0.0
2004-10-13 16:00:00-04:00,17.3,17.31,17.01,17.1,76192,0.0,0.0,0.0,0.0,0.0
2004-10-14 16:00:00-04:00,17.21,17.21,16.95,16.96,58634,0.0,0.0,0.0,0.0,0.0
2004-10-15 16:00:00-04:00,17.0,17.3,16.96,17.205,47230,0.0,0.0,0.0,0.0,0.0
2004-10-18 16:00:00-04:00,17.23,17.35,17.05,17.28,43153,0.0,0.0,0.0,0.0,0.0
2004-10-19 16:00:00-04:00,17.52,17.52,17.03,17.08,43017,0.0,0.0,0.0,0.0,0.0
2004-10-20 16:00:00-04:00,17.05,17.25,16.95,17.25,58839,0.0,0.0,0.0,0.0,0.0
2004-10-21 16:00:00-04:00,17.24,17.3,17.01,17.28,59462,0.0,0.0,0.0,0.0,0.0
2004-10-22 16:00:00-04:00,17.32,17.33,17.0,17.01,85726,0.0,0.0,0.0,0.0,0.0
2004-10-25 16:00:00-04:00,17.02,17.27,16.95,17.15,50897,0.0,0.0,0.0,0.0,0.0
2004-10-26 16:00:00-04:00,17.15,17.17,16.97,17.15,75313,0.0,0.0,0.0,0.0,0.0
2004-10-27 16:00:00-04:00,17.31,17.62,16.95,17.61,80572,0.0,0.0,0.0,0.0,0.0
2004-10-28 16:00:00-04:00,17.52,17.61,17.41,17.61,48830,0.0,0.0,0.0,0.0,0.0
2004-10-29 16:00:00-04:00,17.48,17.83,17.4,17.44,70556,0.0,0.0,0.0,0.0,0.0
2004-11-01 16:00:00-05:00,17.83,17.83,17.29,17.52,88488,0.0,0.0,0.0,0.0,0.0
2004-11-02 16:00:00-05:00,17.56,17.71,17.26,17.34,76875,0.0,0.0,0.0,0.0,0.0
2004-11-03 16:00:00-05:00,17.44,17.77,17.2,17.71,61872,0.0,0.0,0.0,0.0,0.0
2004-11-04 16:00:00-05:00,17.51,17.84,17.35,17.75,72252,0.0,0.0,0.0,0.0,0.0
2004-11-05 16:00:00-05:00,18.0,18.0,17.62,17.79,40572,0.0,0.0,0.0,0.0,0.0
2004-11-08 16:00:00-05:00,17.86,17.9,17.44,17.51,40628,0.0,0.0,0.0,0.0,0.0
2004-11-09 16:00:00-05:00,17.585,17.68,17.52,17.68,26117,0.0,0.0,0.0,0.0,0.0
2004-11-10 16:00:00-05:00,17.42,17.52,17.26,17.37,126098,0.0,0.0,0.0,0.0,0.0
2004-11-11 16:00:00-05:00,17.445,17.77,17.29,17.68,45857,0.0,0.0,0.0,0.0,0.0
2004-11-12 16:00:00-05:00,17.73,17.77,17.34,17.76,25943,0.0,0.0,0.0,0.0,0.0
2004-11-15 16:00:00-05:00,17.59,17.68,17.44,17.64,36297,0.0,0.0,0.0,0.0,0.0
2004-11-16 16:00:00-05:00,17.4,17.69,17.2,17.2,79040,0.0,0.0,0.0,0.0,0.0
2004-11-17 16:00:00-05:00,17.45,17.498,17.03,17.12,134368,0.0,0.0,0.0,0.0,0.0
2004-11-18 16:00:00-05:00,17.06,17.24,16.93,16.99,79382,0.0,0.0,0.0,0.0,0.0
2004-11-19 16:00:00-05:00,16.85,17.14,16.78,17.0,43365,0.0,0.0,0.0,0.0,0.0
2004-11-22 16:00:00-05:00,17.18,17.18,16.99,17.03,146703,0.0,0.0,0.0,0.0,0.0
2004-11-23 16:00:00-05:00,17.16,17.22,16.85,17.0,110887,0.0,0.0,0.0,0.0,0.0
2004-11-24 16:00:00-05:00,16.97,17.16,16.91,16.94,137533,0.0,0.0,0.0,0.0,0.0
2004-11-26 16:00:00-05:00,17.0,17.23,16.94,16.99,54286,0.0,0.0,0.0,0.0,0.0
2004-11-29 16:00:00-05:00,16.8,17.21,16.75,17.18,85686,0.0,0.0,0.0,0.0,0.0
2004-11-30 16:00:00-05:00,17.03,17.24,16.84,17.08,173880,0.0,0.0,0.0,0.0,0.0
2004-12-01 16:00:00-05:00,17.18,17.34,16.99,17.3,213024,0.0,0.0,0.0,0.0,0.0
2004-12-02 16:00:00-05:00,17.44,17.55,17.3,17.53,73337,0.0,0.0,0.0,0.0,0.0
2004-12-03 16:00:00-05:00,17.41,17.51,17.25,17.25,68262,0.0,0.0,0.0,0.0,0.0
2004-12-06 16:00:00-05:00,17.21,17.36,17.17,17.28,35487,0.0,0.0,0.0,0.0,0.0
2004-12-07 16:00:00-05:00,17.16,17.28,16.64,16.93,55993,0.0,0.0,0.0,0.0,0.0
2004-12-08 16:00:00-05:00,16.97,17.27,16.96,17.2,82325,0.0,0.0,0.0,0.0,0.0
2004-12-09 16:00:00-05:00,16.96,17.19,16.91,17.05,54265,0.0,0.0,0.0,0.0,0.0
2004-12-10 16:00:00-05:00,16.95,17.37,16.91,17.29,114963,0.0,0.0,0.0,0.0,0.0
2004-12-13 16:00:00-05:00,17.45,17.7,17.08,17.7,183549,0.0,0.0,0.0,0.0,0.0
2004-12-14 16:00:00-05:00,17.94,17.94,17.5,17.6,116733,0.0,0.0,0.0,0.0,0.0
2004-12-15 16:00:00-05:00,17.6,17.86,17.52,17.78,77704,0.0,0.0,0.0,0.0,0.0
2004-12-16 16:00:00-05:00,17.57,17.7,17.2,17.425,95013,0.0,0.0,0.0,0.0,0.0
2004-12-17 16:00:00-05:00,17.48,17.51,17.21,17.45,109119,0.0,0.0,0.0,0.0,0.0
2004-12-20 16:00:00-05:00,17.23,17.75,17.12,17.3,72863,0.0,0.0,0.0,0.0,0.0
2004-12-21 16:00:00-05:00,17.3,17.9,17.28,17.9,71546,0.0,0.0,0.0,0.0,0.0
2004-12-22 16:00:00-05:00,17.59,17.91,17.4,17.83,51961,0.0,0.0,0.0,0.0,0.0
2004-12-23 16:00:00-05:00,17.77,17.89,17.6,17.89,45469,0.0,0.0,0.0,0.0,0.0
2004-12-27 16:00:00-05:00,17.84,17.84,17.55,17.57,58820,0.0,0.0,0.0,0.0,0.0
2004-12-28 16:00:00-05:00,17.49,17.9,17.49,17.9,101335,0.0,0.0,0.0,0.0,0.0
2004-12-29 16:00:00-05:00,17.9,17.98,17.69,17.72,63840,0.0,0.0,0.0,0.0,0.0
2004-12-30 16:00:00-05:00,17.7,17.83,17.58,17.64,57495,0.0,0.0,0.0,0.0,0.0
2004-12-31 16:00:00-05:00,17.78,17.83,17.49,17.5,55498,0.0,0.0,0.0,0.0,0.0
2005-01-03 16:00:00-05:00,17.75,17.82,17.319,17.75,96257,0.0,0.0,0.0,0.0,0.0
2005-01-04 16:00:00-05:00,17.59,17.85,17.16,17.44,124650,0.0,0.0,0.0,0.0,0.0
2005-01-05 16:00:00-05:00,17.15,17.4001,17.02,17.02,168951,0.0,0.0,0.0,0.0,0.0
2005-01-06 16:00:00-05:00,17.3,17.3,17.0,17.06,89473,0.0,0.0,0.0,0.0,0.0
2005-01-07 16:00:00-05:00,17.32,17.34,16.6,16.65,106356,0.0,0.0,0.0,0.0,0.0
2005-01-10 16:00:00-05:00,16.68,17.32,16.68,17.31,154956,0.0,0.0,0.0,0.0,0.0
2005-01-11 16:00:00-05:00,17.19,17.58,16.91,17.5,170728,0.0,0.0,0.0,0.0,0.0
2005-01-12 16:00:00-05:00,17.33,17.7,17.16,17.69,136799,0.0,0.0,0.0,0.0,0.0
2005-01-13 16:00:00-05:00,17.3,17.98,17.3,17.72,290019,0.0,0.0,0.0,0.0,0.0
2005-01-14 16:00:00-05:00,17.67,17.94,17.59,17.87,109847,0.0,0.0,0.0,0.0,0.0
2005-01-18 16:00:00-05:00,17.55,18.09,17.55,18.0,311259,0.0,0.0,0.0,0.0,0.0
2005-01-19 16:00:00-05:00,17.75,18.33,17.75,18.33,203652,0.0,0.0,0.0,0.0,0.0
2005-01-20 16:00:00-05:00,18.02,18.54,17.82,18.08,208762,0.0,0.0,0.0,0.0,0.0
2005-01-21 16:00:00-05:00,18.35,18.35,17.68,17.77,83610,0.0,0.0,0.0,0.0,0.0
2005-01-24 16:00:00-05:00,17.91,17.91,17.59,17.64,106283,0.0,0.0,0.0,0.0,0.0
2005-01-25 16:00:00-05:00,17.77,17.88,17.29,17.4,128803,0.0,0.0,0.0,0.0,0.0
2005-01-26 16:00:00-05:00,17.41,17.48,17.22,17.48,108805,0.0,0.0,0.0,0.0,0.0
2005-01-27 16:00:00-05:00,17.26,17.52,17.26,17.42,67620,0.0,0.0,0.0,0.0,0.0
2005-01-28 16:00:00-05:00,17.5,17.53,16.96,17.45,88576,0.0,0.0,0.0,0.0,0.0
2005-01-31 16:00:00-05:00,17.55,17.55,17.26,17.43,75837,0.0,0.0,0.0,0.0,0.0
2005-02-01 16:00:00-05:00,17.29,17.5,17.26,17.5,51578,0.0,0.0,0.0,0.0,0.0
2005-02-02 16:00:00-05:00,17.34,17.47,17.07,17.47,65694,0.0,0.0,0.0,0.0,0.0
2005-02-03 16:00:00-05:00,17.28,17.46,17.24,17.37,103457,0.0,0.0,0.0,0.0,0.0
2005-02-04 16:00:00-05:00,17.22,17.65,17.22,17.65,99304,0.0,0.0,0.0,0.0,0.0
2005-02-07 16:00:00-05:00,17.45,17.98,17.45,17.87,71176,0.0,0.0,0.0,0.0,0.0
2005-02-08 16:00:00-05:00,17.82,18.04,17.82,18.04,41986,0.0,0.0,0.0,0.0,0.0
2005-02-09 16:00:00-05:00,17.98,18.07,17.68,17.75,60137,0.0,0.0,0.0,0.0,0.0
2005-02-10 16:00:00-05:00,17.62,17.92,17.41,17.66,54333,0.0,0.0,0.0,0.0,0.0
2005-02-11 16:00:00-05:00,17.5,18.03,17.44,18.03,73869,0.0,0.0,0.0,0.0,0.0
2005-02-14 16:00:00-05:00,17.88,18.1,17.88,18.09,65460,0.0,0.0,0.0,0.0,0.0
2005-02-15 16:00:00-05:00,17.86,18.1,17.75,18.05,95697,0.0,0.0,0.0,0.0,0.0
2005-02-16 16:00:00-05:00,17.98,18.11,17.95,18.08,123230,0.0,0.0,0.0,0.0,0.0
2005-02-17 16:00:00-05:00,17.92,18.16,17.91,18.0,71094,0.0,0.0,0.0,0.0,0.0
2005-02-18 16:00:00-05:00,18.16,18.16,17.93,18.0,70738,0.0,0.0,0.0,0.0,0.0
2005-02-22 16:00:00-05:00,17.97,18.05,17.72,17.82,186497,0.0,0.0,0.0,0.0,0.0
2005-02-23 16:00:00-05:00,18.0,18.0,17.75,17.86,92101,0.0,0.0,0.0,0.0,0.0
2005-02-24 16:00:00-05:00,17.77,18.2,17.77,18.04,121947,0.0,0.0,0.0,0.0,0.0
2005-02-25 16:00:00-05:00,17.95,18.26,17.95,18.2,61576,0.0,0.0,0.0,0.0,0.0
2005-02-28 16:00:00-05:00,18.05,18.21,17.89,18.13,97252,0.0,0.0,0.0,0.0,0.0
2005-03-01 16:00:00-05:00,18.22,18.47,18.1,18.39,68391,0.0,0.0,0.0,0.0,0.0
2005-03-02 16:00:00-05:00,18.49,18.49,18.27,18.44,90059,0.0,0.0,0.0,0.0,0.0
2005-03-03 16:00:00-05:00,18.5,18.54,18.36,18.48,49901,0.0,0.0,0.0,0.0,0.0
2005-03-04 16:00:00-05:00,18.55,18.83,18.5,18.83,65953,0.0,0.0,0.0,0.0,0.0
2005-03-07 16:00:00-05:00,18.64,18.81,18.56,18.56,59279,0.0,0.0,0.0,0.0,0.0
2005-03-08 16:00:00-05:00,18.45,18.73,18.45,18.67,132462,0.0,0.0,0.0,0.0,0.0
2005-03-09 16:00:00-05:00,18.57,18.71,18.52,18.665,94056,0.0,0.0,0.0,0.0,0.0
2005-03-10 16:00:00-05:00,18.74,18.96,18.6,18.61,118124,0.0,0.0,0.0,0.0,0.0
2005-03-11 16:00:00-05:00,18.65,18.82,18.51,18.52,93562,0.0,0.0,0.0,0.0,0.0
2005-03-14 16:00:00-05:00,18.49,18.8,18.49,18.69,127929,0.0,0.0,0.0,0.0,0.0
2005-03-15 16:00:00-05:00,18.74,19.05,18.68,18.71,93279,0.0,0.0,0.0,0.0,0.0
2005-03-16 16:00:00-05:00,18.61,18.75,18.55,18.56,139753,0.0,0.0,0.0,0.0,0.0
2005-03-17 16:00:00-05:00,18.73,18.8,18.6,18.76,138931,0.0,0.0,0.0,0.0,0.0
2005-03-18 16:00:00-05:00,18.8,19.22,18.63,19.2,271870,0.0,0.0,0.0,0.0,0.0
2005-03-21 16:00:00-05:00,18.89,19.26,18.89,19.25,139817,0.0,0.0,0.0,0.0,0.0
2005-03-22 16:00:00-05:00,19.09,19.27,19.0,19.03,230019,0.0,0.0,0.0,0.0,0.0
2005-03-23 16:00:00-05:00,18.91,18.98,18.79,18.8,55083,0.0,0.0,0.0,0.0,0.0
2005-03-24 16:00:00-05:00,18.9,18.92,18.8,18.8,69053,0.0,0.0,0.0,0.0,0.0
2005-03-28 16:00:00-05:00,18.79,18.91,18.75,18.8,59148,0.0,0.0,0.0,0.0,0.0
2005-03-29 16:00:00-05:00,18.76,18.98,18.28,18.375,173426,0.0,0.0,0.0,0.0,0.0
2005-03-30 16:00:00-05:00,18.56,18.61,18.4,18.47,149264,0.0,0.0,0.0,0.0,0.0
2005-03-31 16:00:00-05:00,18.65,18.66,18.08,18.25,189623,0.0,0.0,0.0,0.0,0.0
2005-04-01 16:00:00-05:00,18.35,18.67,17.99,18.14,107325,0.0,0.0,0.0,0.0,0.0
2005-04-04 16:00:00-04:00,18.23,18.38,17.85,18.25,79723,0.0,0.0,0.0,0.0,0.0
2005-04-05 16:00:00-04:00,18.35,18.58,18.12,18.29,59154,0.0,0.0,0.0,0.0,0.0
2005-04-06 16:00:00-04:00,18.42,18.55,17.98,18.23,75421,0.0,0.0,0.0,0.0,0.0
2005-04-07 16:00:00-04:00,18.33,18.41,18.0,18.32,55975,0.0,0.0,0.0,0.0,0.0
2005-04-08 16:00:00-04:00,18.36,18.37,17.9,17.95,74685,0.0,0.0,0.0,0.0,0.0
2005-04-11 16:00:00-04:00,17.96,18.08,17.86,18.05,145800,0.0,0.0,0.0,0.0,0.0
2005-04-12 16:00:00-04:00,17.96,18.49,17.96,18.47,163606,0.0,0.0,0.0,0.0,0.0
2005-04-13 16:00:00-04:00,18.48,18.54,17.86,17.86,144036,0.0,0.0,0.0,0.0,0.0
2005-04-14 16:00:00-04:00,17.62,17.92,17.46,17.53,119972,0.0,0.0,0.0,0.0,0.0
2005-04-15 16:00:00-04:00,17.49,17.66,17.15,17.22,96117,0.0,0.0,0.0,0.0,0.0
2005-04-18 16:00:00-04:00,17.14,17.7,17.13,17.51,103850,0.0,0.0,0.0,0.0,0.0
2005-04-19 16:00:00-04:00,17.39,17.6,17.24,17.54,65164,0.0,0.0,0.0,0.0,0.0
2005-04-20 16:00:00-04:00,17.6,17.6,17.12,17.33,136121,0.0,0.0,0.0,0.0,0.0
2005-04-21 16:00:00-04:00,17.4,17.82,17.3,17.82,206862,0.0,0.0,0.0,0.0,0.0
2005-04-22 16:00:00-04:00,17.85,17.85,17.08,17.32,155032,0.0,0.0,0.0,0.0,0.0
2005-04-25 16:00:00-04:00,17.44,17.75,17.25,17.61,83331,0.0,0.0,0.0,0.0,0.0
2005-04-26 16:00:00-04:00,17.5,17.6,16.99,17.08,78331,0.0,0.0,0.0,0.0,0.0
2005-04-27 16:00:00-04:00,16.95,17.4,16.91,17.22,84253,0.0,0.0,0.0,0.0,0.0
2005-04-28 16:00:00-04:00,17.09,17.24,16.9,16.9,66195,0.0,0.0,0.0,0.0,0.0
2005-04-29 16:00:00-04:00,16.9,17.3,16.79,17.29,129300,0.0,0.0,0.0,0.0,0.0
2005-05-02 16:00:00-04:00,17.2,17.83,17.2,17.78,194967,0.0,0.0,0.0,0.0,0.0
2005-05-03 16:00:00-04:00,17.65,17.98,17.57,17.67,55667,0.0,0.0,0.0,0.0,0.0
2005-05-04 16:00:00-04:00,17.8,18.1,17.66,18.02,68968,0.0,0.0,0.0,0.0,0.0
2005-05-05 16:00:00-04:00,18.11,18.22,17.65,17.78,74414,0.0,0.0,0.0,0.0,0.0
2005-05-06 16:00:00-04:00,17.96,18.02,17.7,17.91,67796,0.0,0.0,0.0,0.0,0.0
2005-05-09 16:00:00-04:00,17.92,18.18,17.84,18.18,72639,0.0,0.0,0.0,0.0,0.0
2005-05-10 16:00:00-04:00,17.88,18.07,17.5,17.51,72336,0.0,0.0,0.0,0.0,0.0
2005-05-11 16:00:00-04:00,17.66,17.88,17.38,17.79,52903,0.0,0.0,0.0,0.0,0.0
2005-05-12 16:00:00-04:00,17.82,18.0,17.48,17.5,42197,0.0,0.0,0.0,0.0,0.0
2005-05-13 16:00:00-04:00,17.7,17.7,17.214,17.43,111687,0.0,0.0,0.0,0.0,0.0
2005-05-16 16:00:00-04:00,17.43,18.0,17.43,17.985,70396,0.0,0.0,0.0,0.0,0.0
2005-05-17 16:00:00-04:00,17.86,18.25,17.82,18.21,77880,0.0,0.0,0.0,0.0,0.0
2005-05-18 16:00:00-04:00,18.25,18.35,18.06,18.29,121098,0.0,0.0,0.0,0.0,0.0
2005-05-19 16:00:00-04:00,18.1,18.26,17.96,17.98,53846,0.0,0.0,0.0,0.0,0.0
2005-05-20 16:00:00-04:00,18.13,18.13,17.85,18.04,59693,0.0,0.0,0.0,0.0,0.0
2005-05-23 16:00:00-04:00,17.91,18.2,17.85,18.1,95761,0.0,0.0,0.0,0.0,0.0
2005-05-24 16:00:00-04:00,17.86,18.09,17.86,18.01,62813,0.0,0.0,0.0,0.0,0.0
2005-05-25 16:00:00-04:00,17.92,17.92,17.58,17.77,65965,0.0,0.0,0.0,0.0,0.0
2005-05-26 16:00:00-04:00,17.7,18.2,17.7,18.17,56188,0.0,0.0,0.0,0.0,0.0
2005-05-27 16:00:00-04:00,18.31,18.4,18.07,18.11,124930,0.0,0.0,0.0,0.0,0.0
2005-05-31 16:00:00-04:00,18.31,18.31,17.94,18.0,197693,0.0,0.0,0.0,0.0,0.0
2005-06-01 16:00:00-04:00,18.09,18.15,17.9,18.15,131597,0.0,0.0,0.0,0.0,0.0
2005-06-02 16:00:00-04:00,18.0,18.19,18.0,18.09,96612,0.0,0.0,0.0,0.0,0.0
2005-06-03 16:00:00-04:00,17.97,18.06,17.73,17.75,84240,0.0,0.0,0.0,0.0,0.0
2005-06-06 16:00:00-04:00,17.6,17.98,17.6,17.92,58015,0.0,0.0,0.0,0.0,0.0
2005-06-07 16:00:00-04:00,17.83,18.17,17.75,17.75,84237,0.0,0.0,0.0,0.0,0.0
2005-06-08 16:00:00-04:00,17.63,17.93,17.62,17.66,68700,0.0,0.0,0.0,0.0,0.0
2005-06-09 16:00:00-04:00,17.6,17.9,17.55,17.88,73726,0.0,0.0,0.0,0.0,0.0
2005-06-10 16:00:00-04:00,17.72,18.17,17.72,18.13,56944,0.0,0.0,0.0,0.0,0.0
2005-06-13 16:00:00-04:00,18.15,18.25,17.61,17.64,129600,0.0,0.0,0.0,0.0,0.0
2005-06-14 16:00:00-04:00,17.68,17.84,17.4,17.8,118968,0.0,0.0,0.0,0.0,0.0
2005-06-15 16:00:00-04:00,17.87,18.45,17.65,18.45,137972,0.0,0.0,0.0,0.0,0.0
2005-06-16 16:00:00-04:00,18.48,18.51,18.33,18.46,93144,0.0,0.0,0.0,0.0,0.0
2005-06-17 16:00:00-04:00,18.51,18.71,18.51,18.62,148499,0.0,0.0,0.0,0.0,0.0
2005-06-20 16:00:00-04:00,18.55,18.66,18.4,18.42,43856,0.0,0.0,0.0,0.0,0.0
2005-06-21 16:00:00-04:00,18.54,18.68,18.35,18.63,39903,0.0,0.0,0.0,0.0,0.0
2005-06-22 16:00:00-04:00,18.75,18.85,18.5401,18.8,40920,0.0,0.0,0.0,0.0,0.0
2005-06-23 16:00:00-04:00,18.67,18.7,18.16,18.16,60375,0.0,0.0,0.0,0.0,0.0
2005-06-24 16:00:00-04:00,18.04,18.19,17.84,17.98,93355,0.0,0.0,0.0,0.0,0.0
2005-06-27 16:00:00-04:00,17.8,18.05,17.7392,18.05,50427,0.0,0.0,0.0,0.0,0.0
2005-06-28 16:00:00-04:00,18.19,18.7,18.07,18.65,77691,0.0,0.0,0.0,0.0,0.0
2005-06-29 16:00:00-04:00,18.51,18.9,18.43,18.89,57827,0.0,0.0,0.0,0.0,0.0
2005-06-30 16:00:00-04:00,18.9,19.0,18.75,18.9,135801,0.0,0.0,0.0,0.0,0.0
2005-07-01 16:00:00-04:00,18.99,19.14,18.73,19.14,201056,0.0,0.0,0.0,0.0,0.0
2005-07-05 16:00:00-04:00,19.0,19.18,18.98,19.16,185677,0.0,0.0,0.0,0.0,0.0
2005-07-06 16:00:00-04:00,19.14,19.19,18.97,19.09,72433,0.0,0.0,0.0,0.0,0.0
2005-07-07 16:00:00-04:00,18.71,19.3,18.71,19.23,85750,0.0,0.0,0.0,0.0,0.0
2005-07-08 16:00:00-04:00,19.2,19.85,19.11,19.8,113824,0.0,0.0,0.0,0.0,0.0
2005-07-11 16:00:00-04:00,19.7,20.28,19.1,19.25,232915,0.0,0.0,0.0,0.0,0.0
2005-07-12 16:00:00-04:00,19.2,19.4,19.06,19.15,68327,0.0,0.0,0.0,0.0,0.0
2005-07-13 16:00:00-04:00,19.2,19.42,19.1,19.18,114148,0.0,0.0,0.0,0.0,0.0
2005-07-14 16:00:00-04:00,19.18,19.38,18.8,18.8,84257,0.0,0.0,0.0,0.0,0.0
2005-07-15 16:00:00-04:00,18.86,18.9,18.66,18.76,87303,0.0,0.0,0.0,0.0,0.0
2005-07-18 16:00:00-04:00,18.68,18.81,18.44,18.49,109439,0.0,0.0,0.0,0.0,0.0
2005-07-19 16:00:00-04:00,18.58,18.75,18.53,18.71,67599,0.0,0.0,0.0,0.0,0.0
2005-07-20 16:00:00-04:00,18.59,19.15,18.5,19.07,102511,0.0,0.0,0.0,0.0,0.0
2005-07-21 16:00:00-04:00,19.09,19.28,18.52,18.61,73009,0.0,0.0,0.0,0.0,0.0
2005-07-22 16:00:00-04:00,18.45,18.54,17.88,18.51,224575,0.0,0.0,0.0,0.0,0.0
2005-07-25 16:00:00-04:00,18.55,18.58,17.93,18.18,161699,0.0,0.0,0.0,0.0,0.0
2005-07-26 16:00:00-04:00,18.18,18.51,18.08,18.38,86636,0.0,0.0,0.0,0.0,0.0
2005-07-27 16:00:00-04:00,18.27,18.48,18.1,18.11,54885,0.0,0.0,0.0,0.0,0.0
2005-07-28 16:00:00-04:00,18.1,18.32,18.1,18.25,63519,0.0,0.0,0.0,0.0,0.0
2005-07-29 16:00:00-04:00,18.19,18.36,18.01,18.04,58162,0.0,0.0,0.0,0.0,0.0
2005-08-01 16:00:00-04:00,18.0,18.54,18.0,18.26,93212,0.0,0.0,0.0,0.0,0.0
2005-08-02 16:00:00-04:00,18.15,18.45,18.11,18.13,87362,0.0,0.0,0.0,0.0,0.0
2005-08-03 16:00:00-04:00,18.11,18.25,17.95,17.96,145725,0.0,0.0,0.0,0.0,0.0
2005-08-04 16:00:00-04:00,17.9,17.94,17.5,17.58,154328,0.0,0.0,0.0,0.0,0.0
2005-08-05 16:00:00-04:00,17.74,17.74,17.07,17.14,124932,0.0,0.0,0.0,0.0,0.0
2005-08-08 16:00:00-04:00,17.18,17.32,17.06,17.21,110917,0.0,0.0,0.0,0.0,0.0
2005-08-09 16:00:00-04:00,17.26,17.27,17.0,17.01,104718,0.0,0.0,0.0,0.0,0.0
2005-08-10 16:00:00-04:00,17.0,17.37,16.88,16.99,73604,0.0,0.0,0.0,0.0,0.0
2005-08-11 16:00:00-04:00,16.95,17.43,16.9,17.3,84985,0.0,0.0,0.0,0.0,0.0
2005-08-12 16:00:00-04:00,17.23,17.33,16.95,17.05,54240,0.0,0.0,0.0,0.0,0.0
2005-08-15 16:00:00-04:00,17.05,17.35,16.95,17.35,60529,0.0,0.0,0.0,0.0,0.0
2005-08-16 16:00:00-04:00,17.2,17.3399,17.11,17.25,92160,0.0,0.0,0.0,0.0,0.0
2005-08-17 16:00:00-04:00,17.15,17.35,17.15,17.21,87604,0.0,0.0,0.0,0.0,0.0
2005-08-18 16:00:00-04:00,17.1,17.31,17.09,17.27,90505,0.0,0.0,0.0,0.0,0.0
2005-08-19 16:00:00-04:00,17.18,17.57,17.15,17.36,157092,0.0,0.0,0.0,0.0,0.0
2005-08-22 16:00:00-04:00,17.31,17.59,17.31,17.58,71048,0.0,0.0,0.0,0.0,0.0
2005-08-23 16:00:00-04:00,17.47,17.61,17.42,17.51,113415,0.0,0.0,0.0,0.0,0.0
2005-08-24 16:00:00-04:00,17.51,17.78,17.44,17.54,97702,0.0,0.0,0.0,0.0,0.0
2005-08-25 16:00:00-04:00,17.5,17.67,17.44,17.57,87073,0.0,0.0,0.0,0.0,0.0
2005-08-26 16:00:00-04:00,17.47,17.54,17.36,17.4,96473,0.0,0.0,0.0,0.0,0.0
2005-08-29 16:00:00-04:00,17.29,17.56,17.1,17.5,55655,0.0,0.0,0.0,0.0,0.0
2005-08-30 16:00:00-04:00,17.39,17.66,17.37,17.48,57936,0.0,0.0,0.0,0.0,0.0
2005-08-31 16:00:00-04:00,17.45,18.0,17.36,18.0,93207,0.0,0.0,0.0,0.0,0.0
2005-09-01 16:00:00-04:00,17.99,18.41,17.89,18.41,109078,0.0,0.0,0.0,0.0,0.0
2005-09-02 16:00:00-04:00,18.31,18.47,18.09,18.14,103247,0.0,0.0,0.0,0.0,0.0
2005-09-06 16:00:00-04:00,18.24,18.36,18.13,18.27,94997,0.0,0.0,0.0,0.0,0.0
2005-09-07 16:00:00-04:00,18.23,18.34,18.002,18.3,98066,0.0,0.0,0.0,0.0,0.0
2005-09-08 16:00:00-04:00,18.21,18.37,18.1,18.3,128400,0.0,0.0,0.0,0.0,0.0
2005-09-09 16:00:00-04:00,18.29,18.5,18.24,18.5,98357,0.0,0.0,0.0,0.0,0.0
2005-09-12 16:00:00-04:00,18.42,18.79,18.31,18.65,94481,0.0,0.0,0.0,0.0,0.0
2005-09-13 16:00:00-04:00,18.52,18.56,18.26,18.3,115319,0.0,0.0,0.0,0.0,0.0
2005-09-14 16:00:00-04:00,18.31,18.45,18.1,18.18,97653,0.0,0.0,0.0,0.0,0.0
2005-09-15 16:00:00-04:00,18.09,18.28,18.09,18.24,58233,0.0,0.0,0.0,0.0,0.0
2005-09-16 16:00:00-04:00,18.31,18.72,18.24,18.5,245549,0.0,0.0,0.0,0.0,0.0
2005-09-19 16:00:00-04:00,18.46,18.5,18.15,18.2,54806,0.0,0.0,0.0,0.0,0.0
2005-09-20 16:00:00-04:00,18.27,18.38,17.62,17.83,104979,0.0,0.0,0.0,0.0,0.0
2005-09-21 16:00:00-04:00,17.74,17.85,17.5,17.75,146865,0.0,0.0,0.0,0.0,0.0
2005-09-22 16:00:00-04:00,17.71,18.13,17.5,17.9,147825,0.0,0.0,0.0,0.0,0.0
2005-09-23 16:00:00-04:00,17.85,18.33,17.75,18.12,74587,0.0,0.0,0.0,0.0,0.0
2005-09-26 16:00:00-04:00,18.1,18.44,18.09,18.23,120458,0.0,0.0,0.0,0.0,0.0
2005-09-27 16:00:00-04:00,18.18,18.58,18.09,18.34,89234,0.0,0.0,0.0,0.0,0.0
2005-09-28 16:00:00-04:00,18.35,18.43,17.91,18.06,198394,0.0,0.0,0.0,0.0,0.0
2005-09-29 16:00:00-04:00,18.05,18.67,17.84,18.66,150851,0.0,0.0,0.0,0.0,0.0
2005-09-30 16:00:00-04:00,18.61,18.7,18.4,18.61,106765,0.0,0.0,0.0,0.0,0.0
2005-10-03 16:00:00-04:00,18.59,18.88,18.59,18.83,153256,0.0,0.0,0.0,0.0,0.0
2005-10-04 16:00:00-04:00,18.86,18.92,18.2,18.36,208592,0.0,0.0,0.0,0.0,0.0
2005-10-05 16:00:00-04:00,18.29,18.3,17.9,17.99,153854,0.0,0.0,0.0,0.0,0.0
2005-10-06 16:00:00-04:00,17.98,18.12,17.58,17.81,197282,0.0,0.0,0.0,0.0,0.0
2005-10-07 16:00:00-04:00,17.88,18.0,17.81,17.92,91025,0.0,0.0,0.0,0.0,0.0
2005-10-10 16:00:00-04:00,18.04,18.04,17.5,17.62,43371,0.0,0.0,0.0,0.0,0.0
2005-10-11 16:00:00-04:00,17.54,17.7,17.3,17.52,100037,0.0,0.0,0.0,0.0,0.0
2005-10-12 16:00:00-04:00,17.5,17.75,17.45,17.53,88442,0.0,0.0,0.0,0.0,0.0
2005-10-13 16:00:00-04:00,17.49,17.69,17.46,17.61,98822,0.0,0.0,0.0,0.0,0.0
2005-10-14 16:00:00-04:00,17.81,17.81,17.53,17.78,110672,0.0,0.0,0.0,0.0,0.0
2005-10-17 16:00:00-04:00,17.6,17.84,17.56,17.78,95305,0.0,0.0,0.0,0.0,0.0
2005-10-18 16:00:00-04:00,17.77,17.81,17.45,17.51,50279,0.0,0.0,0.0,0.0,0.0
2005-10-19 16:00:00-04:00,17.41,18.44,17.35,18.44,116768,0.0,0.0,0.0,0.0,0.0
2005-10-20 16:00:00-04:00,18.3,18.49,17.81,17.94,52629,0.0,0.0,0.0,0.0,0.0
2005-10-21 16:00:00-04:00,17.82,18.23,17.82,18.15,60681,0.0,0.0,0.0,0.0,0.0
2005-10-24 16:00:00-04:00,18.2,18.75,18.1,18.71,71000,0.0,0.0,0.0,0.0,0.0
2005-10-25 16:00:00-04:00,18.55,18.6,17.86,18.23,67398,0.0,0.0,0.0,0.0,0.0
2005-10-26 16:00:00-04:00,18.09,18.52,18.07,18.23,46020,0.0,0.0,0.0,0.0,0.0
2005-10-27 16:00:00-04:00,18.08,18.33,17.9,17.9,59777,0.0,0.0,0.0,0.0,0.0
2005-10-28 16:00:00-04:00,18.1,18.65,17.99,18.5,81002,0.0,0.0,0.0,0.0,0.0
2005-10-31 16:00:00-05:00,18.54,18.78,18.54,18.68,140807,0.0,0.0,0.0,0.0,0.0
2005-11-01 16:00:00-05:00,18.56,18.8,18.45,18.55,95359,0.0,0.0,0.0,0.0,0.0
2005-11-02 16:00:00-05:00,18.74,19.25,18.74,19.15,222179,0.0,0.0,0.0,0.0,0.0
2005-11-03 16:00:00-05:00,19.24,19.25,18.89,19.02,118114,0.0,0.0,0.0,0.0,0.0
2005-11-04 16:00:00-05:00,19.01,19.1,17.09,19.0,103688,0.0,0.0,0.0,0.0,0.0
2005-11-07 16:00:00-05:00,19.0,19.0,18.75,18.97,122477,0.0,0.0,0.0,0.0,0.0
2005-11-08 16:00:00-05:00,18.82,18.92,18.75,18.79,51643,0.0,0.0,0.0,0.0,0.0
2005-11-09 16:00:00-05:00,18.82,18.96,18.76,18.84,64693,0.0,0.0,0.0,0.0,0.0
2005-11-10 16:00:00-05:00,18.85,19.17,18.65,19.1,92174,0.0,0.0,0.0,0.0,0.0
2005-11-11 16:00:00-05:00,19.0,19.25,18.98,19.04,75533,0.0,0.0,0.0,0.0,0.0
2005-11-14 16:00:00-05:00,19.0,19.04,18.71,18.78,54473,0.0,0.0,0.0,0.0,0.0
2005-11-15 16:00:00-05:00,18.78,18.91,18.67,18.81,45076,0.0,0.0,0.0,0.0,0.0
2005-11-16 16:00:00-05:00,18.73,18.83,18.55,18.74,48221,0.0,0.0,0.0,0.0,0.0
2005-11-17 16:00:00-05:00,18.77,18.99,18.69,18.99,39222,0.0,0.0,0.0,0.0,0.0
2005-11-18 16:00:00-05:00,19.0,19.0,18.892,18.99,51325,0.0,0.0,0.0,0.0,0.0
2005-11-21 16:00:00-05:00,18.93,19.14,18.84,19.14,61473,0.0,0.0,0.0,0.0,0.0
2005-11-22 16:00:00-05:00,19.03,19.14,18.99,19.05,60853,0.0,0.0,0.0,0.0,0.0
2005-11-23 16:00:00-05:00,19.0,19.18,18.98,19.07,51503,0.0,0.0,0.0,0.0,0.0
2005-11-25 16:00:00-05:00,19.01,19.21,19.01,19.18,30447,0.0,0.0,0.0,0.0,0.0
2005-11-28 16:00:00-05:00,19.14,19.2,18.95,19.0,100426,0.0,0.0,0.0,0.0,0.0
2005-11-29 16:00:00-05:00,19.06,19.2,18.93,19.05,78272,0.0,0.0,0.0,0.0,0.0
2005-11-30 16:00:00-05:00,19.01,19.25,19.01,19.25,140183,0.0,0.0,0.0,0.0,0.0
2005-12-01 16:00:00-05:00,19.28,19.36,19.1548,19.19,142977,0.0,0.0,0.0,0.0,0.0
2005-12-02 16:00:00-05:00,19.13,19.35,19.07,19.3,146489,0.0,0.0,0.0,0.0,0.0
2005-12-05 16:00:00-05:00,18.98,18.98,18.52,18.69,146441,0.0,0.0,0.0,0.0,0.0
2005-12-06 16:00:00-05:00,18.8,18.8,18.4,18.42,90950,0.0,0.0,0.0,0.0,0.0
2005-12-07 16:00:00-05:00,18.4,18.44,17.95,17.97,127043,0.0,0.0,0.0,0.0,0.0
2005-12-08 16:00:00-05:00,17.97,18.42,17.89,18.24,85972,0.0,0.0,0.0,0.0,0.0
2005-12-09 16:00:00-05:00,18.15,18.85,18.15,18.69,74686,0.0,0.0,0.0,0.0,0.0
2005-12-12 16:00:00-05:00,18.78,18.82,18.5,18.66,122655,0.0,0.0,0.0,0.0,0.0
2005-12-13 16:00:00-05:00,18.56,18.6,18.27,18.57,48254,0.0,0.0,0.0,0.0,0.0
2005-12-14 16:00:00-05:00,18.46,18.6,18.45,18.45,72406,0.0,0.0,0.0,0.0,0.0
2005-12-15 16:00:00-05:00,18.39,18.45,17.98,18.06,95602,0.0,0.0,0.0,0.0,0.0
2005-12-16 16:00:00-05:00,18.06,18.32,17.69,18.16,220116,0.0,0.0,0.0,0.0,0.0
2005-12-19 16:00:00-05:00,18.1,18.15,17.55,17.69,98013,0.0,0.0,0.0,0.0,0.0
2005-12-20 16:00:00-05:00,17.63,18.18,17.52,17.9,108203,0.0,0.0,0.0,0.0,0.0
2005-12-21 16:00:00-05:00,17.99,18.05,17.81,17.82,41291,0.0,0.0,0.0,0.0,0.0
2005-12-22 16:00:00-05:00,17.78,18.1,17.78,18.1,39888,0.0,0.0,0.0,0.0,0.0
2005-12-23 16:00:00-05:00,18.0,18.17,17.94,18.0,26056,0.0,0.0,0.0,0.0,0.0
2005-12-27 16:00:00-05:00,17.93,18.16,17.54,17.55,59299,0.0,0.0,0.0,0.0,0.0
2005-12-28 16:00:00-05:00,17.75,17.86,17.54,17.75,41328,0.0,0.0,0.0,0.0,0.0
2005-12-29 16:00:00-05:00,17.7,17.8,17.66,17.75,45325,0.0,0.0,0.0,0.0,0.0
2005-12-30 16:00:00-05:00,17.59,17.78,17.43,17.52,232528,0.0,0.0,0.0,0.0,0.0
2006-01-03 16:00:00-05:00,17.69,18.13,17.39,18.13,159742,0.0,0.0,0.0,0.0,0.0
2006-01-04 16:00:00-05:00,18.1,18.13,17.84,17.84,57317,0.0,0.0,0.0,0.0,0.0
2006-01-05 16:00:00-05:00,17.87,18.15,17.84,17.95,53053,0.0,0.0,0.0,0.0,0.0
2006-01-06 16:00:00-05:00,17.85,18.15,17.76,18.02,47825,0.0,0.0,0.0,0.0,0.0
2006-01-09 16:00:00-05:00,18.14,18.36,17.93,18.32,60834,0.0,0.0,0.0,0.0,0.0
2006-01-10 16:00:00-05:00,18.27,18.3,17.906,18.3,52423,0.0,0.0,0.0,0.0,0.0
2006-01-11 16:00:00-05:00,18.21,18.27,17.82,18.06,86311,0.0,0.0,0.0,0.0,0.0
2006-01-12 16:00:00-05:00,17.99,18.06,17.74,17.74,29294,0.0,0.0,0.0,0.0,0.0
2006-01-13 16:00:00-05:00,17.69,17.92,17.69,17.87,17333,0.0,0.0,0.0,0.0,0.0
2006-01-17 16:00:00-05:00,17.76,17.76,17.34,17.505,58580,0.0,0.0,0.0,0.0,0.0
2006-01-18 16:00:00-05:00,17.38,17.74,17.3,17.7,48406,0.0,0.0,0.0,0.0,0.0
2006-01-19 16:00:00-05:00,17.63,17.67,17.31,17.59,40118,0.0,0.0,0.0,0.0,0.0
2006-01-20 16:00:00-05:00,17.83,17.83,17.16,17.23,37632,0.0,0.0,0.0,0.0,0.0
2006-01-23 16:00:00-05:00,17.25,17.48,17.25,17.4,25517,0.0,0.0,0.0,0.0,0.0
2006-01-24 16:00:00-05:00,17.4,17.62,17.23,17.61,55612,0.0,0.0,0.0,0.0,0.0
2006-01-25 16:00:00-05:00,17.78,17.78,17.39,17.63,36267,0.0,0.0,0.0,0.0,0.0
2006-01-26 16:00:00-05:00,17.65,18.17,17.65,18.17,46874,0.0,0.0,0.0,0.0,0.0
2006-01-27 16:00:00-05:00,18.13,18.27,17.99,18.07,48856,0.0,0.0,0.0,0.0,0.0
2006-01-30 16:00:00-05:00,17.99,18.09,17.4,17.6,42428,0.0,0.0,0.0,0.0,0.0
2006-01-31 16:00:00-05:00,17.5,17.74,17.38,17.69,58390,0.0,0.0,0.0,0.0,0.0
2006-02-01 16:00:00-05:00,17.25,17.69,17.25,17.49,80062,0.0,0.0,0.0,0.0,0.0
2006-02-02 16:00:00-05:00,17.41,17.51,17.18,17.23,66005,0.0,0.0,0.0,0.0,0.0
2006-02-03 16:00:00-05:00,17.1,17.53,17.02,17.47,31831,0.0,0.0,0.0,0.0,0.0
2006-02-06 16:00:00-05:00,17.39,17.47,17.05,17.47,46392,0.0,0.0,0.0,0.0,0.0
2006-02-07 16:00:00-05:00,17.32,17.71,17.25,17.26,66244,0.0,0.0,0.0,0.0,0.0
2006-02-08 16:00:00-05:00,17.3,17.3,16.94,16.95,76428,0.0,0.0,0.0,0.0,0.0
2006-02-09 16:00:00-05:00,16.85,17.03,16.51,16.51,38621,0.0,0.0,0.0,0.0,0.0
2006-02-10 16:00:00-05:00,16.49,16.61,16.21,16.4,91353,0.0,0.0,0.0,0.0,0.0
2006-02-13 16:00:00-05:00,16.4,16.59,16.05,16.35,71912,0.0,0.0,0.0,0.0,0.0
2006-02-14 16:00:00-05:00,16.32,16.72,16.32,16.72,93348,0.0,0.0,0.0,0.0,0.0
2006-02-15 16:00:00-05:00,16.66,16.96,16.55,16.92,67964,0.0,0.0,0.0,0.0,0.0
2006-02-16 16:00:00-05:00,16.9,17.0,16.54,16.92,64284,0.0,0.0,0.0,0.0,0.0
2006-02-17 16:00:00-05:00,17.03,17.03,16.63,16.89,82053,0.0,0.0,0.0,0.0,0.0
2006-02-21 16:00:00-05:00,16.83,16.92,16.69,16.8,80368,0.0,0.0,0.0,0.0,0.0
2006-02-22 16:00:00-05:00,16.8,17.2,16.78,17.05,128424,0.0,0.0,0.0,0.0,0.0
2006-02-23 16:00:00-05:00,16.9,17.07,16.86,16.96,67893,0.0,0.0,0.0,0.0,0.0
2006-02-24 16:00:00-05:00,16.94,16.94,16.73,16.75,94221,0.0,0.0,0.0,0.0,0.0
2006-02-27 16:00:00-05:00,16.75,17.18,16.75,17.15,80413,0.0,0.0,0.0,0.0,0.0
2006-02-28 16:00:00-05:00,17.17,17.17,16.87,16.91,76358,0.0,0.0,0.0,0.0,0.0
2006-03-01 16:00:00-05:00,16.9,17.05,16.75,17.02,100001,0.0,0.0,0.0,0.0,0.0
2006-03-02 16:00:00-05:00,16.93,17.36,16.82,16.91,111868,0.0,0.0,0.0,0.0,0.0
2006-03-03 16:00:00-05:00,16.74,16.9,16.65,16.65,67012,0.0,0.0,0.0,0.0,0.0
2006-03-06 16:00:00-05:00,16.6,16.7115,16.05,16.1,127726,0.0,0.0,0.0,0.0,0.0
2006-03-07 16:00:00-05:00,16.01,16.22,15.88,15.88,61919,0.0,0.0,0.0,0.0,0.0
2006-03-08 16:00:00-05:00,15.84,16.0,15.66,15.94,67501,0.0,0.0,0.0,0.0,0.0
2006-03-09 16:00:00-05:00,15.94,16.13,15.85,16.02,85734,0.0,0.0,0.0,0.0,0.0
2006-03-10 16:00:00-05:00,16.01,16.24,15.69,16.24,111102,0.0,0.0,0.0,0.0,0.0
2006-03-13 16:00:00-05:00,16.25,16.53,16.13,16.42,151248,0.0,0.0,0.0,0.0,0.0
2006-03-14 16:00:00-05:00,16.38,16.62,16.25,16.58,87879,0.0,0.0,0.0,0.0,0.0
2006-03-15 16:00:00-05:00,16.63,16.76,16.37,16.74,48107,0.0,0.0,0.0,0.0,0.0
2006-03-16 16:00:00-05:00,16.78,16.79,16.58,16.63,46302,0.0,0.0,0.0,0.0,0.0
2006-03-17 16:00:00-05:00,16.71,16.85,16.34,16.62,293881,0.0,0.0,0.0,0.0,0.0
2006-03-20 16:00:00-05:00,16.5,16.56,16.25,16.3,82198,0.0,0.0,0.0,0.0,0.0
2006-03-21 16:00:00-05:00,16.24,16.37,15.91,15.91,73310,0.0,0.0,0.0,0.0,0.0
2006-03-22 16:00:00-05:00,15.83,16.19,15.76,16.18,44653,0.0,0.0,0.0,0.0,0.0
2006-03-23 16:00:00-05:00,16.13,16.22,15.98,16.07,31719,0.0,0.0,0.0,0.0,0.0
2006-03-24 16:00:00-05:00,16.04,16.25,15.97,16.24,20362,0.0,0.0,0.0,0.0,0.0
2006-03-27 16:00:00-05:00,16.2,16.21,16.03,16.19,33001,0.0,0.0,0.0,0.0,0.0
2006-03-28 16:00:00-05:00,16.13,16.26,15.96,16.15,47544,0.0,0.0,0.0,0.0,0.0
2006-03-29 16:00:00-05:00,16.23,16.6,16.13,16.6,63820,0.0,0.0,0.0,0.0,0.0
2006-03-30 16:00:00-05:00,16.61,16.61,16.16,16.4,74717,0.0,0.0,0.0,0.0,0.0
2006-03-31 16:00:00-05:00,16.45,16.66,16.15,16.64,166280,0.0,0.0,0.0,0.0,0.0
2006-04-03 16:00:00-04:00,16.72,16.75,16.42,16.57,124456,0.0,0.0,0.0,0.0,0.0
2006-04-04 16:00:00-04:00,16.46,16.99,16.43,16.67,105761,0.0,0.0,0.0,0.0,0.0
2006-04-05 16:00:00-04:00,16.65,16.68,16.22,16.34,68969,0.0,0.0,0.0,0.0,0.0
2006-04-06 16:00:00-04:00,16.29,16.3,16.02,16.17,62004,0.0,0.0,0.0,0.0,0.0
2006-04-07 16:00:00-04:00,16.19,16.25,15.61,15.66,71665,0.0,0.0,0.0,0.0,0.0
2006-04-10 16:00:00-04:00,15.64,15.79,15.48,15.75,129807,0.0,0.0,0.0,0.0,0.0
2006-04-11 16:00:00-04:00,15.76,15.96,15.55,15.61,68139,0.0,0.0,0.0,0.0,0.0
2006-04-12 16:00:00-04:00,15.56,15.68,15.41,15.48,43483,0.0,0.0,0.0,0.0,0.0
2006-04-13 16:00:00-04:00,15.42,15.68,15.42,15.65,29876,0.0,0.0,0.0,0.0,0.0
2006-04-17 16:00:00-04:00,15.62,15.69,15.41,15.65,55571,0.0,0.0,0.0,0.0,0.0
2006-04-18 16:00:00-04:00,15.7,15.83,15.65,15.8,126574,0.0,0.0,0.0,0.0,0.0
2006-04-19 16:00:00-04:00,15.82,16.08,15.69,16.07,112701,0.0,0.0,0.0,0.0,0.0
2006-04-20 16:00:00-04:00,15.99,16.07,15.79,15.96,52038,0.0,0.0,0.0,0.0,0.0
2006-04-21 16:00:00-04:00,16.15,16.15,15.8,16.03,131669,0.0,0.0,0.0,0.0,0.0
2006-04-24 16:00:00-04:00,16.15,16.234,15.84,16.02,113209,0.0,0.0,0.0,0.0,0.0
2006-04-25 16:00:00-04:00,16.0,16.05,15.87,15.93,105334,0.0,0.0,0.0,0.0,0.0
2006-04-26 16:00:00-04:00,15.91,16.11,15.9,15.975,99943,0.0,0.0,0.0,0.0,0.0
2006-04-27 16:00:00-04:00,15.9,16.19,15.9,16.01,67967,0.0,0.0,0.0,0.0,0.0
2006-04-28 16:00:00-04:00,15.9,16.14,15.88,16.03,114676,0.0,0.0,0.0,0.0,0.0
2006-05-01 16:00:00-04:00,16.03,16.17,15.7,15.73,91560,0.0,0.0,0.0,0.0,0.0
2006-05-02 16:00:00-04:00,15.75,16.03,15.75,15.91,59256,0.0,0.0,0.0,0.0,0.0
2006-05-03 16:00:00-04:00,15.86,15.92,15.53,15.66,103482,0.0,0.0,0.0,0.0,0.0
2006-05-04 16:00:00-04:00,15.7,15.93,15.7,15.78,112602,0.0,0.0,0.0,0.0,0.0
2006-05-05 16:00:00-04:00,15.88,16.38,15.88,16.34,102510,0.0,0.0,0.0,0.0,0.0
2006-05-08 16:00:00-04:00,16.21,16.39,16.21,16.26,65161,0.0,0.0,0.0,0.0,0.0
2006-05-09 16:00:00-04:00,16.2,16.4,16.09,16.13,55503,0.0,0.0,0.0,0.0,0.0
2006-05-10 16:00:00-04:00,16.05,16.14,15.7,16.07,156089,0.0,0.0,0.0,0.0,0.0
2006-05-11 16:00:00-04:00,16.03,16.03,15.58,15.7,109769,0.0,0.0,0.0,0.0,0.0
2006-05-12 16:00:00-04:00,15.6,15.69,15.53,15.55,72115,0.0,0.0,0.0,0.0,0.0
2006-05-15 16:00:00-04:00,15.48,15.98,15.27,15.5,62345,0.0,0.0,0.0,0.0,0.0
2006-05-16 16:00:00-04:00,15.57,15.66,15.5,15.59,58198,0.0,0.0,0.0,0.0,0.0
2006-05-17 16:00:00-04:00,15.45,15.6,15.25,15.41,102223,0.0,0.0,0.0,0.0,0.0
2006-05-18 16:00:00-04:00,15.5,16.0,15.432,15.67,145828,0.0,0.0,0.0,0.0,0.0
2006-05-19 16:00:00-04:00,15.58,16.18,15.55,16.06,69179,0.0,0.0,0.0,0.0,0.0
2006-05-22 16:00:00-04:00,15.95,16.25,15.79,16.23,109270,0.0,0.0,0.0,0.0,0.0
2006-05-23 16:00:00-04:00,16.35,16.45,15.85,15.85,99015,0.0,0.0,0.0,0.0,0.0
2006-05-24 16:00:00-04:00,15.83,16.4,15.73,16.28,100465,0.0,0.0,0.0,0.0,0.0
2006-05-25 16:00:00-04:00,16.42,16.53,16.27,16.4,53551,0.0,0.0,0.0,0.0,0.0
2006-05-26 16:00:00-04:00,16.52,16.58,16.03,16.55,36840,0.0,0.0,0.0,0.0,0.0
2006-05-30 16:00:00-04:00,16.45,16.4599,16.0,16.01,77670,0.0,0.0,0.0,0.0,0.0
2006-05-31 16:00:00-04:00,16.04,16.54,15.91,16.23,170003,0.0,0.0,0.0,0.0,0.0
2006-06-01 16:00:00-04:00,16.26,16.636,15.98,16.58,102705,0.0,0.0,0.0,0.0,0.0
2006-06-02 16:00:00-04:00,16.61,16.72,16.38,16.68,91712,0.0,0.0,0.0,0.0,0.0
2006-06-05 16:00:00-04:00,16.57,16.61,15.99,16.01,149477,0.0,0.0,0.0,0.0,0.0
2006-06-06 16:00:00-04:00,16.03,16.12,15.65,15.99,102050,0.0,0.0,0.0,0.0,0.0
2006-06-07 16:00:00-04:00,16.07,16.42,15.88,16.31,104386,0.0,0.0,0.0,0.0,0.0
2006-06-08 16:00:00-04:00,16.1,16.37,15.8,16.28,150530,0.0,0.0,0.0,0.0,0.0
2006-06-09 16:00:00-04:00,16.29,16.38,16.06,16.13,83532,0.0,0.0,0.0,0.0,0.0
2006-06-12 16:00:00-04:00,16.14,16.15,15.83,15.96,111817,0.0,0.0,0.0,0.0,0.0
2006-06-13 16:00:00-04:00,15.88,16.29,15.86,15.89,121771,0.0,0.0,0.0,0.0,0.0
2006-06-14 16:00:00-04:00,15.88,15.97,15.67,15.89,72567,0.0,0.0,0.0,0.0,0.0
2006-06-15 16:00:00-04:00,15.94,16.296,15.9,16.2,87369,0.0,0.0,0.0,0.0,0.0
2006-06-16 16:00:00-04:00,16.12,16.13,15.6,15.66,462572,0.0,0.0,0.0,0.0,0.0
2006-06-19 16:00:00-04:00,15.69,15.69,15.23,15.23,81560,0.0,0.0,0.0,0.0,0.0
2006-06-20 16:00:00-04:00,15.23,15.24,14.81,14.82,127101,0.0,0.0,0.0,0.0,0.0
2006-06-21 16:00:00-04:00,14.82,15.05,14.8,15.02,98600,0.0,0.0,0.0,0.0,0.0
2006-06-22 16:00:00-04:00,14.94,14.96,14.54,14.63,73756,0.0,0.0,0.0,0.0,0.0
2006-06-23 16:00:00-04:00,14.63,14.91,14.47,14.77,180163,0.0,0.0,0.0,0.0,0.0
2006-06-26 16:00:00-04:00,14.9,15.0,14.83,14.98,136243,0.0,0.0,0.0,0.0,0.0
2006-06-27 16:00:00-04:00,15.0,15.09,14.73,14.73,155199,0.0,0.0,0.0,0.0,0.0
2006-06-28 16:00:00-04:00,14.88,14.92,14.65,14.9,518601,0.0,0.0,0.0,0.0,0.0
2006-06-29 16:00:00-04:00,15.01,15.23,14.73,15.23,276430,0.0,0.0,0.0,0.0,0.0
2006-06-30 16:00:00-04:00,15.29,15.29,14.84,14.91,647107,0.0,0.0,0.0,0.0,0.0
2006-07-03 16:00:00-04:00,14.79,15.13,14.79,15.09,52690,0.0,0.0,0.0,0.0,0.0
2006-07-05 16:00:00-04:00,14.93,15.05,14.93,15.02,117410,0.0,0.0,0.0,0.0,0.0
2006-07-06 16:00:00-04:00,15.08,15.14,14.83,14.91,72471,0.0,0.0,0.0,0.0,0.0
2006-07-07 16:00:00-04:00,14.86,15.06,14.75,14.78,74812,0.0,0.0,0.0,0.0,0.0
2006-07-10 16:00:00-04:00,14.81,15.08,14.79,14.96,45594,0.0,0.0,0.0,0.0,0.0
2006-07-11 16:00:00-04:00,14.9,14.9,14.67,14.89,72133,0.0,0.0,0.0,0.0,0.0
2006-07-12 16:00:00-04:00,14.83,14.92,14.46,14.53,55211,0.0,0.0,0.0,0.0,0.0
2006-07-13 16:00:00-04:00,14.47,14.51,14.24,14.24,67914,0.0,0.0,0.0,0.0,0.0
2006-07-14 16:00:00-04:00,14.23,14.31,14.1,14.2,75124,0.0,0.0,0.0,0.0,0.0
2006-07-17 16:00:00-04:00,14.1,14.4,14.1,14.25,61364,0.0,0.0,0.0,0.0,0.0
2006-07-18 16:00:00-04:00,14.34,14.56,14.09,14.56,83622,0.0,0.0,0.0,0.0,0.0
2006-07-19 16:00:00-04:00,14.63,15.05,14.49,15.04,122989,0.0,0.0,0.0,0.0,0.0
2006-07-20 16:00:00-04:00,15.08,15.08,14.48,14.56,59836,0.0,0.0,0.0,0.0,0.0
2006-07-21 16:00:00-04:00,14.47,14.47,14.23,14.34,51191,0.0,0.0,0.0,0.0,0.0
2006-07-24 16:00:00-04:00,14.46,14.84,14.41,14.84,191991,0.0,0.0,0.0,0.0,0.0
2006-07-25 16:00:00-04:00,14.85,14.99,14.7,14.93,85808,0.0,0.0,0.0,0.0,0.0
2006-07-26 16:00:00-04:00,14.84,14.96,14.58,14.74,50799,0.0,0.0,0.0,0.0,0.0
2006-07-27 16:00:00-04:00,14.85,14.94,14.45,14.47,50838,0.0,0.0,0.0,0.0,0.0
2006-07-28 16:00:00-04:00,14.61,15.06,14.54,15.03,131692,0.0,0.0,0.0,0.0,0.0
2006-07-31 16:00:00-04:00,15.04,15.04,14.81,14.93,107147,0.0,0.0,0.0,0.0,0.0
2006-08-01 16:00:00-04:00,14.88,14.94,14.69,14.84,75110,0.0,0.0,0.0,0.0,0.0
2006-08-02 16:00:00-04:00,14.94,15.2,14.92,15.2,74023,0.0,0.0,0.0,0.0,0.0
2006-08-03 16:00:00-04:00,15.04,15.33,15.0,15.23,149818,0.0,0.0,0.0,0.0,0.0
2006-08-04 16:00:00-04:00,15.38,15.48,15.09,15.25,173928,0.0,0.0,0.0,0.0,0.0
2006-08-07 16:00:00-04:00,15.19,15.43,15.19,15.38,106970,0.0,0.0,0.0,0.0,0.0
2006-08-08 16:00:00-04:00,15.45,15.53,15.19,15.21,278393,0.0,0.0,0.0,0.0,0.0
2006-08-09 16:00:00-04:00,15.36,15.45,15.1,15.15,85207,0.0,0.0,0.0,0.0,0.0
2006-08-10 16:00:00-04:00,15.04,15.52,15.04,15.47,75524,0.0,0.0,0.0,0.0,0.0
2006-08-11 16:00:00-04:00,15.4,15.4,15.25,15.3,56648,0.0,0.0,0.0,0.0,0.0
2006-08-14 16:00:00-04:00,15.41,15.61,15.29,15.3,46551,0.0,0.0,0.0,0.0,0.0
2006-08-15 16:00:00-04:00,15.48,15.75,15.48,15.71,88927,0.0,0.0,0.0,0.0,0.0
2006-08-16 16:00:00-04:00,15.77,15.88,15.73,15.84,56207,0.0,0.0,0.0,0.0,0.0
2006-08-17 16:00:00-04:00,15.74,15.93,15.72,15.79,44945,0.0,0.0,0.0,0.0,0.0
2006-08-18 16:00:00-04:00,15.9,15.9,15.6,15.82,52594,0.0,0.0,0.0,0.0,0.0
2006-08-21 16:00:00-04:00,15.71,15.8,15.49,15.51,104649,0.0,0.0,0.0,0.0,0.0
2006-08-22 16:00:00-04:00,15.5,15.62,15.32,15.41,92211,0.0,0.0,0.0,0.0,0.0
2006-08-23 16:00:00-04:00,15.51,15.6,15.2,15.25,101725,0.0,0.0,0.0,0.0,0.0
2006-08-24 16:00:00-04:00,15.29,15.43,15.28,15.41,59849,0.0,0.0,0.0,0.0,0.0
2006-08-25 16:00:00-04:00,15.33,15.59,15.27,15.3,60567,0.0,0.0,0.0,0.0,0.0
2006-08-28 16:00:00-04:00,15.3,15.45,15.23,15.38,71438,0.0,0.0,0.0,0.0,0.0
2006-08-29 16:00:00-04:00,15.33,15.68,15.3,15.64,149804,0.0,0.0,0.0,0.0,0.0
2006-08-30 16:00:00-04:00,15.53,15.79,15.46,15.65,65727,0.0,0.0,0.0,0.0,0.0
2006-08-31 16:00:00-04:00,15.71,15.76,15.5,15.5,100200,0.0,0.0,0.0,0.0,0.0
2006-09-01 16:00:00-04:00,15.65,15.67,15.38,15.43,66556,0.0,0.0,0.0,0.0,0.0
2006-09-05 16:00:00-04:00,15.39,15.68,15.39,15.5,44000,0.0,0.0,0.0,0.0,0.0
2006-09-06 16:00:00-04:00,15.41,15.45,15.28,15.28,81842,0.0,0.0,0.0,0.0,0.0
2006-09-07 16:00:00-04:00,15.23,15.31,15.088,15.15,76935,0.0,0.0,0.0,0.0,0.0
2006-09-08 16:00:00-04:00,15.17,15.26,15.11,15.21,56178,0.0,0.0,0.0,0.0,0.0
2006-09-11 16:00:00-04:00,15.1,15.35,15.1,15.19,35665,0.0,0.0,0.0,0.0,0.0
2006-09-12 16:00:00-04:00,15.24,15.79,15.2,15.76,68492,0.0,0.0,0.0,0.0,0.0
2006-09-13 16:00:00-04:00,15.77,15.78,15.65,15.78,75300,0.0,0.0,0.0,0.0,0.0
2006-09-14 16:00:00-04:00,15.75,15.91,15.66,15.87,77361,0.0,0.0,0.0,0.0,0.0
2006-09-15 16:00:00-04:00,15.99,16.0,15.84,15.96,201114,0.0,0.0,0.0,0.0,0.0
2006-09-18 16:00:00-04:00,15.9,16.0,15.81,15.98,61588,0.0,0.0,0.0,0.0,0.0
2006-09-19 16:00:00-04:00,15.96,15.96,15.53,15.81,74007,0.0,0.0,0.0,0.0,0.0
2006-09-20 16:00:00-04:00,15.8,16.06,15.76,15.94,105876,0.0,0.0,0.0,0.0,0.0
2006-09-21 16:00:00-04:00,16.02,16.11,15.64,15.79,84723,0.0,0.0,0.0,0.0,0.0
2006-09-22 16:00:00-04:00,15.72,15.78,15.39,15.48,74404,0.0,0.0,0.0,0.0,0.0
2006-09-25 16:00:00-04:00,15.51,15.93,15.44,15.86,90534,0.0,0.0,0.0,0.0,0.0
2006-09-26 16:00:00-04:00,15.89,15.93,15.71,15.82,30494,0.0,0.0,0.0,0.0,0.0
2006-09-27 16:00:00-04:00,15.83,15.93,15.63,15.78,49084,0.0,0.0,0.0,0.0,0.0
2006-09-28 16:00:00-04:00,15.83,16.12,15.83,16.04,112962,0.0,0.0,0.0,0.0,0.0
2006-09-29 16:00:00-04:00,16.1,16.21,15.9,15.91,149887,0.0,0.0,0.0,0.0,0.0
2006-10-02 16:00:00-04:00,15.94,16.03,15.79,15.85,111378,0.0,0.0,0.0,0.0,0.0
2006-10-03 16:00:00-04:00,15.85,15.88,15.67,15.78,91654,0.0,0.0,0.0,0.0,0.0
2006-10-04 16:00:00-04:00,15.68,16.18,15.68,16.15,51367,0.0,0.0,0.0,0.0,0.0
2006-10-05 16:00:00-04:00,16.15,16.31,16.01,16.3,73161,0.0,0.0,0.0,0.0,0.0
2006-10-06 16:00:00-04:00,16.18,16.27,16.05,16.19,57782,0.0,0.0,0.0,0.0,0.0
2006-10-09 16:00:00-04:00,16.1,16.32,16.0,16.32,46240,0.0,0.0,0.0,0.0,0.0
2006-10-10 16:00:00-04:00,16.34,16.52,16.19,16.28,66263,0.0,0.0,0.0,0.0,0.0
2006-10-11 16:00:00-04:00,16.17,16.41,16.13,16.2,78053,0.0,0.0,0.0,0.0,0.0
2006-10-12 16:00:00-04:00,16.3,16.64,16.23,16.62,71164,0.0,0.0,0.0,0.0,0.0
2006-10-13 16:00:00-04:00,16.58,16.83,16.53,16.83,77271,0.0,0.0,0.0,0.0,0.0
2006-10-16 16:00:00-04:00,16.85,16.93,16.73,16.93,53716,0.0,0.0,0.0,0.0,0.0
2006-10-17 16:00:00-04:00,16.79,16.95,16.66,16.93,60398,0.0,0.0,0.0,0.0,0.0
2006-10-18 16:00:00-04:00,16.97,17.15,16.92,17.09,138896,0.0,0.0,0.0,0.0,0.0
2006-10-19 16:00:00-04:00,17.0,17.17,16.91,17.16,101490,0.0,0.0,0.0,0.0,0.0
2006-10-20 16:00:00-04:00,17.25,17.25,16.97,17.08,81349,0.0,0.0,0.0,0.0,0.0
2006-10-23 16:00:00-04:00,16.98,17.286,16.95,17.14,61331,0.0,0.0,0.0,0.0,0.0
2006-10-24 16:00:00-04:00,17.12,17.16,16.96,17.13,52322,0.0,0.0,0.0,0.0,0.0
2006-10-25 16:00:00-04:00,17.1,17.28,17.01,17.27,69774,0.0,0.0,0.0,0.0,0.0
2006-10-26 16:00:00-04:00,17.3,17.5,16.99,17.5,67974,0.0,0.0,0.0,0.0,0.0
2006-10-27 16:00:00-04:00,17.24,17.44,16.56,16.74,145830,0.0,0.0,0.0,0.0,0.0
2006-10-30 16:00:00-05:00,16.57,16.62,16.39,16.49,114853,0.0,0.0,0.0,0.0,0.0
2006-10-31 16:00:00-05:00,16.48,16.48,16.1,16.24,180287,0.0,0.0,0.0,0.0,0.0
2006-11-01 16:00:00-05:00,16.29,16.29,15.548,15.61,152537,0.0,0.0,0.0,0.0,0.0
2006-11-02 16:00:00-05:00,15.6,15.67,15.45,15.52,144704,0.0,0.0,0.0,0.0,0.0
2006-11-03 16:00:00-05:00,15.61,15.61,15.4,15.55,78690,0.0,0.0,0.0,0.0,0.0
2006-11-06 16:00:00-05:00,15.6,15.65,15.4,15.63,69456,0.0,0.0,0.0,0.0,0.0
2006-11-07 16:00:00-05:00,16.27,16.55,15.94,16.48,496728,0.0,0.0,0.0,0.0,0.0
2006-11-08 16:00:00-05:00,16.37,16.55,16.2,16.4,140420,0.0,0.0,0.0,0.0,0.0
2006-11-09 16:00:00-05:00,16.39,16.4,16.21,16.35,170759,0.0,0.0,0.0,0.0,0.0
2006-11-10 16:00:00-05:00,16.3,16.53,16.26,16.52,152831,0.0,0.0,0.0,0.0,0.0
2006-11-13 16:00:00-05:00,16.47,16.81,16.45,16.77,204384,0.0,0.0,0.0,0.0,0.0
2006-11-14 16:00:00-05:00,16.8,17.09,16.63,17.07,198288,0.0,0.0,0.0,0.0,0.0
2006-11-15 16:00:00-05:00,17.1,17.77,16.95,17.09,3368035,0.0,0.0,0.0,0.0,0.0
2006-11-16 16:00:00-05:00,17.08,17.28,16.93,17.23,266441,0.0,0.0,0.0,0.0,0.0
2006-11-17 16:00:00-05:00,17.23,17.33,17.13,17.26,190322,0.0,0.0,0.0,0.0,0.0
2006-11-20 16:00:00-05:00,17.27,17.33,17.15,17.25,170518,0.0,0.0,0.0,0.0,0.0
2006-11-21 16:00:00-05:00,17.3,17.34,17.15,17.3,277510,0.0,0.0,0.0,0.0,0.0
2006-11-22 16:00:00-05:00,17.23,17.32,17.2,17.3,91512,0.0,0.0,0.0,0.0,0.0
2006-11-24 16:00:00-05:00,17.16,17.2,17.01,17.12,26616,0.0,0.0,0.0,0.0,0.0
2006-11-27 16:00:00-05:00,17.03,17.06,16.53,16.57,338549,0.0,0.0,0.0,0.0,0.0
2006-11-28 16:00:00-05:00,16.56,16.65,16.44,16.61,133387,0.0,0.0,0.0,0.0,0.0
2006-11-29 16:00:00-05:00,16.71,16.81,16.59,16.75,162060,0.0,0.0,0.0,0.0,0.0
2006-11-30 16:00:00-05:00,16.72,16.81,16.47,16.5999,206722,0.0,0.0,0.0,0.0,0.0
2006-12-01 16:00:00-05:00,16.54,16.56,16.28,16.55,150221,0.0,0.0,0.0,0.0,0.0
2006-12-04 16:00:00-05:00,16.52,16.83,16.44,16.78,161475,0.0,0.0,0.0,0.0,0.0
2006-12-05 16:00:00-05:00,16.85,16.94,16.68,16.71,74880,0.0,0.0,0.0,0.0,0.0
2006-12-06 16:00:00-05:00,16.61,16.73,16.39,16.67,96517,0.0,0.0,0.0,0.0,0.0
2006-12-07 16:00:00-05:00,16.67,16.726,16.56,16.61,77389,0.0,0.0,0.0,0.0,0.0
2006-12-08 16:00:00-05:00,16.59,16.7,16.42,16.59,64963,0.0,0.0,0.0,0.0,0.0
2006-12-11 16:00:00-05:00,16.61,16.67,16.49,16.59,63560,0.0,0.0,0.0,0.0,0.0
2006-12-12 16:00:00-05:00,16.56,16.78,16.5,16.67,98869,0.0,0.0,0.0,0.0,0.0
2006-12-13 16:00:00-05:00,16.78,16.9,16.68,16.76,83090,0.0,0.0,0.0,0.0,0.0
2006-12-14 16:00:00-05:00,16.81,16.93,16.68,16.79,98570,0.0,0.0,0.0,0.0,0.0
2006-12-15 16:00:00-05:00,16.92,17.15,16.83,16.94,324914,0.0,0.0,0.0,0.0,0.0
2006-12-18 16:00:00-05:00,16.96,17.0,16.5,16.54,109289,0.0,0.0,0.0,0.0,0.0
2006-12-19 16:00:00-05:00,16.47,16.82,16.46,16.8,146893,0.0,0.0,0.0,0.0,0.0
2006-12-20 16:00:00-05:00,16.84,16.87,16.67,16.72,77827,0.0,0.0,0.0,0.0,0.0
2006-12-21 16:00:00-05:00,16.75,17.0,16.67,16.83,178931,0.0,0.0,0.0,0.0,0.0
2006-12-22 16:00:00-05:00,16.83,16.86,16.72,16.78,102658,0.0,0.0,0.0,0.0,0.0
2006-12-26 16:00:00-05:00,16.73,17.05,16.73,17.04,90913,0.0,0.0,0.0,0.0,0.0
2006-12-27 16:00:00-05:00,17.0,17.18,17.0,17.08,320770,0.0,0.0,0.0,0.0,0.0
2006-12-28 16:00:00-05:00,17.0,17.04,16.89,16.89,142739,0.0,0.0,0.0,0.0,0.0
2006-12-29 16:00:00-05:00,16.84,16.95,16.56,16.61,168612,0.0,0.0,0.0,0.0,0.0
2007-01-03 16:00:00-05:00,16.72,16.85,16.46,16.76,194291,0.0,0.0,0.0,0.0,0.0
2007-01-04 16:00:00-05:00,16.7,16.78,16.55,16.7,178217,0.0,0.0,0.0,0.0,0.0
2007-01-05 16:00:00-05:00,16.59,16.69,16.29,16.38,166901,0.0,0.0,0.0,0.0,0.0
2007-01-08 16:00:00-05:00,16.35,16.37,16.11,16.25,140486,0.0,0.0,0.0,0.0,0.0
2007-01-09 16:00:00-05:00,16.22,16.34,16.0,16.25,90685,0.0,0.0,0.0,0.0,0.0
2007-01-10 16:00:00-05:00,16.13,16.3,15.91,16.23,143941,0.0,0.0,0.0,0.0,0.0
2007-01-11 16:00:00-05:00,16.22,16.84,16.22,16.6,481646,0.0,0.0,0.0,0.0,0.0
2007-01-12 16:00:00-05:00,16.56,16.78,16.56,16.6,270438,0.0,0.0,0.0,0.0,0.0
2007-01-16 16:00:00-05:00,16.62,16.79,16.33,16.41,123136,0.0,0.0,0.0,0.0,0.0
2007-01-17 16:00:00-05:00,16.31,16.52,16.21,16.28,98517,0.0,0.0,0.0,0.0,0.0
2007-01-18 16:00:00-05:00,16.23,16.38,16.1,16.22,178993,0.0,0.0,0.0,0.0,0.0
2007-01-19 16:00:00-05:00,16.13,16.24,16.05,16.18,105368,0.0,0.0,0.0,0.0,0.0
2007-01-22 16:00:00-05:00,16.12,16.21,15.94,16.04,135348,0.0,0.0,0.0,0.0,0.0
2007-01-23 16:00:00-05:00,15.95,16.2,15.9,16.07,122746,0.0,0.0,0.0,0.0,0.0
2007-01-24 16:00:00-05:00,16.12,16.22,16.11,16.19,84589,0.0,0.0,0.0,0.0,0.0
2007-01-25 16:00:00-05:00,16.17,16.24,15.87,15.91,90652,0.0,0.0,0.0,0.0,0.0
2007-01-26 16:00:00-05:00,16.04,16.17,15.9,16.08,141206,0.0,0.0,0.0,0.0,0.0
2007-01-29 16:00:00-05:00,16.09,16.36,15.87,16.32,199223,0.0,0.0,0.0,0.0,0.0
2007-01-30 16:00:00-05:00,16.36,16.5,16.32,16.44,142692,0.0,0.0,0.0,0.0,0.0
2007-01-31 16:00:00-05:00,16.38,16.5,16.31,16.43,120473,0.0,0.0,0.0,0.0,0.0
2007-02-01 16:00:00-05:00,16.46,16.55,16.39,16.5,130413,0.0,0.0,0.0,0.0,0.0
2007-02-02 16:00:00-05:00,16.51,16.56,16.34,16.4,93264,0.0,0.0,0.0,0.0,0.0
2007-02-05 16:00:00-05:00,16.31,16.54,16.3,16.33,141859,0.0,0.0,0.0,0.0,0.0
2007-02-06 16:00:00-05:00,16.39,16.5,16.28,16.43,90632,0.0,0.0,0.0,0.0,0.0
2007-02-07 16:00:00-05:00,16.46,16.51,16.41,16.5,123828,0.0,0.0,0.0,0.0,0.0
2007-02-08 16:00:00-05:00,16.44,16.57,16.37,16.44,59204,0.0,0.0,0.0,0.0,0.0
2007-02-09 16:00:00-05:00,16.4,16.56,16.24,16.29,84059,0.0,0.0,0.0,0.0,0.0
2007-02-12 16:00:00-05:00,16.35,16.45,16.26,16.43,74469,0.0,0.0,0.0,0.0,0.0
2007-02-13 16:00:00-05:00,16.5,16.57,16.26,16.55,104791,0.0,0.0,0.0,0.0,0.0
2007-02-14 16:00:00-05:00,16.53,16.7,16.49,16.56,131298,0.0,0.0,0.0,0.0,0.0
2007-02-15 16:00:00-05:00,16.56,16.59,16.39,16.41,59364,0.0,0.0,0.0,0.0,0.0
2007-02-16 16:00:00-05:00,16.41,16.41,16.22,16.37,77548,0.0,0.0,0.0,0.0,0.0
2007-02-20 16:00:00-05:00,16.3,16.55,16.19,16.52,127988,0.0,0.0,0.0,0.0,0.0
2007-02-21 16:00:00-05:00,16.49,16.57,16.43,16.5,84295,0.0,0.0,0.0,0.0,0.0
2007-02-22 16:00:00-05:00,16.49,16.53,16.31,16.49,107638,0.0,0.0,0.0,0.0,0.0
2007-02-23 16:00:00-05:00,16.43,16.47,16.28,16.36,63909,0.0,0.0,0.0,0.0,0.0
2007-02-26 16:00:00-05:00,16.36,16.36,16.03,16.22,73123,0.0,0.0,0.0,0.0,0.0
2007-02-27 16:00:00-05:00,16.05,16.09,15.63,15.63,125356,0.0,0.0,0.0,0.0,0.0
2007-02-28 16:00:00-05:00,15.62,15.9,15.58,15.71,118505,0.0,0.0,0.0,0.0,0.0
2007-03-01 16:00:00-05:00,15.52,15.83,15.32,15.63,171563,0.0,0.0,0.0,0.0,0.0
2007-03-02 16:00:00-05:00,15.53,15.7199,15.23,15.24,104988,0.0,0.0,0.0,0.0,0.0
2007-03-05 16:00:00-05:00,15.23,15.29,14.92,14.92,149654,0.0,0.0,0.0,0.0,0.0
2007-03-06 16:00:00-05:00,15.12,15.31,14.94,15.3,134749,0.0,0.0,0.0,0.0,0.0
2007-03-07 16:00:00-05:00,15.31,15.39,15.09,15.23,170711,0.0,0.0,0.0,0.0,0.0
2007-03-08 16:00:00-05:00,15.34,15.39,14.86,15.18,101192,0.0,0.0,0.0,0.0,0.0
2007-03-09 16:00:00-05:00,15.27,15.32,15.18,15.32,98192,0.0,0.0,0.0,0.0,0.0
2007-03-12 16:00:00-04:00,15.26,15.32,15.17,15.27,80703,0.0,0.0,0.0,0.0,0.0
2007-03-13 16:00:00-04:00,15.14,15.14,14.73,14.83,167977,0.0,0.0,0.0,0.0,0.0
2007-03-14 16:00:00-04:00,14.76,15.11,14.72,15.11,81695,0.0,0.0,0.0,0.0,0.0
2007-03-15 16:00:00-04:00,15.12,15.23,15.02,15.15,91417,0.0,0.0,0.0,0.0,0.0
2007-03-16 16:00:00-04:00,15.13,15.18,14.92,15.06,276472,0.0,0.0,0.0,0.0,0.0
2007-03-19 16:00:00-04:00,15.12,15.21,15.07,15.19,120364,0.0,0.0,0.0,0.0,0.0
2007-03-20 16:00:00-04:00,15.15,15.29,15.12,15.29,72151,0.0,0.0,0.0,0.0,0.0
2007-03-21 16:00:00-04:00,15.3,15.63,15.18,15.63,71000,0.0,0.0,0.0,0.0,0.0
2007-03-22 16:00:00-04:00,15.72,15.72,15.62,15.65,81350,0.0,0.0,0.0,0.0,0.0
2007-03-23 16:00:00-04:00,15.61,15.74,15.61,15.67,63351,0.0,0.0,0.0,0.0,0.0
2007-03-26 16:00:00-04:00,15.62,15.74,15.45,15.61,58338,0.0,0.0,0.0,0.0,0.0
2007-03-27 16:00:00-04:00,15.53,15.63,15.46,15.47,79323,0.0,0.0,0.0,0.0,0.0
2007-03-28 16:00:00-04:00,15.42,15.51,15.3,15.34,51333,0.0,0.0,0.0,0.0,0.0
2007-03-29 16:00:00-04:00,15.45,15.52,15.14,15.29,101006,0.0,0.0,0.0,0.0,0.0
2007-03-30 16:00:00-04:00,15.33,15.38,15.0,15.11,147790,0.0,0.0,0.0,0.0,0.0
2007-04-02 16:00:00-04:00,15.18,15.18,14.91,15.07,100310,0.0,0.0,0.0,0.0,0.0
2007-04-03 16:00:00-04:00,15.12,15.36,15.12,15.15,85819,0.0,0.0,0.0,0.0,0.0
2007-04-04 16:00:00-04:00,15.18,15.24,15.01,15.05,53592,0.0,0.0,0.0,0.0,0.0
2007-04-05 16:00:00-04:00,15.01,15.13,14.94,15.04,52696,0.0,0.0,0.0,0.0,0.0
2007-04-09 16:00:00-04:00,15.02,15.08,14.92,14.95,59890,0.0,0.0,0.0,0.0,0.0
2007-04-10 16:00:00-04:00,14.92,15.14,14.92,15.12,63287,0.0,0.0,0.0,0.0,0.0
2007-04-11 16:00:00-04:00,15.16,15.16,14.75,14.93,115538,0.0,0.0,0.0,0.0,0.0
2007-04-12 16:00:00-04:00,14.86,14.99,14.8,14.99,50647,0.0,0.0,0.0,0.0,0.0
2007-04-13 16:00:00-04:00,14.97,15.17,14.83,15.17,64268,0.0,0.0,0.0,0.0,0.0
2007-04-16 16:00:00-04:00,15.21,15.55,15.17,15.55,83518,0.0,0.0,0.0,0.0,0.0
2007-04-17 16:00:00-04:00,15.5,15.5,15.21,15.23,67170,0.0,0.0,0.0,0.0,0.0
2007-04-18 16:00:00-04:00,15.17,15.37,15.17,15.18,74617,0.0,0.0,0.0,0.0,0.0
2007-04-19 16:00:00-04:00,15.07,15.29,14.97,14.97,102590,0.0,0.0,0.0,0.0,0.0
2007-04-20 16:00:00-04:00,15.28,15.59,15.18,15.57,147152,0.0,0.0,0.0,0.0,0.0
2007-04-23 16:00:00-04:00,15.49,15.73,15.49,15.72,136348,0.0,0.0,0.0,0.0,0.0
2007-04-24 16:00:00-04:00,15.7,15.71,15.33,15.46,124209,0.0,0.0,0.0,0.0,0.0
2007-04-25 16:00:00-04:00,15.58,15.59,15.43,15.45,106604,0.0,0.0,0.0,0.0,0.0
2007-04-26 16:00:00-04:00,15.42,15.43,15.22,15.29,93038,0.0,0.0,0.0,0.0,0.0
2007-04-27 16:00:00-04:00,15.22,15.29,15.03,15.05,82781,0.0,0.0,0.0,0.0,0.0
2007-04-30 16:00:00-04:00,15.1,15.2,14.85,14.9,157390,0.0,0.0,0.0,0.0,0.0
2007-05-01 16:00:00-04:00,14.89,14.95,14.75,14.87,105672,0.0,0.0,0.0,0.0,0.0
2007-05-02 16:00:00-04:00,14.85,15.23,14.85,15.13,83621,0.0,0.0,0.0,0.0,0.0
2007-05-03 16:00:00-04:00,15.1,15.15,15.03,15.08,59633,0.0,0.0,0.0,0.0,0.0
2007-05-04 16:00:00-04:00,15.11,15.19,15.06,15.17,59307,0.0,0.0,0.0,0.0,0.0
2007-05-07 16:00:00-04:00,15.19,15.22,15.09,15.13,44117,0.0,0.0,0.0,0.0,0.0
2007-05-08 16:00:00-04:00,15.11,15.22,15.11,15.18,102988,0.0,0.0,0.0,0.0,0.0
2007-05-09 16:00:00-04:00,15.07,15.18,14.96,15.11,174719,0.0,0.0,0.0,0.0,0.0
2007-05-10 16:00:00-04:00,15.03,15.1,14.88,14.98,137038,0.0,0.0,0.0,0.0,0.0
2007-05-11 16:00:00-04:00,14.98,15.29,14.98,15.25,74544,0.0,0.0,0.0,0.0,0.0
2007-05-14 16:00:00-04:00,15.21,15.25,15.01,15.06,107928,0.0,0.0,0.0,0.0,0.0
2007-05-15 16:00:00-04:00,15.02,15.16,14.79,14.81,77304,0.0,0.0,0.0,0.0,0.0
2007-05-16 16:00:00-04:00,14.83,14.91,14.68,14.9,65189,0.0,0.0,0.0,0.0,0.0
2007-05-17 16:00:00-04:00,14.83,14.88,14.66,14.77,105565,0.0,0.0,0.0,0.0,0.0
2007-05-18 16:00:00-04:00,14.84,14.88,14.68,14.85,78014,0.0,0.0,0.0,0.0,0.0
2007-05-21 16:00:00-04:00,14.8,15.06,14.69,15.05,124406,0.0,0.0,0.0,0.0,0.0
2007-05-22 16:00:00-04:00,15.01,15.17,14.91,15.15,128178,0.0,0.0,0.0,0.0,0.0
2007-05-23 16:00:00-04:00,15.2,15.23,14.96,15.07,93469,0.0,0.0,0.0,0.0,0.0
2007-05-24 16:00:00-04:00,15.03,15.14,14.79,14.84,83761,0.0,0.0,0.0,0.0,0.0
2007-05-25 16:00:00-04:00,14.87,14.94,14.77,14.91,99658,0.0,0.0,0.0,0.0,0.0
2007-05-29 16:00:00-04:00,14.91,15.0,14.82,14.88,105668,0.0,0.0,0.0,0.0,0.0
2007-05-30 16:00:00-04:00,14.73,14.804,14.63,14.73,181025,0.0,0.0,0.0,0.0,0.0
2007-05-31 16:00:00-04:00,14.79,14.79,14.58,14.72,179919,0.0,0.0,0.0,0.0,0.0
2007-06-01 16:00:00-04:00,14.82,15.0,14.72,14.99,281732,0.0,0.0,0.0,0.0,0.0
2007-06-04 16:00:00-04:00,14.93,14.99,14.91,14.99,100079,0.0,0.0,0.0,0.0,0.0
2007-06-05 16:00:00-04:00,14.9,14.96,14.69,14.75,161334,0.0,0.0,0.0,0.0,0.0
2007-06-06 16:00:00-04:00,14.66,14.71,14.6,14.7,102869,0.0,0.0,0.0,0.0,0.0
2007-06-07 16:00:00-04:00,14.64,14.68,14.47,14.51,132046,0.0,0.0,0.0,0.0,0.0
2007-06-08 16:00:00-04:00,14.46,14.75,14.46,14.71,67065,0.0,0.0,0.0,0.0,0.0
2007-06-11 16:00:00-04:00,14.64,14.79,14.61,14.65,78286,0.0,0.0,0.0,0.0,0.0
2007-06-12 16:00:00-04:00,14.57,14.71,14.42,14.43,128018,0.0,0.0,0.0,0.0,0.0
2007-06-13 16:00:00-04:00,14.49,14.74,14.4,14.67,89132,0.0,0.0,0.0,0.0,0.0
2007-06-14 16:00:00-04:00,14.65,15.03,14.65,14.76,108499,0.0,0.0,0.0,0.0,0.0
2007-06-15 16:00:00-04:00,14.99,15.08,14.64,14.97,290984,0.0,0.0,0.0,0.0,0.0
2007-06-18 16:00:00-04:00,14.98,15.0,14.78,14.79,120662,0.0,0.0,0.0,0.0,0.0
2007-06-19 16:00:00-04:00,14.7,14.99,14.7,14.9,151297,0.0,0.0,0.0,0.0,0.0
2007-06-20 16:00:00-04:00,14.95,14.99,14.76,14.78,154017,0.0,0.0,0.0,0.0,0.0
2007-06-21 16:00:00-04:00,14.68,14.77,14.51,14.56,115864,0.0,0.0,0.0,0.0,0.0
2007-06-22 16:00:00-04:00,14.56,14.62,14.36,14.53,455126,0.0,0.0,0.0,0.0,0.0
2007-06-25 16:00:00-04:00,14.48,14.78,14.4,14.47,118287,0.0,0.0,0.0,0.0,0.0
2007-06-26 16:00:00-04:00,14.56,14.82,14.54,14.72,202031,0.0,0.0,0.0,0.0,0.0
2007-06-27 16:00:00-04:00,14.63,15.09,14.59,15.08,198065,0.0,0.0,0.0,0.0,0.0
2007-06-28 16:00:00-04:00,15.02,15.25,14.9,15.07,190516,0.0,0.0,0.0,0.0,0.0
2007-06-29 16:00:00-04:00,15.15,15.23,14.94,14.99,150819,0.0,0.0,0.0,0.0,0.0
2007-07-02 16:00:00-04:00,14.93,15.2,14.93,15.12,116961,0.0,0.0,0.0,0.0,0.0
2007-07-03 16:00:00-04:00,15.17,15.18,15.03,15.12,66307,0.0,0.0,0.0,0.0,0.0
2007-07-05 16:00:00-04:00,15.16,15.16,14.96,15.12,115590,0.0,0.0,0.0,0.0,0.0
2007-07-06 16:00:00-04:00,15.09,15.18,15.0,15.08,80925,0.0,0.0,0.0,0.0,0.0
2007-07-09 16:00:00-04:00,15.08,15.11,14.89,14.94,75710,0.0,0.0,0.0,0.0,0.0
2007-07-10 16:00:00-04:00,14.85,14.85,14.46,14.5,109264,0.0,0.0,0.0,0.0,0.0
2007-07-11 16:00:00-04:00,14.47,14.55,14.42,14.48,116124,0.0,0.0,0.0,0.0,0.0
2007-07-12 16:00:00-04:00,14.58,14.95,14.53,14.94,89605,0.0,0.0,0.0,0.0,0.0
2007-07-13 16:00:00-04:00,14.88,14.91,14.79,14.84,40507,0.0,0.0,0.0,0.0,0.0
2007-07-16 16:00:00-04:00,14.8,14.86,14.57,14.62,82199,0.0,0.0,0.0,0.0,0.0
2007-07-17 16:00:00-04:00,14.62,14.87,14.62,14.7,136879,0.0,0.0,0.0,0.0,0.0
2007-07-18 16:00:00-04:00,14.6,14.7,14.26,14.42,118150,0.0,0.0,0.0,0.0,0.0
2007-07-19 16:00:00-04:00,14.5,14.65,14.35,14.36,86046,0.0,0.0,0.0,0.0,0.0
2007-07-20 16:00:00-04:00,14.33,14.39,13.8,13.84,171766,0.0,0.0,0.0,0.0,0.0
2007-07-23 16:00:00-04:00,13.87,14.1,13.82,13.96,168017,0.0,0.0,0.0,0.0,0.0
2007-07-24 16:00:00-04:00,13.82,13.94,13.28,13.3,151244,0.0,0.0,0.0,0.0,0.0
2007-07-25 16:00:00-04:00,13.49,13.59,12.68,12.77,348768,0.0,0.0,0.0,0.0,0.0
2007-07-26 16:00:00-04:00,12.56,12.56,12.04,12.39,266593,0.0,0.0,0.0,0.0,0.0
2007-07-27 16:00:00-04:00,12.32,12.51,12.07,12.25,223884,0.0,0.0,0.0,0.0,0.0
2007-07-30 16:00:00-04:00,12.26,12.49,12.04,12.45,245983,0.0,0.0,0.0,0.0,0.0
2007-07-31 16:00:00-04:00,12.56,12.61,12.16,12.23,219065,0.0,0.0,0.0,0.0,0.0
2007-08-01 16:00:00-04:00,12.2,12.84,12.03,12.41,248680,0.0,0.0,0.0,0.0,0.0
2007-08-02 16:00:00-04:00,12.46,12.54,12.25,12.44,186914,0.0,0.0,0.0,0.0,0.0
2007-08-03 16:00:00-04:00,12.46,12.46,11.36,11.4,229113,0.0,0.0,0.0,0.0,0.0
2007-08-06 16:00:00-04:00,11.48,11.76,11.08,11.64,284141,0.0,0.0,0.0,0.0,0.0
2007-08-07 16:00:00-04:00,11.55,11.79,11.37,11.43,398635,0.0,0.0,0.0,0.0,0.0
2007-08-08 16:00:00-04:00,11.5,11.89,10.62,10.86,671942,0.0,0.0,0.0,0.0,0.0
2007-08-09 16:00:00-04:00,10.24,10.88,10.24,10.76,442587,0.0,0.0,0.0,0.0,0.0
2007-08-10 16:00:00-04:00,10.62,11.78,10.5,11.61,616249,0.0,0.0,0.0,0.0,0.0
2007-08-13 16:00:00-04:00,11.79,12.2,11.66,11.7,331978,0.0,0.0,0.0,0.0,0.0
2007-08-14 16:00:00-04:00,11.77,12.1,11.66,11.67,348471,0.0,0.0,0.0,0.0,0.0
2007-08-15 16:00:00-04:00,11.69,12.24,11.69,11.84,540252,0.0,0.0,0.0,0.0,0.0
2007-08-16 16:00:00-04:00,11.77,12.8,11.77,12.8,379556,0.0,0.0,0.0,0.0,0.0
2007-08-17 16:00:00-04:00,13.27,13.61,12.92,13.41,294404,0.0,0.0,0.0,0.0,0.0
2007-08-20 16:00:00-04:00,13.44,13.62,12.98,13.48,166012,0.0,0.0,0.0,0.0,0.0
2007-08-21 16:00:00-04:00,13.5,13.63,13.33,13.52,193926,0.0,0.0,0.0,0.0,0.0
2007-08-22 16:00:00-04:00,13.68,13.76,13.35,13.49,208297,0.0,0.0,0.0,0.0,0.0
2007-08-23 16:00:00-04:00,13.54,13.6,13.03,13.25,194978,0.0,0.0,0.0,0.0,0.0
2007-08-24 16:00:00-04:00,13.23,13.44,12.95,13.39,96027,0.0,0.0,0.0,0.0,0.0
2007-08-27 16:00:00-04:00,13.37,13.8,12.9,13.4,136300,0.0,0.0,0.0,0.0,0.0
2007-08-28 16:00:00-04:00,13.28,13.28,12.9,12.91,176394,0.0,0.0,0.0,0.0,0.0
2007-08-29 16:00:00-04:00,12.96,13.5,12.85,13.46,143135,0.0,0.0,0.0,0.0,0.0
2007-08-30 16:00:00-04:00,13.35,13.49,13.2,13.26,140604,0.0,0.0,0.0,0.0,0.0
2007-08-31 16:00:00-04:00,13.49,13.51,13.23,13.49,157924,0.0,0.0,0.0,0.0,0.0
2007-09-04 16:00:00-04:00,13.41,13.52,13.17,13.4,209267,0.0,0.0,0.0,0.0,0.0
2007-09-05 16:00:00-04:00,13.27,13.65,12.8,12.98,176848,0.0,0.0,0.0,0.0,0.0
2007-09-06 16:00:00-04:00,13.0,13.54,12.74,12.92,156452,0.0,0.0,0.0,0.0,0.0
2007-09-07 16:00:00-04:00,12.76,13.47,12.51,12.59,178454,0.0,0.0,0.0,0.0,0.0
2007-09-10 16:00:00-04:00,12.64,12.66,12.02,12.42,122014,0.0,0.0,0.0,0.0,0.0
2007-09-11 16:00:00-04:00,12.51,12.91,12.35,12.89,92605,0.0,0.0,0.0,0.0,0.0
2007-09-12 16:00:00-04:00,12.87,12.94,12.71,12.82,83098,0.0,0.0,0.0,0.0,0.0
2007-09-13 16:00:00-04:00,12.89,12.89,12.6,12.62,160053,0.0,0.0,0.0,0.0,0.0
2007-09-14 16:00:00-04:00,12.54,12.72,12.38,12.71,108581,0.0,0.0,0.0,0.0,0.0
2007-09-17 16:00:00-04:00,12.7,12.71,12.45,12.59,290968,0.0,0.0,0.0,0.0,0.0
2007-09-18 16:00:00-04:00,12.59,13.44,12.54,13.27,210611,0.0,0.0,0.0,0.0,0.0
2007-09-19 16:00:00-04:00,13.38,14.0,13.38,13.75,200377,0.0,0.0,0.0,0.0,0.0
2007-09-20 16:00:00-04:00,13.71,13.82,13.6,13.69,129053,0.0,0.0,0.0,0.0,0.0
2007-09-21 16:00:00-04:00,13.74,14.09,13.68,14.03,286416,0.0,0.0,0.0,0.0,0.0
2007-09-24 16:00:00-04:00,14.01,14.2,13.68,13.72,106442,0.0,0.0,0.0,0.0,0.0
2007-09-25 16:00:00-04:00,13.64,13.64,13.31,13.38,85715,0.0,0.0,0.0,0.0,0.0
2007-09-26 16:00:00-04:00,13.5,13.65,13.3,13.39,117805,0.0,0.0,0.0,0.0,0.0
2007-09-27 16:00:00-04:00,13.42,13.5,12.98,13.23,103387,0.0,0.0,0.0,0.0,0.0
2007-09-28 16:00:00-04:00,13.19,13.19,12.76,12.78,77225,0.0,0.0,0.0,0.0,0.0
2007-10-01 16:00:00-04:00,12.8,13.73,12.75,13.59,145026,0.0,0.0,0.0,0.0,0.0
2007-10-02 16:00:00-04:00,13.66,13.81,13.27,13.64,64137,0.0,0.0,0.0,0.0,0.0
2007-10-03 16:00:00-04:00,13.53,13.78,13.31,13.35,91711,0.0,0.0,0.0,0.0,0.0
2007-10-04 16:00:00-04:00,13.37,13.72,13.37,13.54,52091,0.0,0.0,0.0,0.0,0.0
2007-10-05 16:00:00-04:00,13.67,13.95,13.42,13.84,78883,0.0,0.0,0.0,0.0,0.0
2007-10-08 16:00:00-04:00,13.78,13.92,13.68,13.72,145830,0.0,0.0,0.0,0.0,0.0
2007-10-09 16:00:00-04:00,13.77,13.95,13.63,13.89,93272,0.0,0.0,0.0,0.0,0.0
2007-10-10 16:00:00-04:00,13.84,13.88,13.52,13.65,79285,0.0,0.0,0.0,0.0,0.0
2007-10-11 16:00:00-04:00,13.74,13.74,13.15,13.19,205154,0.0,0.0,0.0,0.0,0.0
2007-10-12 16:00:00-04:00,13.18,13.31,13.05,13.15,102004,0.0,0.0,0.0,0.0,0.0
2007-10-15 16:00:00-04:00,13.13,13.21,12.55,12.62,159601,0.0,0.0,0.0,0.0,0.0
2007-10-16 16:00:00-04:00,12.56,12.81,12.3,12.31,102792,0.0,0.0,0.0,0.0,0.0
2007-10-17 16:00:00-04:00,12.45,12.69,12.01,12.12,138231,0.0,0.0,0.0,0.0,0.0
2007-10-18 16:00:00-04:00,12.06,12.09,11.78,11.86,133608,0.0,0.0,0.0,0.0,0.0
2007-10-19 16:00:00-04:00,11.9,11.9,11.29,11.3,180883,0.0,0.0,0.0,0.0,0.0
2007-10-22 16:00:00-04:00,11.23,12.03,11.13,11.97,116661,0.0,0.0,0.0,0.0,0.0
2007-10-23 16:00:00-04:00,12.21,12.21,11.78,12.09,77878,0.0,0.0,0.0,0.0,0.0
2007-10-24 16:00:00-04:00,11.98,12.15,11.42,11.65,163387,0.0,0.0,0.0,0.0,0.0
2007-10-25 16:00:00-04:00,11.73,11.87,11.27,11.41,175996,0.0,0.0,0.0,0.0,0.0
2007-10-26 16:00:00-04:00,11.58,11.88,11.3,11.85,126721,0.0,0.0,0.0,0.0,0.0
2007-10-29 16:00:00-04:00,11.89,11.9,11.36,11.37,165714,0.0,0.0,0.0,0.0,0.0
2007-10-30 16:00:00-04:00,11.33,11.69,11.33,11.39,134625,0.0,0.0,0.0,0.0,0.0
2007-10-31 16:00:00-04:00,11.47,11.92,11.35,11.75,139247,0.0,0.0,0.0,0.0,0.0
2007-11-01 16:00:00-04:00,11.51,11.64,10.71,10.78,221258,0.0,0.0,0.0,0.0,0.0
2007-11-02 16:00:00-04:00,10.93,11.18,10.39,10.68,147370,0.0,0.0,0.0,0.0,0.0
2007-11-05 16:00:00-05:00,10.52,10.62,10.1106,10.36,149249,0.0,0.0,0.0,0.0,0.0
2007-11-06 16:00:00-05:00,10.42,10.85,10.17,10.84,125642,0.0,0.0,0.0,0.0,0.0
2007-11-07 16:00:00-05:00,10.68,10.75,10.03,10.12,166418,0.0,0.0,0.0,0.0,0.0
2007-11-08 16:00:00-05:00,10.23,10.81,10.13,10.76,135047,0.0,0.0,0.0,0.0,0.0
2007-11-09 16:00:00-05:00,10.63,11.21,10.23,11.09,172224,0.0,0.0,0.0,0.0,0.0
2007-11-12 16:00:00-05:00,11.1,11.89,11.1,11.54,166451,0.0,0.0,0.0,0.0,0.0
2007-11-13 16:00:00-05:00,11.65,12.38,11.51,12.36,122345,0.0,0.0,0.0,0.0,0.0
2007-11-14 16:00:00-05:00,12.46,12.54,11.57,11.71,112199,0.0,0.0,0.0,0.0,0.0
2007-11-15 16:00:00-05:00,11.63,11.84,11.24,11.48,101596,0.0,0.0,0.0,0.0,0.0
2007-11-16 16:00:00-05:00,11.51,11.8,11.22,11.31,156824,0.0,0.0,0.0,0.0,0.0
2007-11-19 16:00:00-05:00,11.17,11.17,10.75,10.76,154947,0.0,0.0,0.0,0.0,0.0
2007-11-20 16:00:00-05:00,10.74,11.26,10.57,11.21,188052,0.0,0.0,0.0,0.0,0.0
2007-11-21 16:00:00-05:00,11.17,11.48,10.92,10.94,143873,0.0,0.0,0.0,0.0,0.0
2007-11-23 16:00:00-05:00,11.07,11.68,11.07,11.46,51465,0.0,0.0,0.0,0.0,0.0
2007-11-26 16:00:00-05:00,11.46,11.46,10.54,10.57,103610,0.0,0.0,0.0,0.0,0.0
2007-11-27 16:00:00-05:00,10.61,10.94,10.51,10.82,130452,0.0,0.0,0.0,0.0,0.0
2007-11-28 16:00:00-05:00,10.96,11.66,10.96,11.54,154610,0.0,0.0,0.0,0.0,0.0
2007-11-29 16:00:00-05:00,11.52,11.65,11.32,11.42,66004,0.0,0.0,0.0,0.0,0.0
2007-11-30 16:00:00-05:00,11.61,11.78,11.24,11.48,199315,0.0,0.0,0.0,0.0,0.0
2007-12-03 16:00:00-05:00,11.46,11.64,11.25,11.25,73937,0.0,0.0,0.0,0.0,0.0
2007-12-04 16:00:00-05:00,11.13,11.21,10.9,11.04,89447,0.0,0.0,0.0,0.0,0.0
2007-12-05 16:00:00-05:00,11.13,11.35,10.88,11.22,68491,0.0,0.0,0.0,0.0,0.0
2007-12-06 16:00:00-05:00,11.21,12.05,11.21,12.05,80464,0.0,0.0,0.0,0.0,0.0
2007-12-07 16:00:00-05:00,12.11,12.11,10.96,11.78,86951,0.0,0.0,0.0,0.0,0.0
2007-12-10 16:00:00-05:00,11.85,12.03,11.4,11.86,71722,0.0,0.0,0.0,0.0,0.0
2007-12-11 16:00:00-05:00,11.94,12.49,11.42,11.43,111667,0.0,0.0,0.0,0.0,0.0
2007-12-12 16:00:00-05:00,11.81,11.98,11.14,11.42,98172,0.0,0.0,0.0,0.0,0.0
2007-12-13 16:00:00-05:00,11.31,11.75,11.1,11.74,93675,0.0,0.0,0.0,0.0,0.0
2007-12-14 16:00:00-05:00,11.54,11.73,10.82,10.85,89426,0.0,0.0,0.0,0.0,0.0
2007-12-17 16:00:00-05:00,10.76,10.96,10.47,10.57,103525,0.0,0.0,0.0,0.0,0.0
2007-12-18 16:00:00-05:00,10.7,11.42,10.39,11.34,139474,0.0,0.0,0.0,0.0,0.0
2007-12-19 16:00:00-05:00,11.26,11.51,10.91,11.18,77126,0.0,0.0,0.0,0.0,0.0
2007-12-20 16:00:00-05:00,11.3,11.54,10.82,11.51,112230,0.0,0.0,0.0,0.0,0.0
2007-12-21 16:00:00-05:00,11.97,12.6625,11.87,12.66,496488,0.0,0.0,0.0,0.0,0.0
2007-12-24 16:00:00-05:00,12.73,12.99,12.5,12.65,71766,0.0,0.0,0.0,0.0,0.0
2007-12-26 16:00:00-05:00,12.48,12.54,12.19,12.2,143797,0.0,0.0,0.0,0.0,0.0
2007-12-27 16:00:00-05:00,12.19,12.48,11.73,11.73,94934,0.0,0.0,0.0,0.0,0.0
2007-12-28 16:00:00-05:00,11.95,12.16,11.41,11.54,126936,0.0,0.0,0.0,0.0,0.0
2007-12-31 16:00:00-05:00,11.43,11.86,11.08,11.4,111437,0.0,0.0,0.0,0.0,0.0
2008-01-02 16:00:00-05:00,11.37,11.54,10.85,11.19,149405,0.0,0.0,0.0,0.0,0.0
2008-01-03 16:00:00-05:00,11.29,11.66,10.9,10.9,98039,0.0,0.0,0.0,0.0,0.0
2008-01-04 16:00:00-05:00,10.75,11.08,10.65,10.7,149280,0.0,0.0,0.0,0.0,0.0
2008-01-07 16:00:00-05:00,10.77,11.39,10.71,10.89,148230,0.0,0.0,0.0,0.0,0.0
2008-01-08 16:00:00-05:00,10.92,11.298,10.21,10.23,154230,0.0,0.0,0.0,0.0,0.0
2008-01-09 16:00:00-05:00,10.23,10.77,10.0,10.76,233705,0.0,0.0,0.0,0.0,0.0
2008-01-10 16:00:00-05:00,10.57,11.23,10.49,10.91,182278,0.0,0.0,0.0,0.0,0.0
2008-01-11 16:00:00-05:00,10.8,10.85,10.19,10.19,142519,0.0,0.0,0.0,0.0,0.0
2008-01-14 16:00:00-05:00,10.34,10.81,10.27,10.64,117659,0.0,0.0,0.0,0.0,0.0
2008-01-15 16:00:00-05:00,10.73,10.83,10.14,10.64,101871,0.0,0.0,0.0,0.0,0.0
2008-01-16 16:00:00-05:00,10.59,11.53,10.3,11.0,174870,0.0,0.0,0.0,0.0,0.0
2008-01-17 16:00:00-05:00,11.06,11.28,10.3,10.32,98512,0.0,0.0,0.0,0.0,0.0
2008-01-18 16:00:00-05:00,10.26,10.79,10.17,10.35,182854,0.0,0.0,0.0,0.0,0.0
2008-01-22 16:00:00-05:00,10.0,11.07,9.87,10.36,141541,0.0,0.0,0.0,0.0,0.0
2008-01-23 16:00:00-05:00,10.08,11.4,10.07,11.02,194611,0.0,0.0,0.0,0.0,0.0
2008-01-24 16:00:00-05:00,11.05,11.38,10.43,10.48,152432,0.0,0.0,0.0,0.0,0.0
2008-01-25 16:00:00-05:00,10.65,10.9,10.16,10.4,175219,0.0,0.0,0.0,0.0,0.0
2008-01-28 16:00:00-05:00,10.36,11.05,10.19,10.95,204381,0.0,0.0,0.0,0.0,0.0
2008-01-29 16:00:00-05:00,11.18,11.18,10.58,10.84,127240,0.0,0.0,0.0,0.0,0.0
2008-01-30 16:00:00-05:00,11.0,11.45,10.78,10.85,221309,0.0,0.0,0.0,0.0,0.0
2008-01-31 16:00:00-05:00,10.56,11.7,10.49,11.64,249423,0.0,0.0,0.0,0.0,0.0
2008-02-01 16:00:00-05:00,11.71,11.88,11.42,11.73,168128,0.0,0.0,0.0,0.0,0.0
2008-02-04 16:00:00-05:00,11.7,11.99,11.64,11.82,237448,0.0,0.0,0.0,0.0,0.0
2008-02-05 16:00:00-05:00,11.6,12.0,11.37,11.48,116136,0.0,0.0,0.0,0.0,0.0
2008-02-06 16:00:00-05:00,11.6,12.01,11.39,11.49,115828,0.0,0.0,0.0,0.0,0.0
2008-02-07 16:00:00-05:00,11.4,12.05,11.4,11.98,87319,0.0,0.0,0.0,0.0,0.0
2008-02-08 16:00:00-05:00,12.04,12.1,11.38,11.56,116009,0.0,0.0,0.0,0.0,0.0
2008-02-11 16:00:00-05:00,11.54,11.85,11.25,11.59,112053,0.0,0.0,0.0,0.0,0.0
2008-02-12 16:00:00-05:00,11.67,12.06,11.63,11.88,103656,0.0,0.0,0.0,0.0,0.0
2008-02-13 16:00:00-05:00,12.02,12.25,11.85,12.21,96075,0.0,0.0,0.0,0.0,0.0
2008-02-14 16:00:00-05:00,12.25,12.25,11.49,11.64,100411,0.0,0.0,0.0,0.0,0.0
2008-02-15 16:00:00-05:00,11.53,11.8,11.31,11.51,118030,0.0,0.0,0.0,0.0,0.0
2008-02-19 16:00:00-05:00,11.69,11.868,11.39,11.47,73012,0.0,0.0,0.0,0.0,0.0
2008-02-20 16:00:00-05:00,11.37,12.11,11.37,12.05,117500,0.0,0.0,0.0,0.0,0.0
2008-02-21 16:00:00-05:00,12.16,12.47,11.94,11.94,135927,0.0,0.0,0.0,0.0,0.0
2008-02-22 16:00:00-05:00,11.93,12.09,11.61,11.93,149876,0.0,0.0,0.0,0.0,0.0
2008-02-25 16:00:00-05:00,11.91,12.31,11.66,12.23,131151,0.0,0.0,0.0,0.0,0.0
2008-02-26 16:00:00-05:00,12.12,12.7,11.8,12.52,199718,0.0,0.0,0.0,0.0,0.0
2008-02-27 16:00:00-05:00,12.42,12.52,11.87,11.95,135215,0.0,0.0,0.0,0.0,0.0
2008-02-28 16:00:00-05:00,11.83,12.31,11.785,12.01,122064,0.0,0.0,0.0,0.0,0.0
2008-02-29 16:00:00-05:00,11.83,11.86,11.45,11.59,193341,0.0,0.0,0.0,0.0,0.0
2008-03-03 16:00:00-05:00,11.61,11.83,11.05,11.42,155049,0.0,0.0,0.0,0.0,0.0
2008-03-04 16:00:00-05:00,11.28,11.39,11.01,11.25,542477,0.0,0.0,0.0,0.0,0.0
2008-03-05 16:00:00-05:00,11.26,11.42,10.93,11.12,612656,0.0,0.0,0.0,0.0,0.0
2008-03-06 16:00:00-05:00,11.04,11.27,10.74,10.75,87002,0.0,0.0,0.0,0.0,0.0
2008-03-07 16:00:00-05:00,10.55,11.35,10.55,11.08,109667,0.0,0.0,0.0,0.0,0.0
2008-03-10 16:00:00-04:00,11.14,11.32,11.02,11.15,146540,0.0,0.0,0.0,0.0,0.0
2008-03-11 16:00:00-04:00,11.49,12.16,11.49,12.16,152204,0.0,0.0,0.0,0.0,0.0
2008-03-12 16:00:00-04:00,12.2,13.06,12.08,12.15,346031,0.0,0.0,0.0,0.0,0.0
2008-03-13 16:00:00-04:00,11.95,12.99,11.95,12.78,220967,0.0,0.0,0.0,0.0,0.0
2008-03-14 16:00:00-04:00,12.86,12.86,11.92,12.21,125664,0.0,0.0,0.0,0.0,0.0
2008-03-17 16:00:00-04:00,11.85,12.9,11.72,12.46,129199,0.0,0.0,0.0,0.0,0.0
2008-03-18 16:00:00-04:00,12.78,13.58,12.63,13.56,267496,0.0,0.0,0.0,0.0,0.0
2008-03-19 16:00:00-04:00,13.54,13.61,12.57,12.97,195933,0.0,0.0,0.0,0.0,0.0
2008-03-20 16:00:00-04:00,13.18,13.5,12.23,13.44,475419,0.0,0.0,0.0,0.0,0.0
2008-03-24 16:00:00-04:00,13.52,13.69,12.95,13.45,200577,0.0,0.0,0.0,0.0,0.0
2008-03-25 16:00:00-04:00,13.47,13.81,12.95,13.81,100493,0.0,0.0,0.0,0.0,0.0
2008-03-26 16:00:00-04:00,13.71,13.71,13.24,13.59,138410,0.0,0.0,0.0,0.0,0.0
2008-03-27 16:00:00-04:00,13.66,13.76,13.03,13.3,164109,0.0,0.0,0.0,0.0,0.0
2008-03-28 16:00:00-04:00,13.42,13.42,13.08,13.16,178401,0.0,0.0,0.0,0.0,0.0
2008-03-31 16:00:00-04:00,13.21,13.87,12.78,13.45,174488,0.0,0.0,0.0,0.0,0.0
2008-04-01 16:00:00-04:00,13.76,14.0,13.39,13.8,235137,0.0,0.0,0.0,0.0,0.0
2008-04-02 16:00:00-04:00,13.82,13.99,13.27,13.88,165706,0.0,0.0,0.0,0.0,0.0
2008-04-03 16:00:00-04:00,13.38,13.76,13.0,13.65,224284,0.0,0.0,0.0,0.0,0.0
2008-04-04 16:00:00-04:00,13.69,13.77,13.2,13.29,123798,0.0,0.0,0.0,0.0,0.0
2008-04-07 16:00:00-04:00,13.44,13.71,13.17,13.34,115059,0.0,0.0,0.0,0.0,0.0
2008-04-08 16:00:00-04:00,13.26,13.49,12.7,13.39,103645,0.0,0.0,0.0,0.0,0.0
2008-04-09 16:00:00-04:00,13.45,13.5,12.94,13.01,140116,0.0,0.0,0.0,0.0,0.0
2008-04-10 16:00:00-04:00,13.01,13.46,12.79,13.26,93530,0.0,0.0,0.0,0.0,0.0
2008-04-11 16:00:00-04:00,12.75,13.24,12.75,12.86,100142,0.0,0.0,0.0,0.0,0.0
2008-04-14 16:00:00-04:00,11.47,12.52,11.37,12.18,248790,0.0,0.0,0.0,0.0,0.0
2008-04-15 16:00:00-04:00,12.29,12.76,12.132,12.72,120702,0.0,0.0,0.0,0.0,0.0
2008-04-16 16:00:00-04:00,12.84,13.41,12.59,13.33,141874,0.0,0.0,0.0,0.0,0.0
2008-04-17 16:00:00-04:00,13.23,13.5,13.04,13.39,79451,0.0,0.0,0.0,0.0,0.0
2008-04-18 16:00:00-04:00,13.73,13.99,13.42,13.78,155872,0.0,0.0,0.0,0.0,0.0
2008-04-21 16:00:00-04:00,13.67,13.81,13.37,13.51,97682,0.0,0.0,0.0,0.0,0.0
2008-04-22 16:00:00-04:00,13.33,13.33,12.86,13.24,159704,0.0,0.0,0.0,0.0,0.0
2008-04-23 16:00:00-04:00,13.31,13.31,12.84,12.96,123666,0.0,0.0,0.0,0.0,0.0
2008-04-24 16:00:00-04:00,12.99,13.86,12.87,13.68,74365,0.0,0.0,0.0,0.0,0.0
2008-04-25 16:00:00-04:00,13.71,13.75,13.23,13.64,65297,0.0,0.0,0.0,0.0,0.0
2008-04-28 16:00:00-04:00,13.49,13.79,13.42,13.53,121395,0.0,0.0,0.0,0.0,0.0
2008-04-29 16:00:00-04:00,13.68,13.71,13.35,13.47,73514,0.0,0.0,0.0,0.0,0.0
2008-04-30 16:00:00-04:00,13.53,13.53,12.83,13.12,151513,0.0,0.0,0.0,0.0,0.0
2008-05-01 16:00:00-04:00,13.1,13.47,12.98,13.46,118275,0.0,0.0,0.0,0.0,0.0
2008-05-02 16:00:00-04:00,13.6,13.6,13.02,13.15,125501,0.0,0.0,0.0,0.0,0.0
2008-05-05 16:00:00-04:00,13.12,13.22,12.82,12.99,114631,0.0,0.0,0.0,0.0,0.0
2008-05-06 16:00:00-04:00,12.91,13.13,12.67,12.91,91520,0.0,0.0,0.0,0.0,0.0
2008-05-07 16:00:00-04:00,12.94,13.02,11.96,12.04,123149,0.0,0.0,0.0,0.0,0.0
2008-05-08 16:00:00-04:00,12.11,12.189,11.67,11.77,84717,0.0,0.0,0.0,0.0,0.0
2008-05-09 16:00:00-04:00,11.65,11.9,11.6,11.74,91725,0.0,0.0,0.0,0.0,0.0
2008-05-12 16:00:00-04:00,11.78,12.02,11.63,11.96,88394,0.0,0.0,0.0,0.0,0.0
2008-05-13 16:00:00-04:00,11.98,12.0,11.59,11.81,77999,0.0,0.0,0.0,0.0,0.0
2008-05-14 16:00:00-04:00,11.83,11.91,11.59,11.62,106085,0.0,0.0,0.0,0.0,0.0
2008-05-15 16:00:00-04:00,11.61,11.85,11.5,11.74,69240,0.0,0.0,0.0,0.0,0.0
2008-05-16 16:00:00-04:00,11.82,11.83,11.34,11.75,176453,0.0,0.0,0.0,0.0,0.0
2008-05-19 16:00:00-04:00,11.72,11.73,11.45,11.58,186690,0.0,0.0,0.0,0.0,0.0
2008-05-20 16:00:00-04:00,11.5,11.6,11.35,11.47,68515,0.0,0.0,0.0,0.0,0.0
2008-05-21 16:00:00-04:00,11.52,11.6,11.35,11.47,79908,0.0,0.0,0.0,0.0,0.0
2008-05-22 16:00:00-04:00,11.49,11.83,11.35,11.67,117321,0.0,0.0,0.0,0.0,0.0
2008-05-23 16:00:00-04:00,11.59,11.71,11.38,11.49,101631,0.0,0.0,0.0,0.0,0.0
2008-05-27 16:00:00-04:00,11.5,11.78,11.39,11.58,109330,0.0,0.0,0.0,0.0,0.0
2008-05-28 16:00:00-04:00,11.62,11.725,11.16,11.3,86393,0.0,0.0,0.0,0.0,0.0
2008-05-29 16:00:00-04:00,11.24,11.72,11.2,11.59,106256,0.0,0.0,0.0,0.0,0.0
2008-05-30 16:00:00-04:00,11.51,11.51,10.74,11.39,226141,0.0,0.0,0.0,0.0,0.0
2008-06-02 16:00:00-04:00,11.36,11.945,11.29,11.51,150052,0.0,0.0,0.0,0.0,0.0
2008-06-03 16:00:00-04:00,11.53,11.91,11.31,11.73,343334,0.0,0.0,0.0,0.0,0.0
2008-06-04 16:00:00-04:00,11.66,11.93,11.55,11.57,78509,0.0,0.0,0.0,0.0,0.0
2008-06-05 16:00:00-04:00,11.58,11.77,11.57,11.7,106815,0.0,0.0,0.0,0.0,0.0
2008-06-06 16:00:00-04:00,11.6,11.87,11.05,11.1,69912,0.0,0.0,0.0,0.0,0.0
2008-06-09 16:00:00-04:00,11.16,11.23,10.89,11.03,109250,0.0,0.0,0.0,0.0,0.0
2008-06-10 16:00:00-04:00,10.83,11.22,10.76,10.95,97025,0.0,0.0,0.0,0.0,0.0
2008-06-11 16:00:00-04:00,10.9,11.06,10.57,10.68,119389,0.0,0.0,0.0,0.0,0.0
2008-06-12 16:00:00-04:00,10.81,11.14,10.66,10.69,74647,0.0,0.0,0.0,0.0,0.0
2008-06-13 16:00:00-04:00,10.83,10.92,10.21,10.52,93340,0.0,0.0,0.0,0.0,0.0
2008-06-16 16:00:00-04:00,10.5,10.75,10.39,10.65,105001,0.0,0.0,0.0,0.0,0.0
2008-06-17 16:00:00-04:00,10.68,10.68,10.16,10.39,192123,0.0,0.0,0.0,0.0,0.0
2008-06-18 16:00:00-04:00,10.36,10.61,10.18,10.44,154912,0.0,0.0,0.0,0.0,0.0
2008-06-19 16:00:00-04:00,10.48,10.66,10.13,10.65,200715,0.0,0.0,0.0,0.0,0.0
2008-06-20 16:00:00-04:00,10.61,11.1,10.47,10.65,340354,0.0,0.0,0.0,0.0,0.0
2008-06-23 16:00:00-04:00,10.7,10.9,9.91,9.97,155149,0.0,0.0,0.0,0.0,0.0
2008-06-24 16:00:00-04:00,9.85,10.23,9.7,9.85,110470,0.0,0.0,0.0,0.0,0.0
2008-06-25 16:00:00-04:00,9.87,10.34,9.64,9.99,189000,0.0,0.0,0.0,0.0,0.0
2008-06-26 16:00:00-04:00,9.88,10.03,9.69,9.74,106649,0.0,0.0,0.0,0.0,0.0
2008-06-27 16:00:00-04:00,9.7,9.95,9.2937,9.3,844112,0.0,0.0,0.0,0.0,0.0
2008-06-30 16:00:00-04:00,9.29,9.36,9.16,9.2,260251,0.0,0.0,0.0,0.0,0.0
2008-07-01 16:00:00-04:00,9.11,9.49,9.01,9.37,205443,0.0,0.0,0.0,0.0,0.0
2008-07-02 16:00:00-04:00,9.38,9.56,9.0,9.12,233732,0.0,0.0,0.0,0.0,0.0
2008-07-03 16:00:00-04:00,9.14,9.28,8.95,8.97,81876,0.0,0.0,0.0,0.0,0.0
2008-07-07 16:00:00-04:00,9.01,9.14,8.38,8.58,149648,0.0,0.0,0.0,0.0,0.0
2008-07-08 16:00:00-04:00,8.62,9.3,8.48,9.25,183161,0.0,0.0,0.0,0.0,0.0
2008-07-09 16:00:00-04:00,9.2,9.38,8.71,8.75,143738,0.0,0.0,0.0,0.0,0.0
2008-07-10 16:00:00-04:00,8.73,9.19,8.73,9.07,197388,0.0,0.0,0.0,0.0,0.0
2008-07-11 16:00:00-04:00,8.9,9.26,8.69,9.23,149745,0.0,0.0,0.0,0.0,0.0
2008-07-14 16:00:00-04:00,9.46,9.5,8.62,8.64,148523,0.0,0.0,0.0,0.0,0.0
2008-07-15 16:00:00-04:00,8.52,8.75,8.08,8.1,356849,0.0,0.0,0.0,0.0,0.0
2008-07-16 16:00:00-04:00,8.15,8.73,8.08,8.7,425685,0.0,0.0,0.0,0.0,0.0
2008-07-17 16:00:00-04:00,8.75,9.35,8.75,9.33,347435,0.0,0.0,0.0,0.0,0.0
2008-07-18 16:00:00-04:00,9.28,9.59,8.92,9.5,187600,0.0,0.0,0.0,0.0,0.0
2008-07-21 16:00:00-04:00,9.59,9.75,9.37,9.38,135920,0.0,0.0,0.0,0.0,0.0
2008-07-22 16:00:00-04:00,9.34,10.21,9.28,10.14,184258,0.0,0.0,0.0,0.0,0.0
2008-07-23 16:00:00-04:00,10.11,10.66,10.05,10.43,125599,0.0,0.0,0.0,0.0,0.0
2008-07-24 16:00:00-04:00,10.48,10.7,10.04,10.13,85305,0.0,0.0,0.0,0.0,0.0
2008-07-25 16:00:00-04:00,10.27,10.86,10.24,10.38,152190,0.0,0.0,0.0,0.0,0.0
2008-07-28 16:00:00-04:00,10.31,10.36,9.969,10.11,117363,0.0,0.0,0.0,0.0,0.0
2008-07-29 16:00:00-04:00,10.16,11.36,10.05,11.19,134756,0.0,0.0,0.0,0.0,0.0
2008-07-30 16:00:00-04:00,11.73,11.99,11.29,11.55,314571,0.0,0.0,0.0,0.0,0.0
2008-07-31 16:00:00-04:00,11.29,11.63,10.73,11.3,217287,0.0,0.0,0.0,0.0,0.0
2008-08-01 16:00:00-04:00,11.29,11.79,11.1,11.56,194336,0.0,0.0,0.0,0.0,0.0
2008-08-04 16:00:00-04:00,11.73,12.25,11.22,11.88,211748,0.0,0.0,0.0,0.0,0.0
2008-08-05 16:00:00-04:00,12.13,12.29,11.9,12.21,178268,0.0,0.0,0.0,0.0,0.0
2008-08-06 16:00:00-04:00,12.11,12.18,11.74,11.93,210815,0.0,0.0,0.0,0.0,0.0
2008-08-07 16:00:00-04:00,11.76,12.2,11.76,11.94,191830,0.0,0.0,0.0,0.0,0.0
2008-08-08 16:00:00-04:00,11.98,12.68,11.97,12.38,152666,0.0,0.0,0.0,0.0,0.0
2008-08-11 16:00:00-04:00,12.39,13.24,12.24,12.78,224994,0.0,0.0,0.0,0.0,0.0
2008-08-12 16:00:00-04:00,12.68,13.05,12.58,13.01,249275,0.0,0.0,0.0,0.0,0.0
2008-08-13 16:00:00-04:00,13.07,13.3,12.76,13.14,328534,0.0,0.0,0.0,0.0,0.0
2008-08-14 16:00:00-04:00,12.95,13.39,12.95,13.25,120220,0.0,0.0,0.0,0.0,0.0
2008-08-15 16:00:00-04:00,13.46,13.68,13.12,13.4,270917,0.0,0.0,0.0,0.0,0.0
2008-08-18 16:00:00-04:00,13.4,13.47,12.9,13.05,132577,0.0,0.0,0.0,0.0,0.0
2008-08-19 16:00:00-04:00,12.9,13.18,12.84,13.18,141020,0.0,0.0,0.0,0.0,0.0
2008-08-20 16:00:00-04:00,13.23,13.29,12.65,12.82,177248,0.0,0.0,0.0,0.0,0.0
2008-08-21 16:00:00-04:00,12.54,12.97,12.54,12.66,165375,0.0,0.0,0.0,0.0,0.0
2008-08-22 16:00:00-04:00,12.85,13.066,12.46,12.95,207259,0.0,0.0,0.0,0.0,0.0
2008-08-25 16:00:00-04:00,12.84,12.93,12.46,12.6,140995,0.0,0.0,0.0,0.0,0.0
2008-08-26 16:00:00-04:00,12.58,12.98,12.58,12.9,117526,0.0,0.0,0.0,0.0,0.0
2008-08-27 16:00:00-04:00,12.94,13.09,12.87,13.0,187650,0.0,0.0,0.0,0.0,0.0
2008-08-28 16:00:00-04:00,13.14,13.28,12.87,13.1,260040,0.0,0.0,0.0,0.0,0.0
2008-08-29 16:00:00-04:00,13.06,13.2,12.66,13.02,139142,0.0,0.0,0.0,0.0,0.0
2008-09-02 16:00:00-04:00,13.26,13.28,12.32,12.4,636698,0.0,0.0,0.0,0.0,0.0
2008-09-03 16:00:00-04:00,12.35,12.81,12.1,12.33,620766,0.0,0.0,0.0,0.0,0.0
2008-09-04 16:00:00-04:00,12.18,12.74,12.06,12.17,199918,0.0,0.0,0.0,0.0,0.0
2008-09-05 16:00:00-04:00,12.07,12.36,11.82,12.14,236239,0.0,0.0,0.0,0.0,0.0
2008-09-08 16:00:00-04:00,12.83,13.11,12.45,12.69,210137,0.0,0.0,0.0,0.0,0.0
2008-09-09 16:00:00-04:00,12.52,12.91,12.16,12.28,195540,0.0,0.0,0.0,0.0,0.0
2008-09-10 16:00:00-04:00,12.4,12.74,12.08,12.52,215778,0.0,0.0,0.0,0.0,0.0
2008-09-11 16:00:00-04:00,12.18,12.84,12.1,12.79,190636,0.0,0.0,0.0,0.0,0.0
2008-09-12 16:00:00-04:00,12.57,13.25,12.11,13.25,147470,0.0,0.0,0.0,0.0,0.0
2008-09-15 16:00:00-04:00,12.62,13.2,12.54,12.59,155843,0.0,0.0,0.0,0.0,0.0
2008-09-16 16:00:00-04:00,12.23,13.69,12.23,13.69,362041,0.0,0.0,0.0,0.0,0.0
2008-09-17 16:00:00-04:00,13.23,13.3,12.55,12.63,269478,0.0,0.0,0.0,0.0,0.0
2008-09-18 16:00:00-04:00,12.92,15.0,12.38,14.8,323830,0.0,0.0,0.0,0.0,0.0
2008-09-19 16:00:00-04:00,17.46,18.0,13.11,14.18,755663,0.0,0.0,0.0,0.0,0.0
2008-09-22 16:00:00-04:00,14.0,14.5,13.12,13.8,128037,0.0,0.0,0.0,0.0,0.0
2008-09-23 16:00:00-04:00,13.9,14.0,13.35,13.98,172116,0.0,0.0,0.0,0.0,0.0
2008-09-24 16:00:00-04:00,13.77,14.68,13.75,13.95,151315,0.0,0.0,0.0,0.0,0.0
2008-09-25 16:00:00-04:00,14.32,14.35,13.61,13.9,119075,0.0,0.0,0.0,0.0,0.0
2008-09-26 16:00:00-04:00,13.66,14.32,13.01,13.99,111950,0.0,0.0,0.0,0.0,0.0
2008-09-29 16:00:00-04:00,13.56,14.61,12.84,13.95,139372,0.0,0.0,0.0,0.0,0.0
2008-09-30 16:00:00-04:00,14.5,15.0,13.01,14.6,190688,0.0,0.0,0.0,0.0,0.0
2008-10-01 16:00:00-04:00,14.6,14.79,13.69,14.3,129306,0.0,0.0,0.0,0.0,0.0
2008-10-02 16:00:00-04:00,14.22,14.355,13.73,14.14,50512,0.0,0.0,0.0,0.0,0.0
2008-10-03 16:00:00-04:00,14.49,15.0,13.89,13.89,61856,0.0,0.0,0.0,0.0,0.0
2008-10-06 16:00:00-04:00,13.42,14.3,13.42,14.0,138570,0.0,0.0,0.0,0.0,0.0
2008-10-07 16:00:00-04:00,14.05,14.16,12.39,12.52,152211,0.0,0.0,0.0,0.0,0.0
2008-10-08 16:00:00-04:00,11.95,14.29,11.78,13.13,130804,0.0,0.0,0.0,0.0,0.0
2008-10-09 16:00:00-04:00,13.47,13.47,11.54,11.58,210340,0.0,0.0,0.0,0.0,0.0
2008-10-10 16:00:00-04:00,11.17,13.07,10.27,13.01,212379,0.0,0.0,0.0,0.0,0.0
2008-10-13 16:00:00-04:00,13.98,13.98,12.75,13.94,173671,0.0,0.0,0.0,0.0,0.0
2008-10-14 16:00:00-04:00,14.5,14.5,13.4,13.9,169350,0.0,0.0,0.0,0.0,0.0
2008-10-15 16:00:00-04:00,13.44,14.0,12.7,12.9,128706,0.0,0.0,0.0,0.0,0.0
2008-10-16 16:00:00-04:00,12.97,13.95,12.08,13.86,246562,0.0,0.0,0.0,0.0,0.0
2008-10-17 16:00:00-04:00,13.17,13.89,12.58,12.69,240513,0.0,0.0,0.0,0.0,0.0
2008-10-20 16:00:00-04:00,12.72,13.03,12.22,12.89,96581,0.0,0.0,0.0,0.0,0.0
2008-10-21 16:00:00-04:00,12.6,13.23,12.15,12.42,109675,0.0,0.0,0.0,0.0,0.0
2008-10-22 16:00:00-04:00,12.09,12.59,11.7718,11.87,97951,0.0,0.0,0.0,0.0,0.0
2008-10-23 16:00:00-04:00,11.94,12.17,11.07,11.77,159087,0.0,0.0,0.0,0.0,0.0
2008-10-24 16:00:00-04:00,10.6,11.98,10.6,11.42,120058,0.0,0.0,0.0,0.0,0.0
2008-10-27 16:00:00-04:00,11.36,11.82,10.92,11.09,111498,0.0,0.0,0.0,0.0,0.0
2008-10-28 16:00:00-04:00,11.49,12.74,10.94,12.64,194134,0.0,0.0,0.0,0.0,0.0
2008-10-29 16:00:00-04:00,12.91,13.34,11.55,12.56,148557,0.0,0.0,0.0,0.0,0.0
2008-10-30 16:00:00-04:00,13.1,13.58,11.84,13.04,212501,0.0,0.0,0.0,0.0,0.0
2008-10-31 16:00:00-04:00,12.99,13.6,12.51,13.45,263418,0.0,0.0,0.0,0.0,0.0
2008-11-03 16:00:00-05:00,13.28,13.75,12.84,13.66,102329,0.0,0.0,0.0,0.0,0.0
2008-11-04 16:00:00-05:00,13.8,14.0,13.41,13.82,112679,0.0,0.0,0.0,0.0,0.0
2008-11-05 16:00:00-05:00,13.52,13.84,12.55,12.75,123295,0.0,0.0,0.0,0.0,0.0
2008-11-06 16:00:00-05:00,12.59,13.51,12.56,12.72,157774,0.0,0.0,0.0,0.0,0.0
2008-11-07 16:00:00-05:00,12.85,13.02,12.62,12.85,165737,0.0,0.0,0.0,0.0,0.0
2008-11-10 16:00:00-05:00,13.11,13.77,12.61,12.86,88796,0.0,0.0,0.0,0.0,0.0
2008-11-11 16:00:00-05:00,12.69,13.25,12.69,12.76,133478,0.0,0.0,0.0,0.0,0.0
2008-11-12 16:00:00-05:00,12.48,12.86,12.38,12.64,266843,0.0,0.0,0.0,0.0,0.0
2008-11-13 16:00:00-05:00,12.75,13.91,12.42,13.83,307410,0.0,0.0,0.0,0.0,0.0
2008-11-14 16:00:00-05:00,13.5,13.98,12.86,13.04,146941,0.0,0.0,0.0,0.0,0.0
2008-11-17 16:00:00-05:00,12.91,13.68,12.61,12.91,94410,0.0,0.0,0.0,0.0,0.0
2008-11-18 16:00:00-05:00,12.97,13.36,12.5,13.17,214861,0.0,0.0,0.0,0.0,0.0
2008-11-19 16:00:00-05:00,12.99,13.44,12.22,12.27,112840,0.0,0.0,0.0,0.0,0.0
2008-11-20 16:00:00-05:00,12.24,12.66,11.74,11.9,152291,0.0,0.0,0.0,0.0,0.0
2008-11-21 16:00:00-05:00,12.29,12.64,10.84,12.47,237182,0.0,0.0,0.0,0.0,0.0
2008-11-24 16:00:00-05:00,12.32,13.48,11.71,12.52,255379,0.0,0.0,0.0,0.0,0.0
2008-11-25 16:00:00-05:00,12.5,12.68,11.94,12.5,201110,0.0,0.0,0.0,0.0,0.0
2008-11-26 16:00:00-05:00,12.1,12.94,12.09,12.8,225032,0.0,0.0,0.0,0.0,0.0
2008-11-28 16:00:00-05:00,12.59,12.92,12.16,12.5,85275,0.0,0.0,0.0,0.0,0.0
2008-12-01 16:00:00-05:00,12.13,12.28,10.75,10.81,180160,0.0,0.0,0.0,0.0,0.0
2008-12-02 16:00:00-05:00,11.1,11.73,10.91,11.73,167440,0.0,0.0,0.0,0.0,0.0
2008-12-03 16:00:00-05:00,11.25,12.29,10.9,11.96,195710,0.0,0.0,0.0,0.0,0.0
2008-12-04 16:00:00-05:00,11.74,12.42,11.36,11.85,168957,0.0,0.0,0.0,0.0,0.0
2008-12-05 16:00:00-05:00,11.59,12.59,11.12,12.49,221435,0.0,0.0,0.0,0.0,0.0
2008-12-08 16:00:00-05:00,12.6,13.0,12.26,12.64,165359,0.0,0.0,0.0,0.0,0.0
2008-12-09 16:00:00-05:00,12.46,12.99,12.09,12.12,236454,0.0,0.0,0.0,0.0,0.0
2008-12-10 16:00:00-05:00,12.29,12.63,11.95,12.38,108806,0.0,0.0,0.0,0.0,0.0
2008-12-11 16:00:00-05:00,12.18,12.64,11.63,11.7,140479,0.0,0.0,0.0,0.0,0.0
2008-12-12 16:00:00-05:00,11.39,12.33,11.29,12.33,128525,0.0,0.0,0.0,0.0,0.0
2008-12-15 16:00:00-05:00,12.39,12.39,11.61,12.01,99889,0.0,0.0,0.0,0.0,0.0
2008-12-16 16:00:00-05:00,12.31,12.82,11.71,12.74,250258,0.0,0.0,0.0,0.0,0.0
2008-12-17 16:00:00-05:00,12.51,12.71,12.1916,12.59,158781,0.0,0.0,0.0,0.0,0.0
2008-12-18 16:00:00-05:00,12.56,13.08,11.91,12.66,94714,0.0,0.0,0.0,0.0,0.0
2008-12-19 16:00:00-05:00,13.07,13.39,11.97,12.16,399313,0.0,0.0,0.0,0.0,0.0
2008-12-22 16:00:00-05:00,12.2,12.47,11.8,12.32,140799,0.0,0.0,0.0,0.0,0.0
2008-12-23 16:00:00-05:00,12.46,12.61,12.14,12.26,76793,0.0,0.0,0.0,0.0,0.0
2008-12-24 16:00:00-05:00,12.31,12.59,12.07,12.3,55454,0.0,0.0,0.0,0.0,0.0
2008-12-26 16:00:00-05:00,12.43,12.5,12.18,12.41,28051,0.0,0.0,0.0,0.0,0.0
2008-12-29 16:00:00-05:00,12.42,12.44,12.09,12.37,53716,0.0,0.0,0.0,0.0,0.0
2008-12-30 16:00:00-05:00,12.54,12.64,12.13,12.62,94081,0.0,0.0,0.0,0.0,0.0
2008-12-31 16:00:00-05:00,12.65,12.68,11.96,12.39,239150,0.0,0.0,0.0,0.0,0.0
2009-01-02 16:00:00-05:00,12.43,12.49,11.81,12.1,167979,0.0,0.0,0.0,0.0,0.0
2009-01-05 16:00:00-05:00,12.15,12.15,11.38,11.44,164350,0.0,0.0,0.0,0.0,0.0
2009-01-06 16:00:00-05:00,11.58,11.76,11.27,11.49,127733,0.0,0.0,0.0,0.0,0.0
2009-01-07 16:00:00-05:00,11.37,11.39,10.85,11.12,97517,0.0,0.0,0.0,0.0,0.0
2009-01-08 16:00:00-05:00,11.04,11.35,10.89,11.18,103413,0.0,0.0,0.0,0.0,0.0
2009-01-09 16:00:00-05:00,11.12,11.12,10.13,10.22,116206,0.0,0.0,0.0,0.0,0.0
2009-01-12 16:00:00-05:00,10.25,10.37,9.88,9.89,80333,0.0,0.0,0.0,0.0,0.0
2009-01-13 16:00:00-05:00,9.89,10.2,9.73,10.17,91251,0.0,0.0,0.0,0.0,0.0
2009-01-14 16:00:00-05:00,9.91,10.04,9.44,9.55,128548,0.0,0.0,0.0,0.0,0.0
2009-01-15 16:00:00-05:00,9.57,9.73,8.95,9.33,150532,0.0,0.0,0.0,0.0,0.0
2009-01-16 16:00:00-05:00,9.36,9.51,8.86,9.22,146489,0.0,0.0,0.0,0.0,0.0
2009-01-20 16:00:00-05:00,9.06,9.27,8.15,8.18,144079,0.0,0.0,0.0,0.0,0.0
2009-01-21 16:00:00-05:00,8.27,8.78,7.89,8.73,141069,0.0,0.0,0.0,0.0,0.0
2009-01-22 16:00:00-05:00,8.53,8.74,8.1,8.35,192153,0.0,0.0,0.0,0.0,0.0
2009-01-23 16:00:00-05:00,8.15,8.68,8.11,8.67,121294,0.0,0.0,0.0,0.0,0.0
2009-01-26 16:00:00-05:00,8.66,8.99,8.462,8.7,105348,0.0,0.0,0.0,0.0,0.0
2009-01-27 16:00:00-05:00,8.71,9.14,8.69,8.92,114271,0.0,0.0,0.0,0.0,0.0
2009-01-28 16:00:00-05:00,9.1,9.44,9.1,9.32,160904,0.0,0.0,0.0,0.0,0.0
2009-01-29 16:00:00-05:00,9.25,9.25,8.11,8.56,131172,0.0,0.0,0.0,0.0,0.0
2009-01-30 16:00:00-05:00,8.65,8.83,8.02,8.12,215176,0.0,0.0,0.0,0.0,0.0
2009-02-02 16:00:00-05:00,8.03,8.48,7.98,8.43,112258,0.0,0.0,0.0,0.0,0.0
2009-02-03 16:00:00-05:00,8.48,8.64,8.12,8.36,72285,0.0,0.0,0.0,0.0,0.0
2009-02-04 16:00:00-05:00,8.34,8.59,8.26,8.3,80401,0.0,0.0,0.0,0.0,0.0
2009-02-05 16:00:00-05:00,8.26,8.79,8.22,8.42,170637,0.0,0.0,0.0,0.0,0.0
2009-02-06 16:00:00-05:00,8.39,8.91,8.39,8.72,159330,0.0,0.0,0.0,0.0,0.0
2009-02-09 16:00:00-05:00,8.66,9.3,8.66,9.12,104495,0.0,0.0,0.0,0.0,0.0
2009-02-10 16:00:00-05:00,9.03,9.26,8.09,8.13,114239,0.0,0.0,0.0,0.0,0.0
2009-02-11 16:00:00-05:00,8.15,8.76,8.15,8.59,81461,0.0,0.0,0.0,0.0,0.0
2009-02-12 16:00:00-05:00,8.42,8.8,8.22,8.7,169640,0.0,0.0,0.0,0.0,0.0
2009-02-13 16:00:00-05:00,8.4,8.79,8.4,8.62,182731,0.0,0.0,0.0,0.0,0.0
2009-02-17 16:00:00-05:00,8.44,8.44,7.99,7.99,102064,0.0,0.0,0.0,0.0,0.0
2009-02-18 16:00:00-05:00,8.17,8.34,7.88,8.21,108230,0.0,0.0,0.0,0.0,0.0
2009-02-19 16:00:00-05:00,8.31,8.5,8.0,8.07,82582,0.0,0.0,0.0,0.0,0.0
2009-02-20 16:00:00-05:00,7.94,8.4,7.42,8.07,161239,0.0,0.0,0.0,0.0,0.0
2009-02-23 16:00:00-05:00,8.12,8.12,7.64,7.73,136622,0.0,0.0,0.0,0.0,0.0
2009-02-24 16:00:00-05:00,7.82,8.38,7.58,8.15,258201,0.0,0.0,0.0,0.0,0.0
2009-02-25 16:00:00-05:00,8.11,8.4,7.74,7.92,154782,0.0,0.0,0.0,0.0,0.0
2009-02-26 16:00:00-05:00,7.97,8.35,7.97,8.05,258852,0.0,0.0,0.0,0.0,0.0
2009-02-27 16:00:00-05:00,7.89,8.21,7.67,7.69,123578,0.0,0.0,0.0,0.0,0.0
2009-03-02 16:00:00-05:00,7.57,7.84,7.45,7.55,186039,0.0,0.0,0.0,0.0,0.0
2009-03-03 16:00:00-05:00,7.67,7.75,6.61,6.69,280773,0.0,0.0,0.0,0.0,0.0
2009-03-04 16:00:00-05:00,6.84,6.85,6.4295,6.66,141468,0.0,0.0,0.0,0.0,0.0
2009-03-05 16:00:00-05:00,6.51,6.57,5.82,5.84,174551,0.0,0.0,0.0,0.0,0.0
2009-03-06 16:00:00-05:00,5.93,6.0,5.19,5.66,140369,0.0,0.0,0.0,0.0,0.0
2009-03-09 16:00:00-04:00,5.57,5.74,5.07,5.58,166190,0.0,0.0,0.0,0.0,0.0
2009-03-10 16:00:00-04:00,5.74,6.22,5.57,6.18,134858,0.0,0.0,0.0,0.0,0.0
2009-03-11 16:00:00-04:00,6.2,6.42,6.09,6.25,134539,0.0,0.0,0.0,0.0,0.0
2009-03-12 16:00:00-04:00,6.2,7.45,6.16,7.44,178513,0.0,0.0,0.0,0.0,0.0
2009-03-13 16:00:00-04:00,7.04,7.47,7.04,7.28,125684,0.0,0.0,0.0,0.0,0.0
2009-03-16 16:00:00-04:00,7.37,7.6,7.01,7.1,140371,0.0,0.0,0.0,0.0,0.0
2009-03-17 16:00:00-04:00,7.16,7.82,6.96,7.82,171217,0.0,0.0,0.0,0.0,0.0
2009-03-18 16:00:00-04:00,6.93,9.02,6.93,9.01,138911,0.0,0.0,0.0,0.0,0.0
2009-03-19 16:00:00-04:00,9.07,9.14,8.38,8.53,209068,0.0,0.0,0.0,0.0,0.0
2009-03-20 16:00:00-04:00,8.62,9.0,8.31,8.47,223163,0.0,0.0,0.0,0.0,0.0
2009-03-23 16:00:00-04:00,8.69,10.0,8.51,9.96,237737,0.0,0.0,0.0,0.0,0.0
2009-03-24 16:00:00-04:00,9.78,9.9895,9.08,9.15,232653,0.0,0.0,0.0,0.0,0.0
2009-03-25 16:00:00-04:00,9.2,9.88,8.66,9.43,169773,0.0,0.0,0.0,0.0,0.0
2009-03-26 16:00:00-04:00,9.6,9.91,9.35,9.91,121463,0.0,0.0,0.0,0.0,0.0
2009-03-27 16:00:00-04:00,9.68,10.07,9.32,9.38,138439,0.0,0.0,0.0,0.0,0.0
2009-03-30 16:00:00-04:00,9.09,9.32,8.75,8.98,126643,0.0,0.0,0.0,0.0,0.0
2009-03-31 16:00:00-04:00,9.13,9.93,9.13,9.53,166590,0.0,0.0,0.0,0.0,0.0
2009-04-01 16:00:00-04:00,9.49,9.91,9.22,9.71,169917,0.0,0.0,0.0,0.0,0.0
2009-04-02 16:00:00-04:00,9.95,10.675,9.64,10.02,233259,0.0,0.0,0.0,0.0,0.0
2009-04-03 16:00:00-04:00,10.02,10.4,9.85,10.36,79506,0.0,0.0,0.0,0.0,0.0
2009-04-06 16:00:00-04:00,10.19,10.19,9.54,10.01,158066,0.0,0.0,0.0,0.0,0.0
2009-04-07 16:00:00-04:00,9.83,10.05,9.47,9.49,173423,0.0,0.0,0.0,0.0,0.0
2009-04-08 16:00:00-04:00,9.54,9.8,9.26,9.66,102006,0.0,0.0,0.0,0.0,0.0
2009-04-09 16:00:00-04:00,9.9,10.93,9.9,10.89,192220,0.0,0.0,0.0,0.0,0.0
2009-04-13 16:00:00-04:00,10.71,11.56,10.63,11.52,118352,0.0,0.0,0.0,0.0,0.0
2009-04-14 16:00:00-04:00,11.3,11.53,10.17,10.32,239548,0.0,0.0,0.0,0.0,0.0
2009-04-15 16:00:00-04:00,10.21,11.09,10.21,11.04,145115,0.0,0.0,0.0,0.0,0.0
2009-04-16 16:00:00-04:00,11.17,11.34,10.74,11.28,127921,0.0,0.0,0.0,0.0,0.0
2009-04-17 16:00:00-04:00,11.34,12.0,11.14,11.92,129642,0.0,0.0,0.0,0.0,0.0
2009-04-20 16:00:00-04:00,11.58,11.78,10.63,10.75,147561,0.0,0.0,0.0,0.0,0.0
2009-04-21 16:00:00-04:00,10.7,11.57,10.61,11.55,130018,0.0,0.0,0.0,0.0,0.0
2009-04-22 16:00:00-04:00,11.32,11.99,11.18,11.3,97822,0.0,0.0,0.0,0.0,0.0
2009-04-23 16:00:00-04:00,11.34,11.34,10.64,11.01,139680,0.0,0.0,0.0,0.0,0.0
2009-04-24 16:00:00-04:00,11.09,11.65,10.95,11.4,139130,0.0,0.0,0.0,0.0,0.0
2009-04-27 16:00:00-04:00,11.19,11.21,10.52,10.79,115229,0.0,0.0,0.0,0.0,0.0
2009-04-28 16:00:00-04:00,10.0,11.07,10.0,10.51,96715,0.0,0.0,0.0,0.0,0.0
2009-04-29 16:00:00-04:00,11.06,11.73,10.47,11.11,144042,0.0,0.0,0.0,0.0,0.0
2009-04-30 16:00:00-04:00,11.25,11.94,10.62,10.79,191138,0.0,0.0,0.0,0.0,0.0
2009-05-01 16:00:00-04:00,10.79,11.06,10.36,10.47,163714,0.0,0.0,0.0,0.0,0.0
2009-05-04 16:00:00-04:00,10.54,11.09,10.52,11.07,124440,0.0,0.0,0.0,0.0,0.0
2009-05-05 16:00:00-04:00,10.97,11.0,10.34,10.61,158115,0.0,0.0,0.0,0.0,0.0
2009-05-06 16:00:00-04:00,10.76,10.99,10.51,10.93,116132,0.0,0.0,0.0,0.0,0.0
2009-05-07 16:00:00-04:00,11.05,11.23,10.37,10.49,124503,0.0,0.0,0.0,0.0,0.0
2009-05-08 16:00:00-04:00,10.69,11.48,10.55,11.47,117866,0.0,0.0,0.0,0.0,0.0
2009-05-11 16:00:00-04:00,11.26,11.26,10.92,11.0,106706,0.0,0.0,0.0,0.0,0.0
2009-05-12 16:00:00-04:00,11.04,11.17,10.45,10.6,128142,0.0,0.0,0.0,0.0,0.0
2009-05-13 16:00:00-04:00,10.39,10.52,9.97,10.0,102748,0.0,0.0,0.0,0.0,0.0
2009-05-14 16:00:00-04:00,10.08,10.2,9.78,10.06,92470,0.0,0.0,0.0,0.0,0.0
2009-05-15 16:00:00-04:00,10.05,10.14,9.52,9.6,108656,0.0,0.0,0.0,0.0,0.0
2009-05-18 16:00:00-04:00,9.72,10.3599,9.71,10.26,230931,0.0,0.0,0.0,0.0,0.0
2009-05-19 16:00:00-04:00,9.5,9.64,8.79,8.83,210101,0.0,0.0,0.0,0.0,0.0
2009-05-20 16:00:00-04:00,8.96,9.22,8.21,8.3,319985,0.0,0.0,0.0,0.0,0.0
2009-05-21 16:00:00-04:00,8.2,8.36,7.66,7.75,304185,0.0,0.0,0.0,0.0,0.0
2009-05-22 16:00:00-04:00,8.26,8.96,8.24,8.57,269911,0.0,0.0,0.0,0.0,0.0
2009-05-26 16:00:00-04:00,8.48,9.2,8.44,9.18,200291,0.0,0.0,0.0,0.0,0.0
2009-05-27 16:00:00-04:00,9.08,9.08,8.64,8.66,149384,0.0,0.0,0.0,0.0,0.0
2009-05-28 16:00:00-04:00,8.77,9.02,8.19,8.53,155959,0.0,0.0,0.0,0.0,0.0
2009-05-29 16:00:00-04:00,8.54,8.57,8.15,8.53,172317,0.0,0.0,0.0,0.0,0.0
2009-06-01 16:00:00-04:00,8.74,9.62,8.73,9.35,222478,0.0,0.0,0.0,0.0,0.0
2009-06-02 16:00:00-04:00,9.27,9.27,8.53,8.74,570849,0.0,0.0,0.0,0.0,0.0
2009-06-03 16:00:00-04:00,8.0,8.27,7.71,7.97,3341331,0.0,0.0,0.0,0.0,0.0
2009-06-04 16:00:00-04:00,7.91,8.05,7.7,8.03,460101,0.0,0.0,0.0,0.0,0.0
2009-06-05 16:00:00-04:00,8.07,8.23,7.85,8.05,363605,0.0,0.0,0.0,0.0,0.0
2009-06-08 16:00:00-04:00,8.0,8.15,7.838,8.09,242324,0.0,0.0,0.0,0.0,0.0
2009-06-09 16:00:00-04:00,8.12,8.12,7.85,7.87,117585,0.0,0.0,0.0,0.0,0.0
2009-06-10 16:00:00-04:00,7.84,8.05,7.43,7.54,257254,0.0,0.0,0.0,0.0,0.0
2009-06-11 16:00:00-04:00,7.53,7.72,7.37,7.49,283849,0.0,0.0,0.0,0.0,0.0
2009-06-12 16:00:00-04:00,7.44,7.64,7.34,7.54,187425,0.0,0.0,0.0,0.0,0.0
2009-06-15 16:00:00-04:00,7.55,7.55,7.21,7.48,252350,0.0,0.0,0.0,0.0,0.0
2009-06-16 16:00:00-04:00,7.59,7.71,7.29,7.35,350645,0.0,0.0,0.0,0.0,0.0
2009-06-17 16:00:00-04:00,7.33,7.75,7.3,7.57,284134,0.0,0.0,0.0,0.0,0.0
2009-06-18 16:00:00-04:00,7.53,7.81,7.48,7.7,132457,0.0,0.0,0.0,0.0,0.0
2009-06-19 16:00:00-04:00,7.85,8.21,7.65,8.11,525592,0.0,0.0,0.0,0.0,0.0
2009-06-22 16:00:00-04:00,8.02,8.0399,7.58,7.67,188830,0.0,0.0,0.0,0.0,0.0
2009-06-23 16:00:00-04:00,7.68,7.79,7.4,7.44,213079,0.0,0.0,0.0,0.0,0.0
2009-06-24 16:00:00-04:00,7.54,7.54,7.3506,7.43,157728,0.0,0.0,0.0,0.0,0.0
2009-06-25 16:00:00-04:00,7.44,7.72,7.36,7.71,148137,0.0,0.0,0.0,0.0,0.0
2009-06-26 16:00:00-04:00,7.68,7.9,7.57,7.8,592777,0.0,0.0,0.0,0.0,0.0
2009-06-29 16:00:00-04:00,7.76,7.9695,7.58,7.69,144598,0.0,0.0,0.0,0.0,0.0
2009-06-30 16:00:00-04:00,7.67,7.82,7.48,7.53,252393,0.0,0.0,0.0,0.0,0.0
2009-07-01 16:00:00-04:00,7.61,7.85,7.52,7.77,280661,0.0,0.0,0.0,0.0,0.0
2009-07-02 16:00:00-04:00,7.64,7.77,7.55,7.75,272108,0.0,0.0,0.0,0.0,0.0
2009-07-06 16:00:00-04:00,7.69,8.0,7.5,7.76,248598,0.0,0.0,0.0,0.0,0.0
2009-07-07 16:00:00-04:00,7.79,7.87,7.5,7.52,280082,0.0,0.0,0.0,0.0,0.0
2009-07-08 16:00:00-04:00,7.58,7.79,7.5,7.6,313738,0.0,0.0,0.0,0.0,0.0
2009-07-09 16:00:00-04:00,7.7,7.95,7.7,7.85,219495,0.0,0.0,0.0,0.0,0.0
2009-07-10 16:00:00-04:00,7.83,7.87,7.7,7.73,181169,0.0,0.0,0.0,0.0,0.0
2009-07-13 16:00:00-04:00,7.83,8.15,7.81,8.03,229725,0.0,0.0,0.0,0.0,0.0
2009-07-14 16:00:00-04:00,8.05,8.09,7.81,7.97,163291,0.0,0.0,0.0,0.0,0.0
2009-07-15 16:00:00-04:00,8.13,8.3,8.13,8.22,286321,0.0,0.0,0.0,0.0,0.0
2009-07-16 16:00:00-04:00,8.14,8.17,7.98,8.09,170640,0.0,0.0,0.0,0.0,0.0
2009-07-17 16:00:00-04:00,8.11,8.11,7.9,8.01,427749,0.0,0.0,0.0,0.0,0.0
2009-07-20 16:00:00-04:00,8.08,8.08,7.8,7.82,292602,0.0,0.0,0.0,0.0,0.0
2009-07-21 16:00:00-04:00,7.85,7.875,7.63,7.73,406865,0.0,0.0,0.0,0.0,0.0
2009-07-22 16:00:00-04:00,7.64,7.92,7.62,7.78,127876,0.0,0.0,0.0,0.0,0.0
2009-07-23 16:00:00-04:00,7.8,8.09,7.65,8.0,248610,0.0,0.0,0.0,0.0,0.0
2009-07-24 16:00:00-04:00,7.9,8.11,7.88,8.08,110938,0.0,0.0,0.0,0.0,0.0
2009-07-27 16:00:00-04:00,8.04,8.36,7.96,8.32,173466,0.0,0.0,0.0,0.0,0.0
2009-07-28 16:00:00-04:00,8.23,8.52,8.08,8.51,230028,0.0,0.0,0.0,0.0,0.0
2009-07-29 16:00:00-04:00,8.4,8.71,8.27,8.7,335416,0.0,0.0,0.0,0.0,0.0
2009-07-30 16:00:00-04:00,8.74,8.75,8.43,8.57,201235,0.0,0.0,0.0,0.0,0.0
2009-07-31 16:00:00-04:00,8.51,8.77,8.51,8.64,273460,0.0,0.0,0.0,0.0,0.0
2009-08-03 16:00:00-04:00,8.81,9.0,8.68,8.77,325999,0.0,0.0,0.0,0.0,0.0
2009-08-04 16:00:00-04:00,8.72,8.9,8.09,8.73,345752,0.0,0.0,0.0,0.0,0.0
2009-08-05 16:00:00-04:00,8.7,8.82,8.42,8.65,310351,0.0,0.0,0.0,0.0,0.0
2009-08-06 16:00:00-04:00,8.71,8.77,8.29,8.34,168891,0.0,0.0,0.0,0.0,0.0
2009-08-07 16:00:00-04:00,8.49,8.86,8.28,8.65,301382,0.0,0.0,0.0,0.0,0.0
2009-08-10 16:00:00-04:00,8.56,8.85,8.41,8.64,146318,0.0,0.0,0.0,0.0,0.0
2009-08-11 16:00:00-04:00,8.61,8.61,8.18,8.19,128589,0.0,0.0,0.0,0.0,0.0
2009-08-12 16:00:00-04:00,8.22,8.5,8.07,8.25,183882,0.0,0.0,0.0,0.0,0.0
2009-08-13 16:00:00-04:00,8.33,8.35,8.03,8.17,84789,0.0,0.0,0.0,0.0,0.0
2009-08-14 16:00:00-04:00,8.16,8.16,7.7735,7.89,232671,0.0,0.0,0.0,0.0,0.0
2009-08-17 16:00:00-04:00,7.72,7.85,7.42,7.62,229480,0.0,0.0,0.0,0.0,0.0
2009-08-18 16:00:00-04:00,7.69,7.9,7.57,7.83,205184,0.0,0.0,0.0,0.0,0.0
2009-08-19 16:00:00-04:00,7.74,7.98,7.73,7.9,159604,0.0,0.0,0.0,0.0,0.0
2009-08-20 16:00:00-04:00,7.9,8.16,7.9,8.1,138067,0.0,0.0,0.0,0.0,0.0
2009-08-21 16:00:00-04:00,8.21,8.52,8.01,8.36,241420,0.0,0.0,0.0,0.0,0.0
2009-08-24 16:00:00-04:00,8.41,8.53,8.11,8.18,123597,0.0,0.0,0.0,0.0,0.0
2009-08-25 16:00:00-04:00,8.2,8.36,8.04,8.27,207785,0.0,0.0,0.0,0.0,0.0
2009-08-26 16:00:00-04:00,8.24,8.54,8.09,8.38,186724,0.0,0.0,0.0,0.0,0.0
2009-08-27 16:00:00-04:00,8.34,8.57,8.25,8.36,160007,0.0,0.0,0.0,0.0,0.0
2009-08-28 16:00:00-04:00,8.42,8.59,8.29,8.5,298948,0.0,0.0,0.0,0.0,0.0
2009-08-31 16:00:00-04:00,8.49,8.66,8.42,8.44,1587628,0.0,0.0,0.0,0.0,0.0
2009-09-01 16:00:00-04:00,8.44,8.66,8.16,8.26,399903,0.0,0.0,0.0,0.0,0.0
2009-09-02 16:00:00-04:00,8.25,8.31,7.84,7.95,383087,0.0,0.0,0.0,0.0,0.0
2009-09-03 16:00:00-04:00,7.98,8.1,7.88,8.02,203714,0.0,0.0,0.0,0.0,0.0
2009-09-04 16:00:00-04:00,8.01,8.15,7.92,8.06,126898,0.0,0.0,0.0,0.0,0.0
2009-09-08 16:00:00-04:00,8.12,8.19,8.03,8.15,114999,0.0,0.0,0.0,0.0,0.0
2009-09-09 16:00:00-04:00,8.12,8.38,8.03,8.25,116435,0.0,0.0,0.0,0.0,0.0
2009-09-10 16:00:00-04:00,8.22,8.3,8.0745,8.19,238227,0.0,0.0,0.0,0.0,0.0
2009-09-11 16:00:00-04:00,8.18,8.22,8.09,8.1,89439,0.0,0.0,0.0,0.0,0.0
2009-09-14 16:00:00-04:00,8.05,8.15,8.03,8.11,139627,0.0,0.0,0.0,0.0,0.0
2009-09-15 16:00:00-04:00,8.09,8.22,8.05,8.2,192934,0.0,0.0,0.0,0.0,0.0
2009-09-16 16:00:00-04:00,8.21,8.45,8.1,8.37,222484,0.0,0.0,0.0,0.0,0.0
2009-09-17 16:00:00-04:00,8.36,8.5,8.23,8.36,90466,0.0,0.0,0.0,0.0,0.0
2009-09-18 16:00:00-04:00,8.38,8.5,8.28,8.31,473205,0.0,0.0,0.0,0.0,0.0
2009-09-21 16:00:00-04:00,9.25,10.58,9.25,10.29,2289325,0.0,0.0,0.0,0.0,0.0
2009-09-22 16:00:00-04:00,11.68,12.47,11.5,12.07,1472401,0.0,0.0,0.0,0.0,0.0
2009-09-23 16:00:00-04:00,12.37,12.45,11.99,12.0,564954,0.0,0.0,0.0,0.0,0.0
2009-09-24 16:00:00-04:00,12.1,12.19,11.42,11.54,871212,0.0,0.0,0.0,0.0,0.0
2009-09-25 16:00:00-04:00,11.47,11.9,11.47,11.74,303505,0.0,0.0,0.0,0.0,0.0
2009-09-28 16:00:00-04:00,11.85,12.06,11.75,12.06,235873,0.0,0.0,0.0,0.0,0.0
2009-09-29 16:00:00-04:00,11.94,12.09,11.82,12.04,298384,0.0,0.0,0.0,0.0,0.0
2009-09-30 16:00:00-04:00,11.92,12.08,11.75,12.05,444923,0.0,0.0,0.0,0.0,0.0
2009-10-01 16:00:00-04:00,11.96,12.025,11.71,11.88,222304,0.0,0.0,0.0,0.0,0.0
2009-10-02 16:00:00-04:00,11.75,12.15,11.64,11.83,269732,0.0,0.0,0.0,0.0,0.0
2009-10-05 16:00:00-04:00,11.86,12.35,11.81,12.31,397788,0.0,0.0,0.0,0.0,0.0
2009-10-06 16:00:00-04:00,12.36,12.68,12.3,12.67,322225,0.0,0.0,0.0,0.0,0.0
2009-10-07 16:00:00-04:00,12.65,12.83,12.5,12.77,201266,0.0,0.0,0.0,0.0,0.0
2009-10-08 16:00:00-04:00,12.84,13.26,12.56,13.25,340743,0.0,0.0,0.0,0.0,0.0
2009-10-09 16:00:00-04:00,13.23,13.54,13.15,13.54,186108,0.0,0.0,0.0,0.0,0.0
2009-10-12 16:00:00-04:00,13.56,13.57,13.21,13.23,145802,0.0,0.0,0.0,0.0,0.0
2009-10-13 16:00:00-04:00,13.17,13.38,12.89,13.14,214930,0.0,0.0,0.0,0.0,0.0
2009-10-14 16:00:00-04:00,13.25,13.3,12.999,13.08,344223,0.0,0.0,0.0,0.0,0.0
2009-10-15 16:00:00-04:00,13.0,13.23,12.91,13.12,259610,0.0,0.0,0.0,0.0,0.0
2009-10-16 16:00:00-04:00,13.02,13.08,12.82,12.9,166329,0.0,0.0,0.0,0.0,0.0
2009-10-19 16:00:00-04:00,12.99,13.15,12.85,12.87,134004,0.0,0.0,0.0,0.0,0.0
2009-10-20 16:00:00-04:00,12.85,12.94,12.52,12.78,238017,0.0,0.0,0.0,0.0,0.0
2009-10-21 16:00:00-04:00,12.7,13.09,12.5,12.52,366373,0.0,0.0,0.0,0.0,0.0
2009-10-22 16:00:00-04:00,12.56,13.1,12.52,13.06,358687,0.0,0.0,0.0,0.0,0.0
2009-10-23 16:00:00-04:00,13.15,13.2,12.75,12.97,217757,0.0,0.0,0.0,0.0,0.0
2009-10-26 16:00:00-04:00,12.95,13.16,12.8419,12.97,244907,0.0,0.0,0.0,0.0,0.0
2009-10-27 16:00:00-04:00,13.0,13.38,12.91,13.3,424778,0.0,0.0,0.0,0.0,0.0
2009-10-28 16:00:00-04:00,13.3,13.38,12.99,13.25,298930,0.0,0.0,0.0,0.0,0.0
2009-10-29 16:00:00-04:00,13.37,13.37,13.07,13.18,279199,0.0,0.0,0.0,0.0,0.0
2009-10-30 16:00:00-04:00,13.07,13.27,12.53,12.68,695605,0.0,0.0,0.0,0.0,0.0
2009-11-02 16:00:00-05:00,12.71,13.04,12.52,12.75,371199,0.0,0.0,0.0,0.0,0.0
2009-11-03 16:00:00-05:00,12.67,13.0,12.36,12.37,396585,0.0,0.0,0.0,0.0,0.0
2009-11-04 16:00:00-05:00,12.47,12.54,12.09,12.34,416068,0.0,0.0,0.0,0.0,0.0
2009-11-05 16:00:00-05:00,12.43,12.45,12.22,12.39,256204,0.0,0.0,0.0,0.0,0.0
2009-11-06 16:00:00-05:00,12.38,12.9,12.25,12.49,432514,0.0,0.0,0.0,0.0,0.0
2009-11-09 16:00:00-05:00,12.61,12.77,12.36,12.74,189611,0.0,0.0,0.0,0.0,0.0
2009-11-10 16:00:00-05:00,12.62,12.83,12.61,12.77,328641,0.0,0.0,0.0,0.0,0.0
2009-11-11 16:00:00-05:00,12.89,13.13,12.74,13.07,204082,0.0,0.0,0.0,0.0,0.0
2009-11-12 16:00:00-05:00,13.08,13.57,12.82,12.83,382646,0.0,0.0,0.0,0.0,0.0
2009-11-13 16:00:00-05:00,12.84,13.07,12.0,12.07,2193448,0.0,0.0,0.0,0.0,0.0
2009-11-16 16:00:00-05:00,12.1,12.5,12.08,12.26,616317,0.0,0.0,0.0,0.0,0.0
2009-11-17 16:00:00-05:00,12.23,13.12,12.08,12.84,488952,0.0,0.0,0.0,0.0,0.0
2009-11-18 16:00:00-05:00,12.81,13.17,12.66,13.12,569124,0.0,0.0,0.0,0.0,0.0
2009-11-19 16:00:00-05:00,12.96,13.05,12.51,12.86,289425,0.0,0.0,0.0,0.0,0.0
2009-11-20 16:00:00-05:00,12.8,13.07,12.8,12.98,234979,0.0,0.0,0.0,0.0,0.0
2009-11-23 16:00:00-05:00,13.21,13.75,13.12,13.56,367968,0.0,0.0,0.0,0.0,0.0
2009-11-24 16:00:00-05:00,13.5,13.74,13.22,13.6,148608,0.0,0.0,0.0,0.0,0.0
2009-11-25 16:00:00-05:00,13.61,13.7,13.43,13.43,92360,0.0,0.0,0.0,0.0,0.0
2009-11-27 13:00:00-05:00,13.17,13.42,12.87,12.87,101909,0.0,0.0,0.0,0.0,0.0
2009-11-30 16:00:00-05:00,12.87,13.31,12.5,13.29,321340,0.0,0.0,0.0,0.0,0.0
2009-12-01 16:00:00-05:00,13.47,13.68,13.14,13.66,334962,0.0,0.0,0.0,0.0,0.0
2009-12-02 16:00:00-05:00,13.63,14.25,13.63,13.98,277746,0.0,0.0,0.0,0.0,0.0
2009-12-03 16:00:00-05:00,14.08,14.5,13.83,13.87,217687,0.0,0.0,0.0,0.0,0.0
2009-12-04 16:00:00-05:00,14.19,14.48,13.89,14.2,210469,0.0,0.0,0.0,0.0,0.0
2009-12-07 16:00:00-05:00,14.16,14.32,13.98,14.13,187959,0.0,0.0,0.0,0.0,0.0
2009-12-08 16:00:00-05:00,14.04,14.31,13.89,14.0,147984,0.0,0.0,0.0,0.0,0.0
2009-12-09 16:00:00-05:00,14.05,14.1,13.63,13.71,189602,0.0,0.0,0.0,0.0,0.0
2009-12-10 16:00:00-05:00,13.73,13.75,13.14,13.27,198164,0.0,0.0,0.0,0.0,0.0
2009-12-11 16:00:00-05:00,13.32,14.01,13.14,13.99,617189,0.0,0.0,0.0,0.0,0.0
2009-12-14 16:00:00-05:00,14.0,14.09,13.71,13.97,185310,0.0,0.0,0.0,0.0,0.0
2009-12-15 16:00:00-05:00,13.97,14.25,13.77,14.0,467816,0.0,0.0,0.0,0.0,0.0
2009-12-16 16:00:00-05:00,14.16,14.2128,13.99,14.0,304022,0.0,0.0,0.0,0.0,0.0
2009-12-17 16:00:00-05:00,13.89,14.13,13.8,14.05,341556,0.0,0.0,0.0,0.0,0.0
2009-12-18 16:00:00-05:00,14.17,14.66,14.01,14.63,1103440,0.0,0.0,0.0,0.0,0.0
2009-12-21 16:00:00-05:00,14.66,15.04,14.49,14.97,454362,0.0,0.0,0.0,0.0,0.0
2009-12-22 16:00:00-05:00,14.97,15.33,14.91,15.08,208399,0.0,0.0,0.0,0.0,0.0
2009-12-23 16:00:00-05:00,15.15,15.31,14.85,14.89,165048,0.0,0.0,0.0,0.0,0.0
2009-12-24 13:00:00-05:00,14.98,15.25,14.91,15.12,51971,0.0,0.0,0.0,0.0,0.0
2009-12-28 16:00:00-05:00,15.18,15.5,15.13,15.48,109147,0.0,0.0,0.0,0.0,0.0
2009-12-29 16:00:00-05:00,15.5,15.53,15.17,15.2,127070,0.0,0.0,0.0,0.0,0.0
2009-12-30 16:00:00-05:00,15.16,15.25,14.77,15.04,161978,0.0,0.0,0.0,0.0,0.0
2009-12-31 16:00:00-05:00,15.07,15.15,14.53,14.56,157507,0.0,0.0,0.0,0.0,0.0
2010-01-04 16:00:00-05:00,14.82,14.89,14.62,14.8,184218,0.0,0.0,0.0,0.0,0.0
2010-01-05 16:00:00-05:00,14.76,14.83,13.8,13.91,288382,0.0,0.0,0.0,0.0,0.0
2010-01-06 16:00:00-05:00,13.93,14.26,13.85,13.89,183967,0.0,0.0,0.0,0.0,0.0
2010-01-07 16:00:00-05:00,13.92,14.21,13.79,14.2,230711,0.0,0.0,0.0,0.0,0.0
2010-01-08 16:00:00-05:00,14.09,14.79,14.09,14.45,196553,0.0,0.0,0.0,0.0,0.0
2010-01-11 16:00:00-05:00,14.51,14.53,14.2,14.43,124744,0.0,0.0,0.0,0.0,0.0
2010-01-12 16:00:00-05:00,14.26,14.515,14.12,14.5,156996,0.0,0.0,0.0,0.0,0.0
2010-01-13 16:00:00-05:00,14.6,14.88,14.3,14.49,204201,0.0,0.0,0.0,0.0,0.0
2010-01-14 16:00:00-05:00,14.4,15.08,14.4,14.99,230031,0.0,0.0,0.0,0.0,0.0
2010-01-15 16:00:00-05:00,15.03,15.03,14.31,14.72,357187,0.0,0.0,0.0,0.0,0.0
2010-01-19 16:00:00-05:00,14.71,15.43,14.67,15.2,311971,0.0,0.0,0.0,0.0,0.0
2010-01-20 16:00:00-05:00,15.09,15.4,14.34,14.95,349406,0.0,0.0,0.0,0.0,0.0
2010-01-21 16:00:00-05:00,14.96,15.98,14.8299,15.6,561539,0.0,0.0,0.0,0.0,0.0
2010-01-22 16:00:00-05:00,15.54,15.93,15.29,15.53,427069,0.0,0.0,0.0,0.0,0.0
2010-01-25 16:00:00-05:00,15.66,15.66,14.87,15.58,308930,0.0,0.0,0.0,0.0,0.0
2010-01-26 16:00:00-05:00,15.47,15.96,14.47,14.81,439543,0.0,0.0,0.0,0.0,0.0
2010-01-27 16:00:00-05:00,14.1,15.415,14.08,15.14,858596,0.0,0.0,0.0,0.0,0.0
2010-01-28 16:00:00-05:00,15.55,16.24,15.55,16.2,4775263,0.0,0.0,0.0,0.0,0.0
2010-01-29 16:00:00-05:00,16.07,16.5,16.04,16.4,602401,0.0,0.0,0.0,0.0,0.0
2010-02-01 16:00:00-05:00,16.48,16.76,16.33,16.64,547218,0.0,0.0,0.0,0.0,0.0
2010-02-02 16:00:00-05:00,16.77,16.97,16.47,16.57,332696,0.0,0.0,0.0,0.0,0.0
2010-02-03 16:00:00-05:00,16.49,16.64,16.0,16.17,348152,0.0,0.0,0.0,0.0,0.0
2010-02-04 16:00:00-05:00,16.05,16.38,15.69,15.71,735295,0.0,0.0,0.0,0.0,0.0
2010-02-05 16:00:00-05:00,15.8,16.43,15.77,16.26,938224,0.0,0.0,0.0,0.0,0.0
2010-02-08 16:00:00-05:00,16.2,16.4,15.78,16.1,425086,0.0,0.0,0.0,0.0,0.0
2010-02-09 16:00:00-05:00,16.37,16.58,15.86,16.37,320493,0.0,0.0,0.0,0.0,0.0
2010-02-10 16:00:00-05:00,16.28,16.61,16.15,16.53,324805,0.0,0.0,0.0,0.0,0.0
2010-02-11 16:00:00-05:00,16.44,16.69,16.31,16.6,243912,0.0,0.0,0.0,0.0,0.0
2010-02-12 16:00:00-05:00,16.28,17.02,16.28,16.93,506979,0.0,0.0,0.0,0.0,0.0
2010-02-16 16:00:00-05:00,17.0,17.18,16.92,17.05,440911,0.0,0.0,0.0,0.0,0.0
2010-02-17 16:00:00-05:00,17.13,17.13,16.65,16.93,303610,0.0,0.0,0.0,0.0,0.0
2010-02-18 16:00:00-05:00,16.96,17.1,16.86,17.1,187217,0.0,0.0,0.0,0.0,0.0
2010-02-19 16:00:00-05:00,17.09,17.2,16.95,17.13,208869,0.0,0.0,0.0,0.0,0.0
2010-02-22 16:00:00-05:00,17.25,17.61,17.16,17.57,263144,0.0,0.0,0.0,0.0,0.0
2010-02-23 16:00:00-05:00,17.57,17.92,17.52,17.92,689969,0.0,0.0,0.0,0.0,0.0
2010-02-24 16:00:00-05:00,17.94,18.89,17.83,18.62,510899,0.0,0.0,0.0,0.0,0.0
2010-02-25 16:00:00-05:00,18.52,18.945,18.4,18.76,611237,0.0,0.0,0.0,0.0,0.0
2010-02-26 16:00:00-05:00,18.72,18.79,18.44,18.56,1382764,0.0,0.0,0.0,0.0,0.0
2010-03-01 16:00:00-05:00,18.6,18.79,18.52,18.71,613972,0.0,0.0,0.0,0.0,0.0
2010-03-02 16:00:00-05:00,18.69,18.955,18.14,18.25,561708,0.0,0.0,0.0,0.0,0.0
2010-03-03 16:00:00-05:00,18.24,18.24,17.62,17.71,383318,0.0,0.0,0.0,0.0,0.0
2010-03-04 16:00:00-05:00,17.71,17.83,17.54,17.81,226031,0.0,0.0,0.0,0.0,0.0
2010-03-05 16:00:00-05:00,17.88,18.33,17.7,18.29,487488,0.0,0.0,0.0,0.0,0.0
2010-03-08 16:00:00-05:00,18.34,18.34,18.04,18.07,310175,0.0,0.0,0.0,0.0,0.0
2010-03-09 16:00:00-05:00,18.02,18.28,17.9,18.16,248404,0.0,0.0,0.0,0.0,0.0
2010-03-10 16:00:00-05:00,18.11,18.52,18.11,18.42,232754,0.0,0.0,0.0,0.0,0.0
2010-03-11 16:00:00-05:00,18.3,18.59,18.17,18.47,221860,0.0,0.0,0.0,0.0,0.0
2010-03-12 16:00:00-05:00,18.57,18.58,18.0,18.3,269406,0.0,0.0,0.0,0.0,0.0
2010-03-15 16:00:00-04:00,18.21,18.3699,18.1895,18.34,155990,0.0,0.0,0.0,0.0,0.0
2010-03-16 16:00:00-04:00,18.36,18.48,18.19,18.48,118108,0.0,0.0,0.0,0.0,0.0
2010-03-17 16:00:00-04:00,18.47,18.74,18.446,18.6,267453,0.0,0.0,0.0,0.0,0.0
2010-03-18 16:00:00-04:00,18.64,18.86,18.45,18.46,238768,0.0,0.0,0.0,0.0,0.0
2010-03-19 16:00:00-04:00,18.59,18.715,18.02,18.51,381488,0.0,0.0,0.0,0.0,0.0
2010-03-22 16:00:00-04:00,18.38,19.085,18.29,18.95,316823,0.0,0.0,0.0,0.0,0.0
2010-03-23 16:00:00-04:00,18.94,19.02,18.6,19.0,313305,0.0,0.0,0.0,0.0,0.0
2010-03-24 16:00:00-04:00,18.84,19.02,18.75,18.78,241231,0.0,0.0,0.0,0.0,0.0
2010-03-25 16:00:00-04:00,18.88,19.5,18.81,18.83,313688,0.0,0.0,0.0,0.0,0.0
2010-03-26 16:00:00-04:00,18.9,18.995,18.29,18.36,179799,0.0,0.0,0.0,0.0,0.0
2010-03-29 16:00:00-04:00,18.42,18.6,17.93,18.11,203054,0.0,0.0,0.0,0.0,0.0
2010-03-30 16:00:00-04:00,18.09,18.32,17.69,18.04,238845,0.0,0.0,0.0,0.0,0.0
2010-03-31 16:00:00-04:00,17.92,18.335,17.74,17.78,368617,0.0,0.0,0.0,0.0,0.0
2010-04-05 16:00:00-04:00,18.1,18.59,17.9,18.59,207967,0.0,0.0,0.0,0.0,0.0
2010-04-06 16:00:00-04:00,18.5,18.91,18.27,18.65,301449,0.0,0.0,0.0,0.0,0.0
2010-04-07 16:00:00-04:00,18.57,19.1,18.52,18.67,322214,0.0,0.0,0.0,0.0,0.0
2010-04-08 16:00:00-04:00,18.54,18.7,18.14,18.31,337362,0.0,0.0,0.0,0.0,0.0
2010-04-09 16:00:00-04:00,18.27,18.67,18.08,18.55,199730,0.0,0.0,0.0,0.0,0.0
2010-04-12 16:00:00-04:00,18.52,18.89,18.33,18.78,257289,0.0,0.0,0.0,0.0,0.0
2010-04-13 16:00:00-04:00,18.67,18.95,18.37,18.83,231185,0.0,0.0,0.0,0.0,0.0
2010-04-14 16:00:00-04:00,18.85,19.43,18.72,19.43,388382,0.0,0.0,0.0,0.0,0.0
2010-04-15 16:00:00-04:00,19.35,19.68,19.28,19.47,202318,0.0,0.0,0.0,0.0,0.0
2010-04-16 16:00:00-04:00,19.46,19.46,18.5,18.85,349970,0.0,0.0,0.0,0.0,0.0
2010-04-19 16:00:00-04:00,18.8,19.44,18.57,19.29,408624,0.0,0.0,0.0,0.0,0.0
2010-04-20 16:00:00-04:00,19.24,19.62,19.17,19.55,280473,0.0,0.0,0.0,0.0,0.0
2010-04-21 16:00:00-04:00,19.52,20.02,19.4,20.01,473790,0.0,0.0,0.0,0.0,0.0
2010-04-22 16:00:00-04:00,19.84,20.67,19.79,20.66,327237,0.0,0.0,0.0,0.0,0.0
2010-04-23 16:00:00-04:00,20.61,21.33,20.19,21.32,436623,0.0,0.0,0.0,0.0,0.0
2010-04-26 16:00:00-04:00,21.29,21.35,20.4,20.42,333224,0.0,0.0,0.0,0.0,0.0
2010-04-27 16:00:00-04:00,20.36,20.87,19.63,19.72,424742,0.0,0.0,0.0,0.0,0.0
2010-04-28 16:00:00-04:00,19.91,20.31,19.68,19.78,154908,0.0,0.0,0.0,0.0,0.0
2010-04-29 16:00:00-04:00,19.96,20.99,19.74,20.88,307675,0.0,0.0,0.0,0.0,0.0
2010-04-30 16:00:00-04:00,20.82,20.82,19.11,19.11,785083,0.0,0.0,0.0,0.0,0.0
2010-05-03 16:00:00-04:00,18.98,19.0,17.84,18.38,541921,0.0,0.0,0.0,0.0,0.0
2010-05-04 16:00:00-04:00,18.07,18.08,16.97,17.76,713879,0.0,0.0,0.0,0.0,0.0
2010-05-05 16:00:00-04:00,17.43,17.84,17.14,17.47,438331,0.0,0.0,0.0,0.0,0.0
2010-05-06 16:00:00-04:00,17.32,17.67,15.95,17.0,392995,0.0,0.0,0.0,0.0,0.0
2010-05-07 16:00:00-04:00,17.0,17.5,16.41,16.5,436102,0.0,0.0,0.0,0.0,0.0
2010-05-10 16:00:00-04:00,17.17,17.95,17.09,17.42,327743,0.0,0.0,0.0,0.0,0.0
2010-05-11 16:00:00-04:00,17.17,18.11,17.02,17.92,345375,0.0,0.0,0.0,0.0,0.0
2010-05-12 16:00:00-04:00,17.92,18.75,17.92,18.73,446000,0.0,0.0,0.0,0.0,0.0
2010-05-13 16:00:00-04:00,18.61,18.77,18.1,18.4,275489,0.0,0.0,0.0,0.0,0.0
2010-05-14 16:00:00-04:00,18.27,18.27,17.8,18.08,384489,0.0,0.0,0.0,0.0,0.0
2010-05-17 16:00:00-04:00,18.21,18.66,17.55,17.77,303899,0.0,0.0,0.0,0.0,0.0
2010-05-18 16:00:00-04:00,17.97,18.0,16.61,16.9275,366591,0.0,0.0,0.0,0.0,0.0
2010-05-19 16:00:00-04:00,16.91,17.45,16.64,16.99,346010,0.0,0.0,0.0,0.0,0.0
2010-05-20 16:00:00-04:00,16.55,16.75,15.77,15.83,442381,0.0,0.0,0.0,0.0,0.0
2010-05-21 16:00:00-04:00,15.69,16.51,15.5,16.2,373960,0.0,0.0,0.0,0.0,0.0
2010-05-24 16:00:00-04:00,16.22,16.4,15.53,15.59,223859,0.0,0.0,0.0,0.0,0.0
2010-05-25 16:00:00-04:00,15.23,15.82,14.94,15.79,288299,0.0,0.0,0.0,0.0,0.0
2010-05-26 16:00:00-04:00,15.93,16.24,15.76,15.88,261909,0.0,0.0,0.0,0.0,0.0
2010-05-27 16:00:00-04:00,16.25,16.59,16.0,16.42,288723,0.0,0.0,0.0,0.0,0.0
2010-05-28 16:00:00-04:00,16.38,16.38,15.72,15.895,283842,0.0,0.0,0.0,0.0,0.0
2010-06-01 16:00:00-04:00,15.82,16.84,15.61,15.61,612432,0.0,0.0,0.0,0.0,0.0
2010-06-02 16:00:00-04:00,15.74,16.04,15.56,15.87,551338,0.0,0.0,0.0,0.0,0.0
2010-06-03 16:00:00-04:00,15.95,16.39,15.95,16.28,285853,0.0,0.0,0.0,0.0,0.0
2010-06-04 16:00:00-04:00,15.98,16.08,15.39,15.47,464202,0.0,0.0,0.0,0.0,0.0
2010-06-07 16:00:00-04:00,15.59,15.87,15.27,15.27,304520,0.0,0.0,0.0,0.0,0.0
2010-06-08 16:00:00-04:00,15.37,15.45,14.88,15.31,262346,0.0,0.0,0.0,0.0,0.0
2010-06-09 16:00:00-04:00,15.56,15.9,15.06,15.17,414392,0.0,0.0,0.0,0.0,0.0
2010-06-10 16:00:00-04:00,15.45,15.81,15.3,15.75,219242,0.0,0.0,0.0,0.0,0.0
2010-06-11 16:00:00-04:00,15.58,15.99,15.35,15.77,186719,0.0,0.0,0.0,0.0,0.0
2010-06-14 16:00:00-04:00,15.91,15.99,15.6,15.7,217525,0.0,0.0,0.0,0.0,0.0
2010-06-15 16:00:00-04:00,15.74,16.01,15.64,15.95,241222,0.0,0.0,0.0,0.0,0.0
2010-06-16 16:00:00-04:00,15.9,16.135,15.8,15.93,145158,0.0,0.0,0.0,0.0,0.0
2010-06-17 16:00:00-04:00,15.99,16.12,15.7,16.09,153008,0.0,0.0,0.0,0.0,0.0
2010-06-18 16:00:00-04:00,16.19,16.33,15.8,16.0,946735,0.0,0.0,0.0,0.0,0.0
2010-06-21 16:00:00-04:00,16.25,16.51,15.9,16.16,198141,0.0,0.0,0.0,0.0,0.0
2010-06-22 16:00:00-04:00,16.26,16.52,15.85,15.91,229538,0.0,0.0,0.0,0.0,0.0
2010-06-23 16:00:00-04:00,15.84,16.07,15.64,15.74,265524,0.0,0.0,0.0,0.0,0.0
2010-06-24 16:00:00-04:00,15.75,16.25,15.75,15.97,310897,0.0,0.0,0.0,0.0,0.0
2010-06-25 16:00:00-04:00,16.05,16.46,15.96,16.43,638561,0.0,0.0,0.0,0.0,0.0
2010-06-28 16:00:00-04:00,16.39,16.75,16.3,16.33,214374,0.0,0.0,0.0,0.0,0.0
2010-06-29 16:00:00-04:00,16.3,16.45,15.46,15.58,409052,0.0,0.0,0.0,0.0,0.0
2010-06-30 16:00:00-04:00,15.53,15.75,14.89,14.95,269994,0.0,0.0,0.0,0.0,0.0
2010-07-01 16:00:00-04:00,15.03,15.08,14.32,14.73,297616,0.0,0.0,0.0,0.0,0.0
2010-07-02 16:00:00-04:00,14.85,14.85,13.94,14.19,331729,0.0,0.0,0.0,0.0,0.0
2010-07-06 16:00:00-04:00,14.46,14.65,14.1,14.22,383290,0.0,0.0,0.0,0.0,0.0
2010-07-07 16:00:00-04:00,14.31,14.89,14.26,14.89,956600,0.0,0.0,0.0,0.0,0.0
2010-07-08 16:00:00-04:00,15.05,15.5,14.8,15.18,673329,0.0,0.0,0.0,0.0,0.0
2010-07-09 16:00:00-04:00,15.11,15.3,15.01,15.18,260008,0.0,0.0,0.0,0.0,0.0
2010-07-12 16:00:00-04:00,15.09,15.38,14.91,15.1,180039,0.0,0.0,0.0,0.0,0.0
2010-07-13 16:00:00-04:00,15.26,15.51,15.2,15.41,584264,0.0,0.0,0.0,0.0,0.0
2010-07-14 16:00:00-04:00,15.3,15.35,14.99,15.19,219808,0.0,0.0,0.0,0.0,0.0
2010-07-15 16:00:00-04:00,15.19,15.25,14.99,15.15,268724,0.0,0.0,0.0,0.0,0.0
2010-07-16 16:00:00-04:00,15.0,15.19,14.41,14.53,298926,0.0,0.0,0.0,0.0,0.0
2010-07-19 16:00:00-04:00,14.59,14.66,14.24,14.47,296169,0.0,0.0,0.0,0.0,0.0
2010-07-20 16:00:00-04:00,14.27,14.84,14.22,14.65,510232,0.0,0.0,0.0,0.0,0.0
2010-07-21 16:00:00-04:00,14.75,14.8304,14.2,14.3,348318,0.0,0.0,0.0,0.0,0.0
2010-07-22 16:00:00-04:00,14.56,14.89,14.51,14.79,352345,0.0,0.0,0.0,0.0,0.0
2010-07-23 16:00:00-04:00,14.69,15.12,14.64,14.93,268998,0.0,0.0,0.0,0.0,0.0
2010-07-26 16:00:00-04:00,15.02,15.75,14.97,15.7,426923,0.0,0.0,0.0,0.0,0.0
2010-07-27 16:00:00-04:00,15.78,16.42,15.64,16.24,338728,0.0,0.0,0.0,0.0,0.0
2010-07-28 16:00:00-04:00,16.15,16.38,15.87,16.03,347592,0.0,0.0,0.0,0.0,0.0
2010-07-29 16:00:00-04:00,16.24,16.39,15.92,16.27,355595,0.0,0.0,0.0,0.0,0.0
2010-07-30 16:00:00-04:00,16.0,16.42,15.685,15.9,353806,0.0,0.0,0.0,0.0,0.0
2010-08-02 16:00:00-04:00,16.19,16.55,16.0,16.36,216229,0.0,0.0,0.0,0.0,0.0
2010-08-03 16:00:00-04:00,16.34,16.66,16.14,16.24,198543,0.0,0.0,0.0,0.0,0.0
2010-08-04 16:00:00-04:00,16.28,17.72,16.28,17.1,448065,0.0,0.0,0.0,0.0,0.0
2010-08-05 16:00:00-04:00,16.93,17.0,16.64,16.81,257313,0.0,0.0,0.0,0.0,0.0
2010-08-06 16:00:00-04:00,16.55,16.6,16.12,16.41,201677,0.0,0.0,0.0,0.0,0.0
2010-08-09 16:00:00-04:00,16.49,16.57,16.26,16.52,346324,0.0,0.0,0.0,0.0,0.0
2010-08-10 16:00:00-04:00,16.29,16.61,16.12,16.45,202527,0.0,0.0,0.0,0.0,0.0
2010-08-11 16:00:00-04:00,16.09,16.14,15.67,15.75,435585,0.0,0.0,0.0,0.0,0.0
2010-08-12 16:00:00-04:00,15.52,15.735,15.38,15.6,427806,0.0,0.0,0.0,0.0,0.0
2010-08-13 16:00:00-04:00,15.52,15.7,15.43,15.55,259428,0.0,0.0,0.0,0.0,0.0
2010-08-16 16:00:00-04:00,15.44,15.92,15.44,15.76,184249,0.0,0.0,0.0,0.0,0.0
2010-08-17 16:00:00-04:00,15.96,16.2,15.76,16.01,266860,0.0,0.0,0.0,0.0,0.0
2010-08-18 16:00:00-04:00,15.95,16.48,15.89,16.3,254187,0.0,0.0,0.0,0.0,0.0
2010-08-19 16:00:00-04:00,16.22,16.37,15.37,15.7,354606,0.0,0.0,0.0,0.0,0.0
2010-08-20 16:00:00-04:00,15.63,15.96,15.24,15.41,447880,0.0,0.0,0.0,0.0,0.0
2010-08-23 16:00:00-04:00,15.54,15.749,15.27,15.405,280631,0.0,0.0,0.0,0.0,0.0
2010-08-24 16:00:00-04:00,15.23,15.535,14.82,15.4,459888,0.0,0.0,0.0,0.0,0.0
2010-08-25 16:00:00-04:00,15.27,15.69,15.09,15.65,229072,0.0,0.0,0.0,0.0,0.0
2010-08-26 16:00:00-04:00,15.7,15.91,15.33,15.5,238089,0.0,0.0,0.0,0.0,0.0
2010-08-27 16:00:00-04:00,15.69,16.02,15.39,15.91,286863,0.0,0.0,0.0,0.0,0.0
2010-08-30 16:00:00-04:00,15.85,16.02,15.28,15.35,268726,0.0,0.0,0.0,0.0,0.0
2010-08-31 16:00:00-04:00,15.37,16.35,15.15,15.92,456777,0.0,0.0,0.0,0.0,0.0
2010-09-01 16:00:00-04:00,16.12,16.14,15.7601,16.0,416320,0.0,0.0,0.0,0.0,0.0
2010-09-02 16:00:00-04:00,16.0,16.34,15.76,16.27,568382,0.0,0.0,0.0,0.0,0.0
2010-09-03 16:00:00-04:00,16.4,16.82,16.26,16.77,287840,0.0,0.0,0.0,0.0,0.0
2010-09-07 16:00:00-04:00,16.68,16.68,15.99,16.02,208154,0.0,0.0,0.0,0.0,0.0
2010-09-08 16:00:00-04:00,16.11,16.43,16.03,16.24,263114,0.0,0.0,0.0,0.0,0.0
2010-09-09 16:00:00-04:00,16.51,16.69,16.05,16.28,199504,0.0,0.0,0.0,0.0,0.0
2010-09-10 16:00:00-04:00,16.35,16.49,16.11,16.37,201447,0.0,0.0,0.0,0.0,0.0
2010-09-13 16:00:00-04:00,16.57,16.67,16.46,16.5,480941,0.0,0.0,0.0,0.0,0.0
2010-09-14 16:00:00-04:00,16.49,16.8,16.2607,16.55,294933,0.0,0.0,0.0,0.0,0.0
2010-09-15 16:00:00-04:00,16.45,16.72,16.22,16.65,185074,0.0,0.0,0.0,0.0,0.0
2010-09-16 16:00:00-04:00,16.61,16.61,16.26,16.3,346108,0.0,0.0,0.0,0.0,0.0
2010-09-17 16:00:00-04:00,16.34,16.91,16.1,16.69,1594177,0.0,0.0,0.0,0.0,0.0
2010-09-20 16:00:00-04:00,16.77,17.13,16.565,17.04,272186,0.0,0.0,0.0,0.0,0.0
2010-09-21 16:00:00-04:00,17.03,17.25,16.83,16.94,199660,0.0,0.0,0.0,0.0,0.0
2010-09-22 16:00:00-04:00,16.83,16.97,16.26,16.39,186404,0.0,0.0,0.0,0.0,0.0
2010-09-23 16:00:00-04:00,16.23,16.6,16.06,16.18,250947,0.0,0.0,0.0,0.0,0.0
2010-09-24 16:00:00-04:00,16.43,16.91,16.19,16.9,238046,0.0,0.0,0.0,0.0,0.0
2010-09-27 16:00:00-04:00,16.95,16.97,16.49,16.64,208895,0.0,0.0,0.0,0.0,0.0
2010-09-28 16:00:00-04:00,16.65,16.8,16.34,16.73,266015,0.0,0.0,0.0,0.0,0.0
2010-09-29 16:00:00-04:00,16.63,16.88,16.5101,16.83,217529,0.0,0.0,0.0,0.0,0.0
2010-09-30 16:00:00-04:00,16.99,17.04,16.53,16.68,327132,0.0,0.0,0.0,0.0,0.0
2010-10-01 16:00:00-04:00,16.88,17.06,16.44,16.59,219033,0.0,0.0,0.0,0.0,0.0
2010-10-04 16:00:00-04:00,16.59,16.6475,16.09,16.28,190650,0.0,0.0,0.0,0.0,0.0
2010-10-05 16:00:00-04:00,16.49,16.98,16.2,16.78,259743,0.0,0.0,0.0,0.0,0.0
2010-10-06 16:00:00-04:00,16.72,17.06,16.72,16.84,209724,0.0,0.0,0.0,0.0,0.0
2010-10-07 16:00:00-04:00,17.0,17.19,16.72,17.11,349483,0.0,0.0,0.0,0.0,0.0
2010-10-08 16:00:00-04:00,17.14,17.22,16.86,16.94,182473,0.0,0.0,0.0,0.0,0.0
2010-10-11 16:00:00-04:00,16.98,17.05,16.51,16.89,96445,0.0,0.0,0.0,0.0,0.0
2010-10-12 16:00:00-04:00,16.89,17.0,16.67,16.93,116567,0.0,0.0,0.0,0.0,0.0
2010-10-13 16:00:00-04:00,16.99,17.33,16.76,17.2,285341,0.0,0.0,0.0,0.0,0.0
2010-10-14 16:00:00-04:00,17.13,17.38,16.93,17.08,267160,0.0,0.0,0.0,0.0,0.0
2010-10-15 16:00:00-04:00,17.25,17.25,16.73,16.88,282812,0.0,0.0,0.0,0.0,0.0
2010-10-18 16:00:00-04:00,16.97,17.34,16.87,17.32,135395,0.0,0.0,0.0,0.0,0.0
2010-10-19 16:00:00-04:00,17.05,17.62,16.91,17.06,241545,0.0,0.0,0.0,0.0,0.0
2010-10-20 16:00:00-04:00,17.1,17.19,16.85,16.96,167367,0.0,0.0,0.0,0.0,0.0
2010-10-21 16:00:00-04:00,17.08,17.11,16.48,16.81,223160,0.0,0.0,0.0,0.0,0.0
2010-10-22 16:00:00-04:00,16.84,17.06,16.64,16.9,141363,0.0,0.0,0.0,0.0,0.0
2010-10-25 16:00:00-04:00,17.02,17.12,16.75,16.81,142256,0.0,0.0,0.0,0.0,0.0
2010-10-26 16:00:00-04:00,16.68,16.82,16.54,16.69,149963,0.0,0.0,0.0,0.0,0.0
2010-10-27 16:00:00-04:00,16.61,16.85,16.53,16.79,162197,0.0,0.0,0.0,0.0,0.0
2010-10-28 16:00:00-04:00,16.94,17.04,16.62,16.76,204607,0.0,0.0,0.0,0.0,0.0
2010-10-29 16:00:00-04:00,16.74,16.97,16.59,16.84,210067,0.0,0.0,0.0,0.0,0.0
2010-11-01 16:00:00-04:00,16.93,16.96,16.08,16.21,267016,0.0,0.0,0.0,0.0,0.0
2010-11-02 16:00:00-04:00,16.36,16.53,16.17,16.33,240588,0.0,0.0,0.0,0.0,0.0
2010-11-03 16:00:00-04:00,16.39,17.4,16.21,17.37,366160,0.0,0.0,0.0,0.0,0.0
2010-11-04 16:00:00-04:00,17.49,17.94,17.45,17.69,497452,0.0,0.0,0.0,0.0,0.0
2010-11-05 16:00:00-04:00,17.75,18.31,17.58,17.69,372014,0.0,0.0,0.0,0.0,0.0
2010-11-08 16:00:00-05:00,17.58,17.71,17.39,17.67,173565,0.0,0.0,0.0,0.0,0.0
2010-11-09 16:00:00-05:00,17.66,17.73,17.34,17.62,345389,0.0,0.0,0.0,0.0,0.0
2010-11-10 16:00:00-05:00,17.66,18.06,17.54,18.05,259144,0.0,0.0,0.0,0.0,0.0
2010-11-11 16:00:00-05:00,17.86,18.0,17.7005,17.93,185207,0.0,0.0,0.0,0.0,0.0
2010-11-12 16:00:00-05:00,17.73,17.81,17.51,17.53,137661,0.0,0.0,0.0,0.0,0.0
2010-11-15 16:00:00-05:00,17.54,17.67,17.29,17.36,218213,0.0,0.0,0.0,0.0,0.0
2010-11-16 16:00:00-05:00,17.26,17.35,16.8,17.16,304098,0.0,0.0,0.0,0.0,0.0
2010-11-17 16:00:00-05:00,17.16,17.22,16.89,16.97,238031,0.0,0.0,0.0,0.0,0.0
2010-11-18 16:00:00-05:00,17.12,17.36,17.02,17.13,247826,0.0,0.0,0.0,0.0,0.0
2010-11-19 16:00:00-05:00,17.15,17.21,16.93,17.17,205403,0.0,0.0,0.0,0.0,0.0
2010-11-22 16:00:00-05:00,17.15,17.16,16.73,16.74,232213,0.0,0.0,0.0,0.0,0.0
2010-11-23 16:00:00-05:00,16.52,16.63,16.44,16.54,238999,0.0,0.0,0.0,0.0,0.0
2010-11-24 16:00:00-05:00,16.66,17.03,16.55,17.03,179323,0.0,0.0,0.0,0.0,0.0
2010-11-26 13:00:00-05:00,16.9,17.02,16.68,16.71,50969,0.0,0.0,0.0,0.0,0.0
2010-11-29 16:00:00-05:00,16.6,16.95,16.47,16.9,165436,0.0,0.0,0.0,0.0,0.0
2010-11-30 16:00:00-05:00,16.75,16.82,16.36,16.52,315182,0.0,0.0,0.0,0.0,0.0
2010-12-01 16:00:00-05:00,16.75,17.44,16.75,17.4,356965,0.0,0.0,0.0,0.0,0.0
2010-12-02 16:00:00-05:00,17.44,17.75,17.36,17.72,292917,0.0,0.0,0.0,0.0,0.0
2010-12-03 16:00:00-05:00,17.64,18.08,17.56,17.99,239343,0.0,0.0,0.0,0.0,0.0
2010-12-06 16:00:00-05:00,17.93,18.2,17.87,18.18,223559,0.0,0.0,0.0,0.0,0.0
2010-12-07 16:00:00-05:00,18.37,18.39,18.08,18.2,233486,0.0,0.0,0.0,0.0,0.0
2010-12-08 16:00:00-05:00,18.3,18.39,18.14,18.27,276195,0.0,0.0,0.0,0.0,0.0
2010-12-09 16:00:00-05:00,18.37,18.49,18.09,18.42,241932,0.0,0.0,0.0,0.0,0.0
2010-12-10 16:00:00-05:00,18.5,18.79,18.19,18.78,309278,0.0,0.0,0.0,0.0,0.0
2010-12-13 16:00:00-05:00,18.95,18.9695,18.46,18.46,167723,0.0,0.0,0.0,0.0,0.0
2010-12-14 16:00:00-05:00,18.56,19.0,18.48,18.64,208714,0.0,0.0,0.0,0.0,0.0
2010-12-15 16:00:00-05:00,18.56,18.88,18.2,18.23,252156,0.0,0.0,0.0,0.0,0.0
2010-12-16 16:00:00-05:00,18.24,18.49,18.026,18.16,266727,0.0,0.0,0.0,0.0,0.0
2010-12-17 16:00:00-05:00,18.21,18.5,18.12,18.17,589906,0.0,0.0,0.0,0.0,0.0
2010-12-20 16:00:00-05:00,18.26,18.36,18.11,18.16,226855,0.0,0.0,0.0,0.0,0.0
2010-12-21 16:00:00-05:00,18.23,18.9,18.22,18.79,285529,0.0,0.0,0.0,0.0,0.0
2010-12-22 16:00:00-05:00,18.84,19.57,18.81,19.41,315384,0.0,0.0,0.0,0.0,0.0
2010-12-23 16:00:00-05:00,19.45,19.45,18.85,18.94,140926,0.0,0.0,0.0,0.0,0.0
2010-12-27 16:00:00-05:00,18.95,19.11,18.78,19.08,76070,0.0,0.0,0.0,0.0,0.0
2010-12-28 16:00:00-05:00,19.15,19.32,19.02,19.13,88369,0.0,0.0,0.0,0.0,0.0
2010-12-29 16:00:00-05:00,19.14,19.2,18.88,18.9,74804,0.0,0.0,0.0,0.0,0.0
2010-12-30 16:00:00-05:00,18.86,19.02,18.77,18.91,116889,0.0,0.0,0.0,0.0,0.0
2010-12-31 16:00:00-05:00,18.89,18.94,18.46,18.48,151620,0.0,0.0,0.0,0.0,0.0
2011-01-03 16:00:00-05:00,18.71,19.25,18.2,18.91,203937,0.0,0.0,0.0,0.0,0.0
2011-01-04 16:00:00-05:00,19.0,19.03,18.06,18.29,305101,0.0,0.0,0.0,0.0,0.0
2011-01-05 16:00:00-05:00,18.28,18.5,18.12,18.48,239512,0.0,0.0,0.0,0.0,0.0
2011-01-06 16:00:00-05:00,18.43,18.62,18.35,18.42,289510,0.0,0.0,0.0,0.0,0.0
2011-01-07 16:00:00-05:00,18.47,18.47,17.59,17.62,301273,0.0,0.0,0.0,0.0,0.0
2011-01-10 16:00:00-05:00,17.59,17.695,17.11,17.51,354608,0.0,0.0,0.0,0.0,0.0
2011-01-11 16:00:00-05:00,17.6,17.83,17.41,17.6,142276,0.0,0.0,0.0,0.0,0.0
2011-01-12 16:00:00-05:00,17.75,17.83,17.55,17.66,183335,0.0,0.0,0.0,0.0,0.0
2011-01-13 16:00:00-05:00,17.68,17.6899,17.44,17.48,140444,0.0,0.0,0.0,0.0,0.0
2011-01-14 16:00:00-05:00,17.41,18.6,17.41,18.59,381147,0.0,0.0,0.0,0.0,0.0
2011-01-18 16:00:00-05:00,18.5,18.55,18.2001,18.49,219788,0.0,0.0,0.0,0.0,0.0
2011-01-19 16:00:00-05:00,18.43,18.58,18.19,18.21,291198,0.0,0.0,0.0,0.0,0.0
2011-01-20 16:00:00-05:00,18.07,18.41,17.88,17.88,220553,0.0,0.0,0.0,0.0,0.0
2011-01-21 16:00:00-05:00,17.97,18.22,17.891,18.01,176262,0.0,0.0,0.0,0.0,0.0
2011-01-24 16:00:00-05:00,17.94,18.09,17.74,17.9,98177,0.0,0.0,0.0,0.0,0.0
2011-01-25 16:00:00-05:00,17.75,17.98,17.57,17.96,190148,0.0,0.0,0.0,0.0,0.0
2011-01-26 16:00:00-05:00,17.98,18.25,17.71,18.09,163135,0.0,0.0,0.0,0.0,0.0
2011-01-27 16:00:00-05:00,17.5,17.84,16.94,17.33,527852,0.0,0.0,0.0,0.0,0.0
2011-01-28 16:00:00-05:00,17.37,17.38,16.69,16.9,444659,0.0,0.0,0.0,0.0,0.0
2011-01-31 16:00:00-05:00,16.94,17.1,16.64,16.9,476435,0.0,0.0,0.0,0.0,0.0
2011-02-01 16:00:00-05:00,16.96,17.54,16.783,17.39,534249,0.0,0.0,0.0,0.0,0.0
2011-02-02 16:00:00-05:00,17.27,17.55,17.26,17.4,336127,0.0,0.0,0.0,0.0,0.0
2011-02-03 16:00:00-05:00,17.32,17.56,17.22,17.335,208745,0.0,0.0,0.0,0.0,0.0
2011-02-04 16:00:00-05:00,17.39,17.54,17.16,17.41,195089,0.0,0.0,0.0,0.0,0.0
2011-02-07 16:00:00-05:00,17.4,17.92,17.35,17.43,114757,0.0,0.0,0.0,0.0,0.0
2011-02-08 16:00:00-05:00,17.38,17.49,17.26,17.4325,97694,0.0,0.0,0.0,0.0,0.0
2011-02-09 16:00:00-05:00,17.35,17.72,17.25,17.4,126287,0.0,0.0,0.0,0.0,0.0
2011-02-10 16:00:00-05:00,17.3,17.56,17.05,17.16,157706,0.0,0.0,0.0,0.0,0.0
2011-02-11 16:00:00-05:00,17.12,17.86,17.09,17.75,267439,0.0,0.0,0.0,0.0,0.0
2011-02-14 16:00:00-05:00,17.68,17.75,17.23,17.64,89476,0.0,0.0,0.0,0.0,0.0
2011-02-15 16:00:00-05:00,17.56,17.7,17.1,17.1,246355,0.0,0.0,0.0,0.0,0.0
2011-02-16 16:00:00-05:00,17.2,17.43,17.12,17.37,110175,0.0,0.0,0.0,0.0,0.0
2011-02-17 16:00:00-05:00,17.3,17.41,17.12,17.26,182773,0.0,0.0,0.0,0.0,0.0
2011-02-18 16:00:00-05:00,17.39,17.65,17.36,17.56,145445,0.0,0.0,0.0,0.0,0.0
2011-02-22 16:00:00-05:00,17.35,17.465,16.88,16.9,244454,0.0,0.0,0.0,0.0,0.0
2011-02-23 16:00:00-05:00,16.95,17.3,16.52,16.61,231760,0.0,0.0,0.0,0.0,0.0
2011-02-24 16:00:00-05:00,16.68,16.85,16.4,16.42,227358,0.0,0.0,0.0,0.0,0.0
2011-02-25 16:00:00-05:00,16.6,16.98,16.5,16.98,190838,0.0,0.0,0.0,0.0,0.0
2011-02-28 16:00:00-05:00,17.02,17.22,16.8,16.93,193002,0.0,0.0,0.0,0.0,0.0
2011-03-01 16:00:00-05:00,17.03,17.13,16.52,16.66,172092,0.0,0.0,0.0,0.0,0.0
2011-03-02 16:00:00-05:00,16.54,16.64,16.4,16.56,178141,0.0,0.0,0.0,0.0,0.0
2011-03-03 16:00:00-05:00,16.75,17.155,16.66,17.08,205657,0.0,0.0,0.0,0.0,0.0
2011-03-04 16:00:00-05:00,17.03,17.0799,16.55,16.77,192363,0.0,0.0,0.0,0.0,0.0
2011-03-07 16:00:00-05:00,16.88,16.95,16.39,16.39,180811,0.0,0.0,0.0,0.0,0.0
2011-03-08 16:00:00-05:00,16.44,16.87,16.4,16.71,252733,0.0,0.0,0.0,0.0,0.0
2011-03-09 16:00:00-05:00,16.7,16.72,16.51,16.64,93676,0.0,0.0,0.0,0.0,0.0
2011-03-10 16:00:00-05:00,16.46,16.5,16.2,16.2,289919,0.0,0.0,0.0,0.0,0.0
2011-03-11 16:00:00-05:00,16.17,16.24,16.05,16.06,199731,0.0,0.0,0.0,0.0,0.0
2011-03-14 16:00:00-04:00,16.0,16.06,15.87,15.96,134060,0.0,0.0,0.0,0.0,0.0
2011-03-15 16:00:00-04:00,15.6,15.94,15.6,15.91,211994,0.0,0.0,0.0,0.0,0.0
2011-03-16 16:00:00-04:00,15.91,15.94,15.65,15.65,215394,0.0,0.0,0.0,0.0,0.0
2011-03-17 16:00:00-04:00,15.94,15.98,15.745,15.84,200996,0.0,0.0,0.0,0.0,0.0
2011-03-18 16:00:00-04:00,15.99,16.19,15.88,16.18,338207,0.0,0.0,0.0,0.0,0.0
2011-03-21 16:00:00-04:00,16.38,16.55,16.14,16.25,202635,0.0,0.0,0.0,0.0,0.0
2011-03-22 16:00:00-04:00,16.27,16.46,16.2,16.25,146317,0.0,0.0,0.0,0.0,0.0
2011-03-23 16:00:00-04:00,16.19,16.23,15.95,16.08,265563,0.0,0.0,0.0,0.0,0.0
2011-03-24 16:00:00-04:00,16.16,16.36,16.02,16.1,100561,0.0,0.0,0.0,0.0,0.0
2011-03-25 16:00:00-04:00,16.19,16.4,16.06,16.19,210842,0.0,0.0,0.0,0.0,0.0
2011-03-28 16:00:00-04:00,16.23,16.27,16.0,16.18,253610,0.0,0.0,0.0,0.0,0.0
2011-03-29 16:00:00-04:00,16.13,16.34,16.13,16.29,148250,0.0,0.0,0.0,0.0,0.0
2011-03-30 16:00:00-04:00,16.3,16.52,16.22,16.4,255038,0.0,0.0,0.0,0.0,0.0
2011-03-31 16:00:00-04:00,16.32,16.73,16.32,16.69,242393,0.0,0.0,0.0,0.0,0.0
2011-04-01 16:00:00-04:00,16.77,17.09,16.6899,16.8,192075,0.0,0.0,0.0,0.0,0.0
2011-04-04 16:00:00-04:00,16.8,16.89,16.71,16.79,216723,0.0,0.0,0.0,0.0,0.0
2011-04-05 16:00:00-04:00,16.73,17.02,16.73,16.82,137174,0.0,0.0,0.0,0.0,0.0
2011-04-06 16:00:00-04:00,16.89,17.24,16.82,17.2,126081,0.0,0.0,0.0,0.0,0.0
2011-04-07 16:00:00-04:00,17.22,17.22,16.87,16.9,150160,0.0,0.0,0.0,0.0,0.0
2011-04-08 16:00:00-04:00,17.0,17.0,16.55,16.58,146581,0.0,0.0,0.0,0.0,0.0
2011-04-11 16:00:00-04:00,16.55,16.66,16.42,16.52,137463,0.0,0.0,0.0,0.0,0.0
2011-04-12 16:00:00-04:00,16.43,16.51,16.34,16.4,169990,0.0,0.0,0.0,0.0,0.0
2011-04-13 16:00:00-04:00,16.46,16.63,16.13,16.27,194349,0.0,0.0,0.0,0.0,0.0
2011-04-14 16:00:00-04:00,16.15,16.45,16.11,16.41,168857,0.0,0.0,0.0,0.0,0.0
2011-04-15 16:00:00-04:00,16.38,16.62,16.38,16.4,365571,0.0,0.0,0.0,0.0,0.0
2011-04-18 16:00:00-04:00,16.21,16.42,16.12,16.27,201216,0.0,0.0,0.0,0.0,0.0
2011-04-19 16:00:00-04:00,16.37,16.4,16.09,16.13,143439,0.0,0.0,0.0,0.0,0.0
2011-04-20 16:00:00-04:00,16.33,16.34,16.14,16.3,216017,0.0,0.0,0.0,0.0,0.0
2011-04-21 16:00:00-04:00,16.39,16.39,16.159,16.28,99642,0.0,0.0,0.0,0.0,0.0
2011-04-25 16:00:00-04:00,16.19,16.41,16.17,16.21,95237,0.0,0.0,0.0,0.0,0.0
2011-04-26 16:00:00-04:00,16.23,16.69,16.23,16.5,116222,0.0,0.0,0.0,0.0,0.0
2011-04-27 16:00:00-04:00,16.45,16.8,16.4,16.79,143785,0.0,0.0,0.0,0.0,0.0
2011-04-28 16:00:00-04:00,16.84,17.24,13.95,16.6,528405,0.0,0.0,0.0,0.0,0.0
2011-04-29 16:00:00-04:00,16.72,16.72,16.46,16.48,254893,0.0,0.0,0.0,0.0,0.0
2011-05-02 16:00:00-04:00,16.6,16.6,16.31,16.33,198076,0.0,0.0,0.0,0.0,0.0
2011-05-03 16:00:00-04:00,16.33,16.51,16.25,16.33,203282,0.0,0.0,0.0,0.0,0.0
2011-05-04 16:00:00-04:00,16.31,16.37,16.2,16.2,171193,0.0,0.0,0.0,0.0,0.0
2011-05-05 16:00:00-04:00,16.15,16.42,16.09,16.12,272003,0.0,0.0,0.0,0.0,0.0
2011-05-06 16:00:00-04:00,16.31,16.31,16.11,16.2,313441,0.0,0.0,0.0,0.0,0.0
2011-05-09 16:00:00-04:00,16.17,16.28,16.1,16.24,141089,0.0,0.0,0.0,0.0,0.0
2011-05-10 16:00:00-04:00,16.34,16.56,16.3,16.55,120647,0.0,0.0,0.0,0.0,0.0
2011-05-11 16:00:00-04:00,16.49,16.65,16.48,16.56,219024,0.0,0.0,0.0,0.0,0.0
2011-05-12 16:00:00-04:00,16.47,16.91,16.47,16.86,168962,0.0,0.0,0.0,0.0,0.0
2011-05-13 16:00:00-04:00,16.87,16.87,16.52,16.57,170139,0.0,0.0,0.0,0.0,0.0
2011-05-16 16:00:00-04:00,16.47,16.62,16.41,16.43,149917,0.0,0.0,0.0,0.0,0.0
2011-05-17 16:00:00-04:00,16.39,16.59,16.34,16.49,221946,0.0,0.0,0.0,0.0,0.0
2011-05-18 16:00:00-04:00,16.51,16.74,16.44,16.73,187344,0.0,0.0,0.0,0.0,0.0
2011-05-19 16:00:00-04:00,16.78,16.85,16.6,16.705,191089,0.0,0.0,0.0,0.0,0.0
2011-05-20 16:00:00-04:00,16.59,16.77,16.51,16.56,272573,0.0,0.0,0.0,0.0,0.0
2011-05-23 16:00:00-04:00,16.31,16.52,16.28,16.3,227798,0.0,0.0,0.0,0.0,0.0
2011-05-24 16:00:00-04:00,16.34,16.38,16.08,16.14,154096,0.0,0.0,0.0,0.0,0.0
2011-05-25 16:00:00-04:00,16.08,16.22,16.0,16.06,158191,0.0,0.0,0.0,0.0,0.0
2011-05-26 16:00:00-04:00,15.99,16.06,15.86,15.94,344404,0.0,0.0,0.0,0.0,0.0
2011-05-27 16:00:00-04:00,16.0,16.06,15.9,15.94,148760,0.0,0.0,0.0,0.0,0.0
2011-05-31 16:00:00-04:00,16.07,16.16,15.98,16.0,439442,0.0,0.0,0.0,0.0,0.0
2011-06-01 16:00:00-04:00,15.92,15.97,15.27,15.31,409165,0.0,0.0,0.0,0.0,0.0
2011-06-02 16:00:00-04:00,15.36,15.47,15.21,15.31,199756,0.0,0.0,0.0,0.0,0.0
2011-06-03 16:00:00-04:00,15.12,15.5755,15.0,15.04,265103,0.0,0.0,0.0,0.0,0.0
2011-06-06 16:00:00-04:00,15.65,15.97,15.51,15.66,719291,0.0,0.0,0.0,0.0,0.0
2011-06-07 16:00:00-04:00,15.82,15.9,15.55,15.57,216664,0.0,0.0,0.0,0.0,0.0
2011-06-08 16:00:00-04:00,15.49,15.72,15.41,15.5,462144,0.0,0.0,0.0,0.0,0.0
2011-06-09 16:00:00-04:00,15.6,15.84,15.48,15.76,356313,0.0,0.0,0.0,0.0,0.0
2011-06-10 16:00:00-04:00,15.72,15.83,15.41,15.47,396439,0.0,0.0,0.0,0.0,0.0
2011-06-13 16:00:00-04:00,15.68,15.71,15.33,15.5,307169,0.0,0.0,0.0,0.0,0.0
2011-06-14 16:00:00-04:00,15.61,15.83,15.51,15.61,444539,0.0,0.0,0.0,0.0,0.0
2011-06-15 16:00:00-04:00,15.47,15.55,15.34,15.4,268953,0.0,0.0,0.0,0.0,0.0
2011-06-16 16:00:00-04:00,15.38,15.59,15.25,15.54,365840,0.0,0.0,0.0,0.0,0.0
2011-06-17 16:00:00-04:00,15.62,15.98,15.62,15.82,565860,0.0,0.0,0.0,0.0,0.0
2011-06-20 16:00:00-04:00,15.76,16.04,15.68,16.03,391279,0.0,0.0,0.0,0.0,0.0
2011-06-21 16:00:00-04:00,16.12,16.19,15.93,16.1,244250,0.0,0.0,0.0,0.0,0.0
2011-06-22 16:00:00-04:00,15.99,16.2,15.8,15.82,268938,0.0,0.0,0.0,0.0,0.0
2011-06-23 16:00:00-04:00,15.68,15.78,15.31,15.69,316551,0.0,0.0,0.0,0.0,0.0
2011-06-24 16:00:00-04:00,15.7,15.86,15.57,15.77,297851,0.0,0.0,0.0,0.0,0.0
2011-06-27 16:00:00-04:00,15.73,16.25,15.66,16.07,173388,0.0,0.0,0.0,0.0,0.0
2011-06-28 16:00:00-04:00,16.06,16.25,15.96,16.24,458832,0.0,0.0,0.0,0.0,0.0
2011-06-29 16:00:00-04:00,16.32,16.5,16.22,16.45,309714,0.0,0.0,0.0,0.0,0.0
2011-06-30 16:00:00-04:00,16.53,16.75,16.445,16.69,206248,0.0,0.0,0.0,0.0,0.0
2011-07-01 16:00:00-04:00,16.73,17.03,16.63,16.93,186221,0.0,0.0,0.0,0.0,0.0
2011-07-05 16:00:00-04:00,16.94,16.94,16.6,16.76,188571,0.0,0.0,0.0,0.0,0.0
2011-07-06 16:00:00-04:00,16.74,16.9,16.5733,16.9,133922,0.0,0.0,0.0,0.0,0.0
2011-07-07 16:00:00-04:00,17.0,17.21,16.82,17.12,183132,0.0,0.0,0.0,0.0,0.0
2011-07-08 16:00:00-04:00,16.92,16.93,16.72,16.78,258579,0.0,0.0,0.0,0.0,0.0
2011-07-11 16:00:00-04:00,16.63,16.63,16.45,16.47,157897,0.0,0.0,0.0,0.0,0.0
2011-07-12 16:00:00-04:00,16.41,16.85,16.38,16.55,188999,0.0,0.0,0.0,0.0,0.0
2011-07-13 16:00:00-04:00,16.62,16.845,16.4927,16.66,205447,0.0,0.0,0.0,0.0,0.0
2011-07-14 16:00:00-04:00,16.66,16.71,16.2,16.3,213914,0.0,0.0,0.0,0.0,0.0
2011-07-15 16:00:00-04:00,16.33,16.39,16.1,16.21,237788,0.0,0.0,0.0,0.0,0.0
2011-07-18 16:00:00-04:00,16.14,16.19,15.8,16.01,187963,0.0,0.0,0.0,0.0,0.0
2011-07-19 16:00:00-04:00,16.16,16.55,15.91,16.55,191469,0.0,0.0,0.0,0.0,0.0
2011-07-20 16:00:00-04:00,16.53,16.68,16.41,16.53,158556,0.0,0.0,0.0,0.0,0.0
2011-07-21 16:00:00-04:00,16.62,16.88,16.52,16.81,178019,0.0,0.0,0.0,0.0,0.0
2011-07-22 16:00:00-04:00,16.78,16.78,16.22,16.61,299493,0.0,0.0,0.0,0.0,0.0
2011-07-25 16:00:00-04:00,16.43,16.64,16.25,16.52,282417,0.0,0.0,0.0,0.0,0.0
2011-07-26 16:00:00-04:00,16.49,16.56,16.26,16.27,192254,0.0,0.0,0.0,0.0,0.0
2011-07-27 16:00:00-04:00,16.23,16.25,15.72,15.76,333315,0.0,0.0,0.0,0.0,0.0
2011-07-28 16:00:00-04:00,15.81,15.81,15.29,15.37,419082,0.0,0.0,0.0,0.0,0.0
2011-07-29 16:00:00-04:00,15.21,16.13,15.21,16.01,573071,0.0,0.0,0.0,0.0,0.0
2011-08-01 16:00:00-04:00,16.19,16.19,15.83,16.01,346747,0.0,0.0,0.0,0.0,0.0
2011-08-02 16:00:00-04:00,15.91,15.89,15.55,15.69,1160597,0.0,0.0,0.0,0.0,0.0
2011-08-03 16:00:00-04:00,15.7,15.89,15.49,15.82,493490,0.0,0.0,0.0,0.0,0.0
2011-08-04 16:00:00-04:00,15.65,15.78,15.21,15.23,592679,0.0,0.0,0.0,0.0,0.0
2011-08-05 16:00:00-04:00,15.38,15.7,15.09,15.2,599487,0.0,0.0,0.0,0.0,0.0
2011-08-08 16:00:00-04:00,14.84,15.55,14.19,14.22,990084,0.0,0.0,0.0,0.0,0.0
2011-08-09 16:00:00-04:00,14.54,15.59,14.01,15.51,774420,0.0,0.0,0.0,0.0,0.0
2011-08-10 16:00:00-04:00,15.89,15.89,14.21,14.24,630480,0.0,0.0,0.0,0.0,0.0
2011-08-11 16:00:00-04:00,14.39,14.87,14.11,14.64,473740,0.0,0.0,0.0,0.0,0.0
2011-08-12 16:00:00-04:00,14.79,14.98,14.4,14.62,462095,0.0,0.0,0.0,0.0,0.0
2011-08-15 16:00:00-04:00,14.8,15.07,14.8,15.05,256518,0.0,0.0,0.0,0.0,0.0
2011-08-16 16:00:00-04:00,14.95,15.34,14.93,15.2,364412,0.0,0.0,0.0,0.0,0.0
2011-08-17 16:00:00-04:00,15.3,15.47,15.09,15.33,325986,0.0,0.0,0.0,0.0,0.0
2011-08-18 16:00:00-04:00,14.94,14.94,14.42,14.57,817327,0.0,0.0,0.0,0.0,0.0
2011-08-19 16:00:00-04:00,14.26,14.92,14.21,14.27,716516,0.0,0.0,0.0,0.0,0.0
2011-08-22 16:00:00-04:00,14.62,14.65,14.23,14.46,345443,0.0,0.0,0.0,0.0,0.0
2011-08-23 16:00:00-04:00,14.53,15.48,14.37,15.48,414278,0.0,0.0,0.0,0.0,0.0
2011-08-24 16:00:00-04:00,15.42,16.05,15.42,16.0,358202,0.0,0.0,0.0,0.0,0.0
2011-08-25 16:00:00-04:00,16.29,17.05,15.58,15.83,448970,0.0,0.0,0.0,0.0,0.0
2011-08-26 16:00:00-04:00,15.64,16.22,15.23,15.97,311947,0.0,0.0,0.0,0.0,0.0
2011-08-29 16:00:00-04:00,16.2,16.86,15.99,16.84,262965,0.0,0.0,0.0,0.0,0.0
2011-08-30 16:00:00-04:00,16.6,16.83,16.16,16.29,482294,0.0,0.0,0.0,0.0,0.0
2011-08-31 16:00:00-04:00,16.13,16.17,15.75,15.97,365496,0.0,0.0,0.0,0.0,0.0
2011-09-01 16:00:00-04:00,15.89,16.1,15.185,15.27,451500,0.0,0.0,0.0,0.0,0.0
2011-09-02 16:00:00-04:00,14.92,15.28,14.64,14.71,449708,0.0,0.0,0.0,0.0,0.0
2011-09-06 16:00:00-04:00,14.24,14.93,14.24,14.88,415356,0.0,0.0,0.0,0.0,0.0
2011-09-07 16:00:00-04:00,14.99,15.47,14.9626,15.45,500472,0.0,0.0,0.0,0.0,0.0
2011-09-08 16:00:00-04:00,15.28,15.7,15.1,15.22,395489,0.0,0.0,0.0,0.0,0.0
2011-09-09 16:00:00-04:00,15.01,15.22,14.48,14.62,311531,0.0,0.0,0.0,0.0,0.0
2011-09-12 16:00:00-04:00,14.35,15.04,14.35,14.93,197649,0.0,0.0,0.0,0.0,0.0
2011-09-13 16:00:00-04:00,14.96,15.4,14.82,15.13,282100,0.0,0.0,0.0,0.0,0.0
2011-09-14 16:00:00-04:00,15.27,15.48,14.92,15.33,257545,0.0,0.0,0.0,0.0,0.0
2011-09-15 16:00:00-04:00,15.44,15.46,15.04,15.46,187407,0.0,0.0,0.0,0.0,0.0
2011-09-16 16:00:00-04:00,15.63,15.73,15.11,15.39,364306,0.0,0.0,0.0,0.0,0.0
2011-09-19 16:00:00-04:00,15.11,15.14,14.72,14.89,193473,0.0,0.0,0.0,0.0,0.0
2011-09-20 16:00:00-04:00,14.88,15.18,14.7,14.72,148894,0.0,0.0,0.0,0.0,0.0
2011-09-21 16:00:00-04:00,14.66,14.75,13.53,13.62,436428,0.0,0.0,0.0,0.0,0.0
2011-09-22 16:00:00-04:00,13.22,13.6,12.84,13.34,546065,0.0,0.0,0.0,0.0,0.0
2011-09-23 16:00:00-04:00,13.34,13.75,13.27,13.66,298339,0.0,0.0,0.0,0.0,0.0
2011-09-26 16:00:00-04:00,13.8,14.1,13.5001,14.08,184950,0.0,0.0,0.0,0.0,0.0
2011-09-27 16:00:00-04:00,14.4,14.7688,14.17,14.43,367488,0.0,0.0,0.0,0.0,0.0
2011-09-28 16:00:00-04:00,14.36,14.52,13.62,13.65,232134,0.0,0.0,0.0,0.0,0.0
2011-09-29 16:00:00-04:00,14.04,14.32,13.75,14.29,171644,0.0,0.0,0.0,0.0,0.0
2011-09-30 16:00:00-04:00,14.01,14.36,13.79,13.8,273069,0.0,0.0,0.0,0.0,0.0
2011-10-03 16:00:00-04:00,13.71,14.07,13.13,13.4,493509,0.0,0.0,0.0,0.0,0.0
2011-10-04 16:00:00-04:00,13.25,14.79,13.25,14.73,495819,0.0,0.0,0.0,0.0,0.0
2011-10-05 16:00:00-04:00,14.66,15.13,14.32,15.03,349222,0.0,0.0,0.0,0.0,0.0
2011-10-06 16:00:00-04:00,15.07,15.59,14.72,15.55,344221,0.0,0.0,0.0,0.0,0.0
2011-10-07 16:00:00-04:00,15.57,15.57,14.6,14.65,289201,0.0,0.0,0.0,0.0,0.0
2011-10-10 16:00:00-04:00,14.72,15.4,14.51,15.37,379141,0.0,0.0,0.0,0.0,0.0
2011-10-11 16:00:00-04:00,15.2,15.94,15.15,15.84,300621,0.0,0.0,0.0,0.0,0.0
2011-10-12 16:00:00-04:00,15.93,16.5,15.76,16.27,349041,0.0,0.0,0.0,0.0,0.0
2011-10-13 16:00:00-04:00,16.14,16.14,15.28,15.42,245549,0.0,0.0,0.0,0.0,0.0
2011-10-14 16:00:00-04:00,15.57,15.77,15.2,15.64,180887,0.0,0.0,0.0,0.0,0.0
2011-10-17 16:00:00-04:00,15.45,15.61,14.8,14.88,239293,0.0,0.0,0.0,0.0,0.0
2011-10-18 16:00:00-04:00,14.92,16.05,14.88,15.83,336745,0.0,0.0,0.0,0.0,0.0
2011-10-19 16:00:00-04:00,15.82,16.22,15.56,15.98,401849,0.0,0.0,0.0,0.0,0.0
2011-10-20 16:00:00-04:00,16.05,16.37,15.5,16.32,283974,0.0,0.0,0.0,0.0,0.0
2011-10-21 16:00:00-04:00,16.53,16.8,16.165,16.69,1531560,0.0,0.0,0.0,0.0,0.0
2011-10-24 16:00:00-04:00,16.69,17.23,16.44,16.85,386299,0.0,0.0,0.0,0.0,0.0
2011-10-25 16:00:00-04:00,16.51,16.8,15.85,15.96,389144,0.0,0.0,0.0,0.0,0.0
2011-10-26 16:00:00-04:00,16.18,16.5,15.89,16.23,545259,0.0,0.0,0.0,0.0,0.0
2011-10-27 16:00:00-04:00,16.82,17.28,16.2656,17.06,608587,0.0,0.0,0.0,0.0,0.0
2011-10-28 16:00:00-04:00,16.96,17.2,16.88,17.04,330565,0.0,0.0,0.0,0.0,0.0
2011-10-31 16:00:00-04:00,16.75,16.94,16.39,16.4,240926,0.0,0.0,0.0,0.0,0.0
2011-11-01 16:00:00-04:00,15.8,16.19,15.41,15.51,267978,0.0,0.0,0.0,0.0,0.0
2011-11-02 16:00:00-04:00,15.8,16.4,15.61,16.37,216595,0.0,0.0,0.0,0.0,0.0
2011-11-03 16:00:00-04:00,16.58,16.9,16.01,16.84,264519,0.0,0.0,0.0,0.0,0.0
2011-11-04 16:00:00-04:00,16.66,16.66,16.19,16.39,141878,0.0,0.0,0.0,0.0,0.0
2011-11-07 16:00:00-05:00,16.31,16.7,16.11,16.63,133986,0.0,0.0,0.0,0.0,0.0
2011-11-08 16:00:00-05:00,16.7,16.86,16.24,16.77,229496,0.0,0.0,0.0,0.0,0.0
2011-11-09 16:00:00-05:00,16.33,16.56,15.6,15.62,289974,0.0,0.0,0.0,0.0,0.0
2011-11-10 16:00:00-05:00,15.93,16.21,15.73,15.97,153283,0.0,0.0,0.0,0.0,0.0
2011-11-11 16:00:00-05:00,16.2,16.57,16.1455,16.5,288698,0.0,0.0,0.0,0.0,0.0
2011-11-14 16:00:00-05:00,16.41,16.47,15.77,15.84,233811,0.0,0.0,0.0,0.0,0.0
2011-11-15 16:00:00-05:00,15.74,16.33,15.74,16.27,251029,0.0,0.0,0.0,0.0,0.0
2011-11-16 16:00:00-05:00,16.11,16.6,15.88,15.93,191783,0.0,0.0,0.0,0.0,0.0
2011-11-17 16:00:00-05:00,15.97,16.17,15.73,15.87,279566,0.0,0.0,0.0,0.0,0.0
2011-11-18 16:00:00-05:00,15.9,16.08,15.79,16.05,313042,0.0,0.0,0.0,0.0,0.0
2011-11-21 16:00:00-05:00,15.72,15.87,15.4,15.46,215415,0.0,0.0,0.0,0.0,0.0
2011-11-22 16:00:00-05:00,15.43,15.74,15.25,15.35,143609,0.0,0.0,0.0,0.0,0.0
2011-11-23 16:00:00-05:00,15.19,15.3,14.64,14.78,249608,0.0,0.0,0.0,0.0,0.0
2011-11-25 13:00:00-05:00,14.72,15.1,14.5,14.51,88442,0.0,0.0,0.0,0.0,0.0
2011-11-28 16:00:00-05:00,14.97,15.21,14.81,15.13,256167,0.0,0.0,0.0,0.0,0.0
2011-11-29 16:00:00-05:00,15.09,15.24,14.81,14.88,180632,0.0,0.0,0.0,0.0,0.0
2011-11-30 16:00:00-05:00,15.19,15.91,15.19,15.88,512438,0.0,0.0,0.0,0.0,0.0
2011-12-01 16:00:00-05:00,15.78,15.98,15.53,15.65,163980,0.0,0.0,0.0,0.0,0.0
2011-12-02 16:00:00-05:00,15.91,16.17,15.77,15.91,141443,0.0,0.0,0.0,0.0,0.0
2011-12-05 16:00:00-05:00,16.21,16.21,15.88,16.1,197916,0.0,0.0,0.0,0.0,0.0
2011-12-06 16:00:00-05:00,16.08,16.33,15.93,16.08,218793,0.0,0.0,0.0,0.0,0.0
2011-12-07 16:00:00-05:00,15.96,16.45,15.69,16.4,265850,0.0,0.0,0.0,0.0,0.0
2011-12-08 16:00:00-05:00,16.21,16.21,15.8,15.81,276905,0.0,0.0,0.0,0.0,0.0
2011-12-09 16:00:00-05:00,15.93,16.65,15.88,16.53,230594,0.0,0.0,0.0,0.0,0.0
2011-12-12 16:00:00-05:00,16.24,16.24,15.94,16.17,178434,0.0,0.0,0.0,0.0,0.0
2011-12-13 16:00:00-05:00,16.3,16.5299,15.69,15.8,169834,0.0,0.0,0.0,0.0,0.0
2011-12-14 16:00:00-05:00,15.6,16.16,15.6,15.62,230998,0.0,0.0,0.0,0.0,0.0
2011-12-15 16:00:00-05:00,15.87,16.16,15.77,16.14,238174,0.0,0.0,0.0,0.0,0.0
2011-12-16 16:00:00-05:00,16.31,16.79,16.06,16.24,659026,0.0,0.0,0.0,0.0,0.0
2011-12-19 16:00:00-05:00,16.37,16.55,15.7,15.74,224128,0.0,0.0,0.0,0.0,0.0
2011-12-20 16:00:00-05:00,16.04,16.69,15.95,16.59,267772,0.0,0.0,0.0,0.0,0.0
2011-12-21 16:00:00-05:00,16.68,16.79,16.19,16.71,177326,0.0,0.0,0.0,0.0,0.0
2011-12-22 16:00:00-05:00,16.81,17.33,16.73,16.94,195993,0.0,0.0,0.0,0.0,0.0
2011-12-23 16:00:00-05:00,17.0,17.01,16.74,16.88,97790,0.0,0.0,0.0,0.0,0.0
2011-12-27 16:00:00-05:00,16.77,17.17,16.76,17.06,138141,0.0,0.0,0.0,0.0,0.0
2011-12-28 16:00:00-05:00,17.08,17.25,16.54,16.58,179870,0.0,0.0,0.0,0.0,0.0
2011-12-29 16:00:00-05:00,16.67,17.05,16.66,16.98,159161,0.0,0.0,0.0,0.0,0.0
2011-12-30 16:00:00-05:00,16.92,17.06,16.61,16.64,165304,0.0,0.0,0.0,0.0,0.0
2012-01-03 16:00:00-05:00,17.1,17.35,17.02,17.24,230597,0.0,0.0,0.0,0.0,0.0
2012-01-04 16:00:00-05:00,17.06,17.23,16.85,17.11,151592,0.0,0.0,0.0,0.0,0.0
2012-01-05 16:00:00-05:00,16.98,17.72,16.79,17.42,258674,0.0,0.0,0.0,0.0,0.0
2012-01-06 16:00:00-05:00,17.46,17.57,17.05,17.28,175765,0.0,0.0,0.0,0.0,0.0
2012-01-09 16:00:00-05:00,17.39,17.55,17.15,17.47,167271,0.0,0.0,0.0,0.0,0.0
2012-01-10 16:00:00-05:00,17.73,17.93,17.51,17.84,247416,0.0,0.0,0.0,0.0,0.0
2012-01-11 16:00:00-05:00,17.78,17.84,17.65,17.79,223081,0.0,0.0,0.0,0.0,0.0
2012-01-12 16:00:00-05:00,17.89,17.94,17.52,17.9,163857,0.0,0.0,0.0,0.0,0.0
2012-01-13 16:00:00-05:00,17.51,17.9,17.51,17.74,116012,0.0,0.0,0.0,0.0,0.0
2012-01-17 16:00:00-05:00,17.85,18.0,17.48,17.55,229666,0.0,0.0,0.0,0.0,0.0
2012-01-18 16:00:00-05:00,17.51,17.8684,17.3015,17.86,112588,0.0,0.0,0.0,0.0,0.0
2012-01-19 16:00:00-05:00,18.0,18.0,17.52,17.83,136198,0.0,0.0,0.0,0.0,0.0
2012-01-20 16:00:00-05:00,17.73,18.15,17.64,17.93,242472,0.0,0.0,0.0,0.0,0.0
2012-01-23 16:00:00-05:00,17.89,18.04,17.64,17.71,132965,0.0,0.0,0.0,0.0,0.0
2012-01-24 16:00:00-05:00,17.62,17.93,17.41,17.8,202069,0.0,0.0,0.0,0.0,0.0
2012-01-25 16:00:00-05:00,17.73,18.09,17.73,17.9,268660,0.0,0.0,0.0,0.0,0.0
2012-01-26 16:00:00-05:00,17.94,18.25,17.32,17.55,296874,0.0,0.0,0.0,0.0,0.0
2012-01-27 16:00:00-05:00,17.52,17.86,17.5,17.56,230136,0.0,0.0,0.0,0.0,0.0
2012-01-30 16:00:00-05:00,17.45,17.67,17.32,17.4,288627,0.0,0.0,0.0,0.0,0.0
2012-01-31 16:00:00-05:00,17.56,17.63,17.24,17.38,273976,0.0,0.0,0.0,0.0,0.0
2012-02-01 16:00:00-05:00,17.53,17.96,17.41,17.89,444676,0.0,0.0,0.0,0.0,0.0
2012-02-02 16:00:00-05:00,17.9,18.2,17.75,17.92,224601,0.0,0.0,0.0,0.0,0.0
2012-02-03 16:00:00-05:00,18.25,18.39,18.1,18.28,391205,0.0,0.0,0.0,0.0,0.0
2012-02-06 16:00:00-05:00,17.96,18.19,17.58,17.74,574913,0.0,0.0,0.0,0.0,0.0
2012-02-07 16:00:00-05:00,17.69,17.8692,17.59,17.68,203207,0.0,0.0,0.0,0.0,0.0
2012-02-08 16:00:00-05:00,17.72,17.93,17.5,17.7,177785,0.0,0.0,0.0,0.0,0.0
2012-02-09 16:00:00-05:00,17.79,17.8687,17.44,17.47,170365,0.0,0.0,0.0,0.0,0.0
2012-02-10 16:00:00-05:00,17.23,17.3,17.06,17.08,119816,0.0,0.0,0.0,0.0,0.0
2012-02-13 16:00:00-05:00,17.3,17.35,17.15,17.3,156298,0.0,0.0,0.0,0.0,0.0
2012-02-14 16:00:00-05:00,17.28,17.3,17.06,17.18,132023,0.0,0.0,0.0,0.0,0.0
2012-02-15 16:00:00-05:00,17.23,17.29,17.02,17.11,218378,0.0,0.0,0.0,0.0,0.0
2012-02-16 16:00:00-05:00,17.12,17.47,16.99,17.44,348375,0.0,0.0,0.0,0.0,0.0
2012-02-17 16:00:00-05:00,17.41,17.51,17.32,17.39,241341,0.0,0.0,0.0,0.0,0.0
2012-02-21 16:00:00-05:00,17.45,17.51,17.14,17.19,200453,0.0,0.0,0.0,0.0,0.0
2012-02-22 16:00:00-05:00,17.13,17.2,16.76,16.77,190185,0.0,0.0,0.0,0.0,0.0
2012-02-23 16:00:00-05:00,16.84,17.11,16.71,17.0,149801,0.0,0.0,0.0,0.0,0.0
2012-02-24 16:00:00-05:00,16.99,17.0,16.7,16.81,145729,0.0,0.0,0.0,0.0,0.0
2012-02-27 16:00:00-05:00,16.74,16.97,16.51,16.88,241670,0.0,0.0,0.0,0.0,0.0
2012-02-28 16:00:00-05:00,16.92,17.05,16.7103,16.83,272640,0.0,0.0,0.0,0.0,0.0
2012-02-29 16:00:00-05:00,16.62,16.71,16.32,16.37,228715,0.0,0.0,0.0,0.0,0.0
2012-03-01 16:00:00-05:00,16.42,16.73,16.29,16.33,219979,0.0,0.0,0.0,0.0,0.0
2012-03-02 16:00:00-05:00,16.35,16.35,15.87,16.11,403412,0.0,0.0,0.0,0.0,0.0
2012-03-05 16:00:00-05:00,16.02,16.61,16.0,16.46,435047,0.0,0.0,0.0,0.0,0.0
2012-03-06 16:00:00-05:00,16.31,16.37,16.11,16.25,370185,0.0,0.0,0.0,0.0,0.0
2012-03-07 16:00:00-05:00,16.34,16.57,16.3,16.52,244190,0.0,0.0,0.0,0.0,0.0
2012-03-08 16:00:00-05:00,16.61,16.87,16.48,16.84,282464,0.0,0.0,0.0,0.0,0.0
2012-03-09 16:00:00-05:00,16.85,17.27,16.73,17.08,238876,0.0,0.0,0.0,0.0,0.0
2012-03-12 16:00:00-04:00,17.04,17.09,16.87,16.91,120059,0.0,0.0,0.0,0.0,0.0
2012-03-13 16:00:00-04:00,17.04,17.09,16.94,17.06,428173,0.0,0.0,0.0,0.0,0.0
2012-03-14 16:00:00-04:00,17.09,17.2,16.87,16.99,208523,0.0,0.0,0.0,0.0,0.0
2012-03-15 16:00:00-04:00,17.06,17.21,16.86,17.21,263607,0.0,0.0,0.0,0.0,0.0
2012-03-16 16:00:00-04:00,17.21,17.55,17.07,17.42,521879,0.0,0.0,0.0,0.0,0.0
2012-03-19 16:00:00-04:00,17.39,17.6,17.15,17.37,351208,0.0,0.0,0.0,0.0,0.0
2012-03-20 16:00:00-04:00,17.22,17.39,17.06,17.27,205602,0.0,0.0,0.0,0.0,0.0
2012-03-21 16:00:00-04:00,17.35,17.35,17.08,17.2,92820,0.0,0.0,0.0,0.0,0.0
2012-03-22 16:00:00-04:00,17.07,17.07,16.68,16.85,136928,0.0,0.0,0.0,0.0,0.0
2012-03-23 16:00:00-04:00,16.74,16.98,16.68,16.95,188641,0.0,0.0,0.0,0.0,0.0
2012-03-26 16:00:00-04:00,17.17,17.4,17.06,17.37,156241,0.0,0.0,0.0,0.0,0.0
2012-03-27 16:00:00-04:00,17.41,17.41,17.16,17.17,131170,0.0,0.0,0.0,0.0,0.0
2012-03-28 16:00:00-04:00,17.22,17.46,17.17,17.44,174135,0.0,0.0,0.0,0.0,0.0
2012-03-29 16:00:00-04:00,17.27,17.35,17.02,17.31,150047,0.0,0.0,0.0,0.0,0.0
2012-03-30 16:00:00-04:00,17.49,17.49,17.21,17.3,245712,0.0,0.0,0.0,0.0,0.0
2012-04-02 16:00:00-04:00,17.34,17.77,17.25,17.7,367914,0.0,0.0,0.0,0.0,0.0
2012-04-03 16:00:00-04:00,17.69,17.81,17.42,17.63,252649,0.0,0.0,0.0,0.0,0.0
2012-04-04 16:00:00-04:00,17.48,17.51,17.05,17.34,185215,0.0,0.0,0.0,0.0,0.0
2012-04-05 16:00:00-04:00,17.22,17.35,17.1,17.2,103664,0.0,0.0,0.0,0.0,0.0
2012-04-09 16:00:00-04:00,16.92,17.0397,16.83,16.86,170088,0.0,0.0,0.0,0.0,0.0
2012-04-10 16:00:00-04:00,16.89,16.94,16.43,16.56,210790,0.0,0.0,0.0,0.0,0.0
2012-04-11 16:00:00-04:00,16.8,16.92,16.6,16.83,201643,0.0,0.0,0.0,0.0,0.0
2012-04-12 16:00:00-04:00,16.89,17.08,16.82,17.05,155324,0.0,0.0,0.0,0.0,0.0
2012-04-13 16:00:00-04:00,17.01,17.01,16.5,16.51,165249,0.0,0.0,0.0,0.0,0.0
2012-04-16 16:00:00-04:00,16.59,16.86,16.46,16.83,169678,0.0,0.0,0.0,0.0,0.0
2012-04-17 16:00:00-04:00,17.04,17.37,16.862,17.22,226038,0.0,0.0,0.0,0.0,0.0
2012-04-18 16:00:00-04:00,17.14,17.14,16.72,16.9,244434,0.0,0.0,0.0,0.0,0.0
2012-04-19 16:00:00-04:00,16.96,17.16,16.61,16.8,212538,0.0,0.0,0.0,0.0,0.0
2012-04-20 16:00:00-04:00,17.08,17.23,16.93,17.1,205154,0.0,0.0,0.0,0.0,0.0
2012-04-23 16:00:00-04:00,16.79,16.87,16.62,16.78,235685,0.0,0.0,0.0,0.0,0.0
2012-04-24 16:00:00-04:00,16.86,17.26,16.86,17.06,209298,0.0,0.0,0.0,0.0,0.0
2012-04-25 16:00:00-04:00,17.34,17.43,16.67,17.1,299729,0.0,0.0,0.0,0.0,0.0
2012-04-26 16:00:00-04:00,17.11,17.11,16.51,16.84,314567,0.0,0.0,0.0,0.0,0.0
2012-04-27 16:00:00-04:00,16.82,16.99,16.52,16.94,355139,0.0,0.0,0.0,0.0,0.0
2012-04-30 16:00:00-04:00,16.97,16.97,16.67,16.81,278264,0.0,0.0,0.0,0.0,0.0
2012-05-01 16:00:00-04:00,16.88,17.3,16.84,16.96,369516,0.0,0.0,0.0,0.0,0.0
2012-05-02 16:00:00-04:00,16.92,17.16,16.84,17.01,217369,0.0,0.0,0.0,0.0,0.0
2012-05-03 16:00:00-04:00,17.0,17.2,16.92,16.92,284282,0.0,0.0,0.0,0.0,0.0
2012-05-04 16:00:00-04:00,16.87,17.01,16.66,16.8,362546,0.0,0.0,0.0,0.0,0.0
2012-05-07 16:00:00-04:00,16.78,17.16,16.66,16.92,288907,0.0,0.0,0.0,0.0,0.0
2012-05-08 16:00:00-04:00,16.83,16.95,16.7,16.77,293463,0.0,0.0,0.0,0.0,0.0
2012-05-09 16:00:00-04:00,16.65,16.67,16.38,16.49,317624,0.0,0.0,0.0,0.0,0.0
2012-05-10 16:00:00-04:00,16.61,16.81,16.55,16.8,180228,0.0,0.0,0.0,0.0,0.0
2012-05-11 16:00:00-04:00,16.62,16.9,16.26,16.58,128886,0.0,0.0,0.0,0.0,0.0
2012-05-14 16:00:00-04:00,16.4,16.58,16.32,16.39,160316,0.0,0.0,0.0,0.0,0.0
2012-05-15 16:00:00-04:00,16.36,16.54,16.27,16.37,102183,0.0,0.0,0.0,0.0,0.0
2012-05-16 16:00:00-04:00,16.5,16.54,16.24,16.24,109010,0.0,0.0,0.0,0.0,0.0
2012-05-17 16:00:00-04:00,16.25,16.3493,16.0,16.0,152481,0.0,0.0,0.0,0.0,0.0
2012-05-18 16:00:00-04:00,15.98,16.18,15.86,15.87,227572,0.0,0.0,0.0,0.0,0.0
2012-05-21 16:00:00-04:00,15.98,16.2,15.82,15.89,295078,0.0,0.0,0.0,0.0,0.0
2012-05-22 16:00:00-04:00,15.95,16.18,15.89,15.99,280956,0.0,0.0,0.0,0.0,0.0
2012-05-23 16:00:00-04:00,15.85,16.15,15.77,16.08,180420,0.0,0.0,0.0,0.0,0.0
2012-05-24 16:00:00-04:00,16.17,16.31,15.93,16.31,142856,0.0,0.0,0.0,0.0,0.0
2012-05-25 16:00:00-04:00,16.34,16.35,16.13,16.21,139409,0.0,0.0,0.0,0.0,0.0
2012-05-29 16:00:00-04:00,15.93,16.22,15.86,16.15,281538,0.0,0.0,0.0,0.0,0.0
2012-05-30 16:00:00-04:00,15.78,15.78,15.38,15.39,301280,0.0,0.0,0.0,0.0,0.0
2012-05-31 16:00:00-04:00,15.46,15.49,15.22,15.36,466734,0.0,0.0,0.0,0.0,0.0
2012-06-01 16:00:00-04:00,15.1,15.17,14.78,14.92,337105,0.0,0.0,0.0,0.0,0.0
2012-06-04 16:00:00-04:00,14.97,14.9985,14.71,14.88,293555,0.0,0.0,0.0,0.0,0.0
2012-06-05 16:00:00-04:00,14.84,15.1,14.84,15.02,327195,0.0,0.0,0.0,0.0,0.0
2012-06-06 16:00:00-04:00,15.07,15.39,15.005,15.39,256444,0.0,0.0,0.0,0.0,0.0
2012-06-07 16:00:00-04:00,15.68,15.71,15.46,15.62,352532,0.0,0.0,0.0,0.0,0.0
2012-06-08 16:00:00-04:00,15.59,16.02,15.52,15.88,179936,0.0,0.0,0.0,0.0,0.0
2012-06-11 16:00:00-04:00,16.13,16.13,15.36,15.38,209268,0.0,0.0,0.0,0.0,0.0
2012-06-12 16:00:00-04:00,15.52,15.63,15.31,15.54,191513,0.0,0.0,0.0,0.0,0.0
2012-06-13 16:00:00-04:00,15.47,15.82,15.33,15.37,134102,0.0,0.0,0.0,0.0,0.0
2012-06-14 16:00:00-04:00,15.45,15.63,15.37,15.51,131552,0.0,0.0,0.0,0.0,0.0
2012-06-15 16:00:00-04:00,15.54,15.87,15.45,15.76,343857,0.0,0.0,0.0,0.0,0.0
2012-06-18 16:00:00-04:00,15.68,15.8201,15.61,15.63,123144,0.0,0.0,0.0,0.0,0.0
2012-06-19 16:00:00-04:00,15.75,16.01,15.63,15.88,140076,0.0,0.0,0.0,0.0,0.0
2012-06-20 16:00:00-04:00,15.93,15.95,15.65,15.79,137350,0.0,0.0,0.0,0.0,0.0
2012-06-21 16:00:00-04:00,15.84,15.89,15.27,15.345,206534,0.0,0.0,0.0,0.0,0.0
2012-06-22 16:00:00-04:00,15.5,15.54,15.32,15.46,368814,0.0,0.0,0.0,0.0,0.0
2012-06-25 16:00:00-04:00,15.29,15.319,15.085,15.13,155513,0.0,0.0,0.0,0.0,0.0
2012-06-26 16:00:00-04:00,15.2,15.38,15.05,15.22,114124,0.0,0.0,0.0,0.0,0.0
2012-06-27 16:00:00-04:00,15.28,15.54,15.17,15.53,174473,0.0,0.0,0.0,0.0,0.0
2012-06-28 16:00:00-04:00,15.39,15.7,15.23,15.7,154488,0.0,0.0,0.0,0.0,0.0
2012-06-29 16:00:00-04:00,16.09,16.3,15.9,15.98,265436,0.0,0.0,0.0,0.0,0.0
2012-07-02 16:00:00-04:00,16.14,16.26,15.932,16.26,217504,0.0,0.0,0.0,0.0,0.0
2012-07-03 16:00:00-04:00,16.32,16.52,16.22,16.51,183600,0.0,0.0,0.0,0.0,0.0
2012-07-05 16:00:00-04:00,16.4,16.58,16.35,16.48,142303,0.0,0.0,0.0,0.0,0.0
2012-07-06 16:00:00-04:00,16.26,16.49,16.26,16.44,127395,0.0,0.0,0.0,0.0,0.0
2012-07-09 16:00:00-04:00,16.42,16.44,16.24,16.35,182584,0.0,0.0,0.0,0.0,0.0
2012-07-10 16:00:00-04:00,16.45,16.5397,16.22,16.3,116230,0.0,0.0,0.0,0.0,0.0
2012-07-11 16:00:00-04:00,16.38,16.5,16.23,16.45,132933,0.0,0.0,0.0,0.0,0.0
2012-07-12 16:00:00-04:00,16.39,16.55,16.31,16.52,154564,0.0,0.0,0.0,0.0,0.0
2012-07-13 16:00:00-04:00,16.59,16.84,16.56,16.83,150804,0.0,0.0,0.0,0.0,0.0
2012-07-16 16:00:00-04:00,16.76,16.81,16.61,16.71,240964,0.0,0.0,0.0,0.0,0.0
2012-07-17 16:00:00-04:00,16.84,17.0,16.56,16.9,121161,0.0,0.0,0.0,0.0,0.0
2012-07-18 16:00:00-04:00,16.9,17.07,16.65,16.77,249323,0.0,0.0,0.0,0.0,0.0
2012-07-19 16:00:00-04:00,16.84,16.87,16.43,16.43,106447,0.0,0.0,0.0,0.0,0.0
2012-07-20 16:00:00-04:00,16.32,16.39,16.26,16.31,154073,0.0,0.0,0.0,0.0,0.0
2012-07-23 16:00:00-04:00,16.09,16.32,16.0162,16.17,118429,0.0,0.0,0.0,0.0,0.0
2012-07-24 16:00:00-04:00,16.28,16.33,16.02,16.21,168035,0.0,0.0,0.0,0.0,0.0
2012-07-25 16:00:00-04:00,16.43,16.43,15.89,15.91,173154,0.0,0.0,0.0,0.0,0.0
2012-07-26 16:00:00-04:00,16.1,16.1,15.8,15.87,782055,0.0,0.0,0.0,0.0,0.0
2012-07-27 16:00:00-04:00,15.92,16.25,15.72,16.08,265172,0.0,0.0,0.0,0.0,0.0
2012-07-30 16:00:00-04:00,16.14,16.27,15.87,15.88,138287,0.0,0.0,0.0,0.0,0.0
2012-07-31 16:00:00-04:00,15.88,16.13,15.88,15.96,207966,0.0,0.0,0.0,0.0,0.0
2012-08-01 16:00:00-04:00,16.1,16.15,15.73,15.73,256131,0.0,0.0,0.0,0.0,0.0
2012-08-02 16:00:00-04:00,15.69,15.76,15.5,15.58,149915,0.0,0.0,0.0,0.0,0.0
2012-08-03 16:00:00-04:00,15.76,16.14,15.6,16.01,160666,0.0,0.0,0.0,0.0,0.0
2012-08-06 16:00:00-04:00,16.08,16.19,15.86,15.98,142297,0.0,0.0,0.0,0.0,0.0
2012-08-07 16:00:00-04:00,16.1,16.2,16.0,16.06,130920,0.0,0.0,0.0,0.0,0.0
2012-08-08 16:00:00-04:00,16.03,16.16,15.95,16.06,152114,0.0,0.0,0.0,0.0,0.0
2012-08-09 16:00:00-04:00,16.06,16.19,16.01,16.03,130377,0.0,0.0,0.0,0.0,0.0
2012-08-10 16:00:00-04:00,16.04,16.06,15.8401,15.99,81756,0.0,0.0,0.0,0.0,0.0
2012-08-13 16:00:00-04:00,16.01,16.29,15.81,16.25,205296,0.0,0.0,0.0,0.0,0.0
2012-08-14 16:00:00-04:00,16.33,16.4,15.99,16.03,299732,0.0,0.0,0.0,0.0,0.0
2012-08-15 16:00:00-04:00,15.97,16.21,15.96,16.15,107708,0.0,0.0,0.0,0.0,0.0
2012-08-16 16:00:00-04:00,16.2,16.3,16.02,16.26,116756,0.0,0.0,0.0,0.0,0.0
2012-08-17 16:00:00-04:00,16.25,16.51,16.24,16.51,104539,0.0,0.0,0.0,0.0,0.0
2012-08-20 16:00:00-04:00,16.45,16.66,16.4207,16.63,171733,0.0,0.0,0.0,0.0,0.0
2012-08-21 16:00:00-04:00,16.75,17.04,16.611,16.8,247667,0.0,0.0,0.0,0.0,0.0
2012-08-22 16:00:00-04:00,16.84,16.92,16.7,16.78,195969,0.0,0.0,0.0,0.0,0.0
2012-08-23 16:00:00-04:00,16.81,16.89,16.47,16.48,160439,0.0,0.0,0.0,0.0,0.0
2012-08-24 16:00:00-04:00,16.48,16.69,16.44,16.51,107072,0.0,0.0,0.0,0.0,0.0
2012-08-27 16:00:00-04:00,16.62,16.709,16.4536,16.53,137404,0.0,0.0,0.0,0.0,0.0
2012-08-28 16:00:00-04:00,16.56,16.72,16.495,16.54,162502,0.0,0.0,0.0,0.0,0.0
2012-08-29 16:00:00-04:00,16.25,16.56,16.25,16.485,157680,0.0,0.0,0.0,0.0,0.0
2012-08-30 16:00:00-04:00,16.46,16.46,16.27,16.35,62117,0.0,0.0,0.0,0.0,0.0
2012-08-31 16:00:00-04:00,16.45,16.45,16.19,16.28,143251,0.0,0.0,0.0,0.0,0.0
2012-09-04 16:00:00-04:00,16.37,16.63,16.2135,16.6,178600,0.0,0.0,0.0,0.0,0.0
2012-09-05 16:00:00-04:00,16.74,16.74,16.44,16.64,307591,0.0,0.0,0.0,0.0,0.0
2012-09-06 16:00:00-04:00,16.79,17.04,16.72,16.88,357538,0.0,0.0,0.0,0.0,0.0
2012-09-07 16:00:00-04:00,17.02,17.22,16.91,17.17,266712,0.0,0.0,0.0,0.0,0.0
2012-09-10 16:00:00-04:00,17.23,17.24,17.05,17.07,166766,0.0,0.0,0.0,0.0,0.0
2012-09-11 16:00:00-04:00,17.12,17.25,17.03,17.11,97605,0.0,0.0,0.0,0.0,0.0
2012-09-12 16:00:00-04:00,17.21,17.21,17.05,17.14,132538,0.0,0.0,0.0,0.0,0.0
2012-09-13 16:00:00-04:00,17.15,17.64,16.945,17.46,199471,0.0,0.0,0.0,0.0,0.0
2012-09-14 16:00:00-04:00,17.52,18.0,17.2827,17.86,245189,0.0,0.0,0.0,0.0,0.0
2012-09-17 16:00:00-04:00,17.83,17.83,17.35,17.46,159769,0.0,0.0,0.0,0.0,0.0
2012-09-18 16:00:00-04:00,17.47,17.55,17.375,17.46,186207,0.0,0.0,0.0,0.0,0.0
2012-09-19 16:00:00-04:00,17.54,17.65,17.37,17.41,145208,0.0,0.0,0.0,0.0,0.0
2012-09-20 16:00:00-04:00,17.33,17.46,17.15,17.39,149511,0.0,0.0,0.0,0.0,0.0
2012-09-21 16:00:00-04:00,17.71,17.71,17.25,17.26,643616,0.0,0.0,0.0,0.0,0.0
2012-09-24 16:00:00-04:00,17.25,17.56,17.15,17.47,176726,0.0,0.0,0.0,0.0,0.0
2012-09-25 16:00:00-04:00,17.54,17.6,17.14,17.19,234192,0.0,0.0,0.0,0.0,0.0
2012-09-26 16:00:00-04:00,17.24,17.3674,16.96,17.04,178168,0.0,0.0,0.0,0.0,0.0
2012-09-27 16:00:00-04:00,17.18,17.22,16.93,17.12,122221,0.0,0.0,0.0,0.0,0.0
2012-09-28 16:00:00-04:00,17.01,17.0879,16.87,16.91,187829,0.0,0.0,0.0,0.0,0.0
2012-10-01 16:00:00-04:00,16.94,17.21,16.86,16.91,232254,0.0,0.0,0.0,0.0,0.0
2012-10-02 16:00:00-04:00,17.03,17.0778,16.71,16.84,221852,0.0,0.0,0.0,0.0,0.0
2012-10-03 16:00:00-04:00,16.92,17.06,16.65,16.71,175738,0.0,0.0,0.0,0.0,0.0
2012-10-04 16:00:00-04:00,16.83,16.9,16.5501,16.87,209273,0.0,0.0,0.0,0.0,0.0
2012-10-05 16:00:00-04:00,16.99,17.15,16.79,16.94,155861,0.0,0.0,0.0,0.0,0.0
2012-10-08 16:00:00-04:00,16.9,17.02,16.8002,16.95,89596,0.0,0.0,0.0,0.0,0.0
2012-10-09 16:00:00-04:00,17.0,17.0,16.6,16.7096,107031,0.0,0.0,0.0,0.0,0.0
2012-10-10 16:00:00-04:00,16.78,16.9,16.68,16.88,99265,0.0,0.0,0.0,0.0,0.0
2012-10-11 16:00:00-04:00,17.0,17.04,16.86,16.87,116491,0.0,0.0,0.0,0.0,0.0
2012-10-12 16:00:00-04:00,16.83,16.83,16.36,16.38,151611,0.0,0.0,0.0,0.0,0.0
2012-10-15 16:00:00-04:00,16.43,16.54,16.25,16.4,153459,0.0,0.0,0.0,0.0,0.0
2012-10-16 16:00:00-04:00,16.5,16.5391,16.13,16.19,260311,0.0,0.0,0.0,0.0,0.0
2012-10-17 16:00:00-04:00,16.27,16.54,16.2,16.47,174418,0.0,0.0,0.0,0.0,0.0
2012-10-18 16:00:00-04:00,16.46,16.61,16.29,16.29,126445,0.0,0.0,0.0,0.0,0.0
2012-10-19 16:00:00-04:00,16.21,16.23,16.1,16.16,181984,0.0,0.0,0.0,0.0,0.0
2012-10-22 16:00:00-04:00,16.17,16.27,16.0,16.25,127158,0.0,0.0,0.0,0.0,0.0
2012-10-23 16:00:00-04:00,16.14,16.33,15.94,16.3,138603,0.0,0.0,0.0,0.0,0.0
2012-10-24 16:00:00-04:00,16.38,16.44,16.14,16.21,105965,0.0,0.0,0.0,0.0,0.0
2012-10-25 16:00:00-04:00,16.36,16.44,16.13,16.44,89134,0.0,0.0,0.0,0.0,0.0
2012-10-26 16:00:00-04:00,16.5,16.5,15.51,15.6,700177,0.0,0.0,0.0,0.0,0.0
2012-10-31 16:00:00-04:00,15.66,15.715,15.3,15.7,331335,0.0,0.0,0.0,0.0,0.0
2012-11-01 16:00:00-04:00,15.76,15.9,15.45,15.61,241078,0.0,0.0,0.0,0.0,0.0
2012-11-02 16:00:00-04:00,15.68,15.7475,15.35,15.36,160853,0.0,0.0,0.0,0.0,0.0
2012-11-05 16:00:00-05:00,15.4,15.57,15.25,15.5,187102,0.0,0.0,0.0,0.0,0.0
2012-11-06 16:00:00-05:00,15.6,15.9,15.49,15.79,153579,0.0,0.0,0.0,0.0,0.0
2012-11-07 16:00:00-05:00,15.64,15.64,15.03,15.04,169151,0.0,0.0,0.0,0.0,0.0
2012-11-08 16:00:00-05:00,15.03,15.31,14.75,14.76,212400,0.0,0.0,0.0,0.0,0.0
2012-11-09 16:00:00-05:00,14.73,15.01,14.73,14.82,109526,0.0,0.0,0.0,0.0,0.0
2012-11-12 16:00:00-05:00,14.91,15.0,14.81,14.88,97431,0.0,0.0,0.0,0.0,0.0
2012-11-13 16:00:00-05:00,14.72,14.97,14.6,14.6,134638,0.0,0.0,0.0,0.0,0.0
2012-11-14 16:00:00-05:00,14.58,14.72,14.25,14.27,168433,0.0,0.0,0.0,0.0,0.0
2012-11-15 16:00:00-05:00,14.23,14.38,14.1,14.17,181524,0.0,0.0,0.0,0.0,0.0
2012-11-16 16:00:00-05:00,14.14,14.36,14.04,14.3,233929,0.0,0.0,0.0,0.0,0.0
2012-11-19 16:00:00-05:00,14.44,14.73,14.3614,14.72,181646,0.0,0.0,0.0,0.0,0.0
2012-11-20 16:00:00-05:00,14.66,14.84,14.61,14.72,125179,0.0,0.0,0.0,0.0,0.0
2012-11-21 16:00:00-05:00,14.81,14.85,14.52,14.58,102867,0.0,0.0,0.0,0.0,0.0
2012-11-23 13:00:00-05:00,14.65,15.0,14.5616,14.98,84817,0.0,0.0,0.0,0.0,0.0
2012-11-26 16:00:00-05:00,14.99,15.046,14.9,15.01,143760,0.0,0.0,0.0,0.0,0.0
2012-11-27 16:00:00-05:00,15.05,15.0901,14.72,14.7208,311497,0.0,0.0,0.0,0.0,0.0
2012-11-28 16:00:00-05:00,14.37,14.528,14.21,14.43,188218,0.0,0.0,0.0,0.0,0.0
2012-11-29 16:00:00-05:00,14.58,14.88,14.44,14.56,239024,0.0,0.0,0.0,0.0,0.0
2012-11-30 16:00:00-05:00,14.62,14.8,14.42,14.53,356702,0.0,0.0,0.0,0.0,0.0
2012-12-03 16:00:00-05:00,14.58,14.64,14.16,14.4,238276,0.0,0.0,0.0,0.0,0.0
2012-12-04 16:00:00-05:00,14.42,14.6174,14.23,14.49,382666,0.0,0.0,0.0,0.0,0.0
2012-12-05 16:00:00-05:00,14.6,14.65,14.22,14.24,252565,0.0,0.0,0.0,0.0,0.0
2012-12-06 16:00:00-05:00,14.27,14.33,14.16,14.24,207965,0.0,0.0,0.0,0.0,0.0
2012-12-07 16:00:00-05:00,14.35,14.35,14.12,14.22,134576,0.0,0.0,0.0,0.0,0.0
2012-12-10 16:00:00-05:00,14.27,14.39,14.2,14.28,193927,0.0,0.0,0.0,0.0,0.0
2012-12-11 16:00:00-05:00,14.41,14.49,14.25,14.37,233156,0.0,0.0,0.0,0.0,0.0
2012-12-12 16:00:00-05:00,14.44,14.5,14.21,14.23,164083,0.0,0.0,0.0,0.0,0.0
2012-12-13 16:00:00-05:00,14.28,14.3087,13.97,14.08,129068,0.0,0.0,0.0,0.0,0.0
2012-12-14 16:00:00-05:00,14.07,14.14,13.87,13.9,147855,0.0,0.0,0.0,0.0,0.0
2012-12-17 16:00:00-05:00,13.98,14.33,13.98,14.32,286127,0.0,0.0,0.0,0.0,0.0
2012-12-18 16:00:00-05:00,14.27,14.39,14.25,14.36,226928,0.0,0.0,0.0,0.0,0.0
2012-12-19 16:00:00-05:00,14.41,14.45,14.25,14.28,171145,0.0,0.0,0.0,0.0,0.0
2012-12-20 16:00:00-05:00,14.32,14.39,14.15,14.31,259457,0.0,0.0,0.0,0.0,0.0
2012-12-21 16:00:00-05:00,14.18,14.32,14.08,14.28,1038212,0.0,0.0,0.0,0.0,0.0
2012-12-24 13:00:00-05:00,14.26,14.35,14.04,14.28,95873,0.0,0.0,0.0,0.0,0.0
2012-12-26 16:00:00-05:00,14.29,14.56,14.1401,14.41,414025,0.0,0.0,0.0,0.0,0.0
2012-12-27 16:00:00-05:00,14.49,14.58,14.24,14.53,491022,0.0,0.0,0.0,0.0,0.0
2012-12-28 16:00:00-05:00,14.46,14.65,14.4,14.49,151355,0.0,0.0,0.0,0.0,0.0
2012-12-31 16:00:00-05:00,14.54,14.64,14.4,14.62,223563,0.0,0.0,0.0,0.0,0.0
2013-01-02 16:00:00-05:00,14.99,15.1,14.8,15.08,473737,0.0,0.0,0.0,0.0,0.0
2013-01-03 16:00:00-05:00,15.09,15.1085,14.95,15.05,245417,0.0,0.0,0.0,0.0,0.0
2013-01-04 16:00:00-05:00,15.14,15.4,15.04,15.26,248463,0.0,0.0,0.0,0.0,0.0
2013-01-07 16:00:00-05:00,15.19,15.25,15.1,15.16,190165,0.0,0.0,0.0,0.0,0.0
2013-01-08 16:00:00-05:00,15.17,15.23,15.01,15.18,189348,0.0,0.0,0.0,0.0,0.0
2013-01-09 16:00:00-05:00,14.4,14.91,14.34,14.76,384042,0.0,0.0,0.0,0.0,0.0
2013-01-10 16:00:00-05:00,14.82,14.93,14.64,14.82,132317,0.0,0.0,0.0,0.0,0.0
2013-01-11 16:00:00-05:00,14.85,14.85,14.44,14.56,188579,0.0,0.0,0.0,0.0,0.0
2013-01-14 16:00:00-05:00,14.5,14.61,14.39,14.5,247253,0.0,0.0,0.0,0.0,0.0
2013-01-15 16:00:00-05:00,14.44,14.49,14.34,14.46,198717,0.0,0.0,0.0,0.0,0.0
2013-01-16 16:00:00-05:00,14.39,14.62,14.39,14.54,201613,0.0,0.0,0.0,0.0,0.0
2013-01-17 16:00:00-05:00,14.6,14.76,14.55,14.68,318601,0.0,0.0,0.0,0.0,0.0
2013-01-18 16:00:00-05:00,14.65,14.92,14.65,14.74,443832,0.0,0.0,0.0,0.0,0.0
2013-01-22 16:00:00-05:00,14.78,14.96,14.74,14.95,213501,0.0,0.0,0.0,0.0,0.0
2013-01-23 16:00:00-05:00,14.97,14.98,14.805,14.93,194904,0.0,0.0,0.0,0.0,0.0
2013-01-24 16:00:00-05:00,14.91,15.11,14.91,15.05,211054,0.0,0.0,0.0,0.0,0.0
2013-01-25 16:00:00-05:00,15.15,15.15,14.83,14.93,158732,0.0,0.0,0.0,0.0,0.0
2013-01-28 16:00:00-05:00,14.93,15.05,14.8,15.03,178365,0.0,0.0,0.0,0.0,0.0
2013-01-29 16:00:00-05:00,15.07,15.25,15.025,15.25,249069,0.0,0.0,0.0,0.0,0.0
2013-01-30 16:00:00-05:00,15.3,15.4884,15.11,15.23,171871,0.0,0.0,0.0,0.0,0.0
2013-01-31 16:00:00-05:00,15.21,15.47,15.12,15.29,325360,0.0,0.0,0.0,0.0,0.0
2013-02-01 16:00:00-05:00,15.41,15.69,15.39,15.68,275787,0.0,0.0,0.0,0.0,0.0
2013-02-04 16:00:00-05:00,15.61,15.61,15.28,15.31,162120,0.0,0.0,0.0,0.0,0.0
2013-02-05 16:00:00-05:00,15.38,15.6,15.37,15.53,152035,0.0,0.0,0.0,0.0,0.0
2013-02-06 16:00:00-05:00,15.41,15.63,15.4,15.61,114283,0.0,0.0,0.0,0.0,0.0
2013-02-07 16:00:00-05:00,15.56,15.63,15.45,15.56,169208,0.0,0.0,0.0,0.0,0.0
2013-02-08 16:00:00-05:00,15.6,15.68,15.54,15.56,156858,0.0,0.0,0.0,0.0,0.0
2013-02-11 16:00:00-05:00,15.54,15.64,15.47,15.51,242981,0.0,0.0,0.0,0.0,0.0
2013-02-12 16:00:00-05:00,15.52,15.63,15.48,15.57,181393,0.0,0.0,0.0,0.0,0.0
2013-02-13 16:00:00-05:00,15.58,15.68,15.55,15.66,166014,0.0,0.0,0.0,0.0,0.0
2013-02-14 16:00:00-05:00,15.62,15.68,15.56,15.57,107601,0.0,0.0,0.0,0.0,0.0
2013-02-15 16:00:00-05:00,15.67,15.7,15.55,15.56,233481,0.0,0.0,0.0,0.0,0.0
2013-02-19 16:00:00-05:00,15.57,15.68,15.57,15.64,215145,0.0,0.0,0.0,0.0,0.0
2013-02-20 16:00:00-05:00,15.58,15.76,15.44,15.46,202113,0.0,0.0,0.0,0.0,0.0
2013-02-21 16:00:00-05:00,15.43,15.68,15.4,15.5,189783,0.0,0.0,0.0,0.0,0.0
2013-02-22 16:00:00-05:00,15.62,15.71,15.4001,15.71,180753,0.0,0.0,0.0,0.0,0.0
2013-02-25 16:00:00-05:00,15.82,15.82,15.28,15.3,179726,0.0,0.0,0.0,0.0,0.0
2013-02-26 16:00:00-05:00,15.38,15.49,15.23,15.4,128920,0.0,0.0,0.0,0.0,0.0
2013-02-27 16:00:00-05:00,15.06,15.36,15.06,15.26,201505,0.0,0.0,0.0,0.0,0.0
2013-02-28 16:00:00-05:00,15.25,15.38,15.2,15.33,181905,0.0,0.0,0.0,0.0,0.0
2013-03-01 16:00:00-05:00,15.16,15.505,15.09,15.43,167797,0.0,0.0,0.0,0.0,0.0
2013-03-04 16:00:00-05:00,15.36,15.512,15.14,15.31,265058,0.0,0.0,0.0,0.0,0.0
2013-03-05 16:00:00-05:00,15.43,15.57,15.41,15.48,345745,0.0,0.0,0.0,0.0,0.0
2013-03-06 16:00:00-05:00,15.57,15.65,15.482,15.63,137739,0.0,0.0,0.0,0.0,0.0
2013-03-07 16:00:00-05:00,15.59,15.72,15.555,15.66,147091,0.0,0.0,0.0,0.0,0.0
2013-03-08 16:00:00-05:00,15.79,15.86,15.575,15.65,175054,0.0,0.0,0.0,0.0,0.0
2013-03-11 16:00:00-04:00,15.62,15.73,15.54,15.71,148723,0.0,0.0,0.0,0.0,0.0
2013-03-12 16:00:00-04:00,15.67,15.735,15.445,15.5,165189,0.0,0.0,0.0,0.0,0.0
2013-03-13 16:00:00-04:00,15.51,15.8,15.41,15.72,190604,0.0,0.0,0.0,0.0,0.0
2013-03-14 16:00:00-04:00,15.75,15.93,15.73,15.92,124469,0.0,0.0,0.0,0.0,0.0
2013-03-15 16:00:00-04:00,15.96,16.11,15.69,16.07,457446,0.0,0.0,0.0,0.0,0.0
2013-03-18 16:00:00-04:00,15.86,16.06,15.86,15.97,91793,0.0,0.0,0.0,0.0,0.0
2013-03-19 16:00:00-04:00,15.96,16.1,15.87,16.05,121389,0.0,0.0,0.0,0.0,0.0
2013-03-20 16:00:00-04:00,16.13,16.14,15.98,16.05,148148,0.0,0.0,0.0,0.0,0.0
2013-03-21 16:00:00-04:00,15.93,16.09,15.84,15.84,176017,0.0,0.0,0.0,0.0,0.0
2013-03-22 16:00:00-04:00,15.86,15.99,15.83,15.93,85194,0.0,0.0,0.0,0.0,0.0
2013-03-25 16:00:00-04:00,16.01,16.02,15.7701,15.88,149807,0.0,0.0,0.0,0.0,0.0
2013-03-26 16:00:00-04:00,16.0,16.0,15.7622,15.88,162663,0.0,0.0,0.0,0.0,0.0
2013-03-27 16:00:00-04:00,15.87,16.01,15.69,15.98,155685,0.0,0.0,0.0,0.0,0.0
2013-03-28 16:00:00-04:00,16.02,16.08,15.91,16.05,163103,0.0,0.0,0.0,0.0,0.0
2013-04-01 16:00:00-04:00,16.01,16.09,15.69,15.77,296191,0.0,0.0,0.0,0.0,0.0
2013-04-02 16:00:00-04:00,15.85,15.93,15.55,15.58,122319,0.0,0.0,0.0,0.0,0.0
2013-04-03 16:00:00-04:00,15.62,15.62,15.38,15.41,162603,0.0,0.0,0.0,0.0,0.0
2013-04-04 16:00:00-04:00,15.4,15.6,15.37,15.59,111794,0.0,0.0,0.0,0.0,0.0
2013-04-05 16:00:00-04:00,15.35,15.63,15.25,15.62,150460,0.0,0.0,0.0,0.0,0.0
2013-04-08 16:00:00-04:00,15.64,15.79,15.44,15.79,116312,0.0,0.0,0.0,0.0,0.0
2013-04-09 16:00:00-04:00,15.78,15.8,15.64,15.66,238475,0.0,0.0,0.0,0.0,0.0
2013-04-10 16:00:00-04:00,15.66,16.01,15.653,15.98,174411,0.0,0.0,0.0,0.0,0.0
2013-04-11 16:00:00-04:00,15.94,16.0001,15.815,15.87,92533,0.0,0.0,0.0,0.0,0.0
2013-04-12 16:00:00-04:00,15.75,15.82,15.66,15.71,102077,0.0,0.0,0.0,0.0,0.0
2013-04-15 16:00:00-04:00,15.64,15.66,15.24,15.26,271374,0.0,0.0,0.0,0.0,0.0
2013-04-16 16:00:00-04:00,15.45,15.4799,15.23,15.39,194475,0.0,0.0,0.0,0.0,0.0
2013-04-17 16:00:00-04:00,15.23,15.4,15.03,15.16,199779,0.0,0.0,0.0,0.0,0.0
2013-04-18 16:00:00-04:00,15.24,15.28,15.07,15.19,165845,0.0,0.0,0.0,0.0,0.0
2013-04-19 16:00:00-04:00,15.18,15.59,15.18,15.49,173029,0.0,0.0,0.0,0.0,0.0
2013-04-22 16:00:00-04:00,15.53,15.53,15.14,15.4,132674,0.0,0.0,0.0,0.0,0.0
2013-04-23 16:00:00-04:00,15.48,15.74,15.48,15.72,77484,0.0,0.0,0.0,0.0,0.0
2013-04-24 16:00:00-04:00,15.72,16.06,15.57,16.03,191584,0.0,0.0,0.0,0.0,0.0
2013-04-25 16:00:00-04:00,16.02,16.03,15.56,15.64,221333,0.0,0.0,0.0,0.0,0.0
2013-04-26 16:00:00-04:00,15.53,15.63,15.28,15.51,244941,0.0,0.0,0.0,0.0,0.0
2013-04-29 16:00:00-04:00,15.51,15.5399,15.39,15.48,132597,0.0,0.0,0.0,0.0,0.0
2013-04-30 16:00:00-04:00,15.39,15.48,15.33,15.37,160446,0.0,0.0,0.0,0.0,0.0
2013-05-01 16:00:00-04:00,15.33,15.36,14.79,14.83,309875,0.0,0.0,0.0,0.0,0.0
2013-05-02 16:00:00-04:00,14.86,15.24,14.85,15.05,189674,0.0,0.0,0.0,0.0,0.0
2013-05-03 16:00:00-04:00,15.25,15.4,15.19,15.26,227189,0.0,0.0,0.0,0.0,0.0
2013-05-06 16:00:00-04:00,15.49,16.04,15.19,15.45,239654,0.0,0.0,0.0,0.0,0.0
2013-05-07 16:00:00-04:00,15.43,15.52,15.39,15.52,298397,0.0,0.0,0.0,0.0,0.0
2013-05-08 16:00:00-04:00,15.44,15.65,15.4,15.6,174617,0.0,0.0,0.0,0.0,0.0
2013-05-09 16:00:00-04:00,15.54,15.58,15.33,15.33,169518,0.0,0.0,0.0,0.0,0.0
2013-05-10 16:00:00-04:00,15.35,15.391,15.26,15.27,137167,0.0,0.0,0.0,0.0,0.0
2013-05-13 16:00:00-04:00,15.26,15.28,15.14,15.19,221040,0.0,0.0,0.0,0.0,0.0
2013-05-14 16:00:00-04:00,15.17,15.54,15.16,15.5,317834,0.0,0.0,0.0,0.0,0.0
2013-05-15 16:00:00-04:00,15.48,15.69,15.42,15.65,330628,0.0,0.0,0.0,0.0,0.0
2013-05-16 16:00:00-04:00,15.56,15.68,15.5,15.62,284824,0.0,0.0,0.0,0.0,0.0
2013-05-17 16:00:00-04:00,15.6,15.76,15.56,15.76,294549,0.0,0.0,0.0,0.0,0.0
2013-05-20 16:00:00-04:00,15.68,15.87,15.6,15.85,187501,0.0,0.0,0.0,0.0,0.0
2013-05-21 16:00:00-04:00,15.89,15.9,15.74,15.88,170196,0.0,0.0,0.0,0.0,0.0
2013-05-22 16:00:00-04:00,15.88,16.16,15.58,15.66,220513,0.0,0.0,0.0,0.0,0.0
2013-05-23 16:00:00-04:00,15.55,15.72,15.39,15.67,156176,0.0,0.0,0.0,0.0,0.0
2013-05-24 16:00:00-04:00,15.62,15.84,15.55,15.83,121976,0.0,0.0,0.0,0.0,0.0
2013-05-28 16:00:00-04:00,16.03,16.21,15.68,16.05,181414,0.0,0.0,0.0,0.0,0.0
2013-05-29 16:00:00-04:00,15.7,15.85,15.2958,15.61,158643,0.0,0.0,0.0,0.0,0.0
2013-05-30 16:00:00-04:00,15.6,15.75,15.48,15.67,130645,0.0,0.0,0.0,0.0,0.0
2013-05-31 16:00:00-04:00,15.55,15.6499,15.4,15.41,163113,0.0,0.0,0.0,0.0,0.0
2013-06-03 16:00:00-04:00,15.48,15.64,15.26,15.5,343238,0.0,0.0,0.0,0.0,0.0
2013-06-04 16:00:00-04:00,15.48,15.56,15.12,15.31,371960,0.0,0.0,0.0,0.0,0.0
2013-06-05 16:00:00-04:00,15.25,15.4,14.99,15.04,205968,0.0,0.0,0.0,0.0,0.0
2013-06-06 16:00:00-04:00,15.07,15.17,14.9,15.01,237871,0.0,0.0,0.0,0.0,0.0
2013-06-07 16:00:00-04:00,15.07,15.3,14.98,15.06,271333,0.0,0.0,0.0,0.0,0.0
2013-06-10 16:00:00-04:00,15.08,15.23,14.936,15.21,312530,0.0,0.0,0.0,0.0,0.0
2013-06-11 16:00:00-04:00,15.06,15.22,15.0,15.07,169530,0.0,0.0,0.0,0.0,0.0
2013-06-12 16:00:00-04:00,15.13,15.15,14.81,14.86,122864,0.0,0.0,0.0,0.0,0.0
2013-06-13 16:00:00-04:00,14.91,15.06,14.78,15.06,142745,0.0,0.0,0.0,0.0,0.0
2013-06-14 16:00:00-04:00,15.07,15.07,14.66,14.69,138754,0.0,0.0,0.0,0.0,0.0
2013-06-17 16:00:00-04:00,14.75,14.78,14.57,14.63,235063,0.0,0.0,0.0,0.0,0.0
2013-06-18 16:00:00-04:00,14.65,14.73,14.55,14.7,499159,0.0,0.0,0.0,0.0,0.0
2013-06-19 16:00:00-04:00,14.65,14.69,14.51,14.62,294931,0.0,0.0,0.0,0.0,0.0
2013-06-20 16:00:00-04:00,14.37,14.59,14.3101,14.52,482586,0.0,0.0,0.0,0.0,0.0
2013-06-21 16:00:00-04:00,14.57,14.77,14.38,14.7,696875,0.0,0.0,0.0,0.0,0.0
2013-06-24 16:00:00-04:00,14.59,14.82,14.51,14.66,353978,0.0,0.0,0.0,0.0,0.0
2013-06-25 16:00:00-04:00,14.83,15.02,14.658,14.93,318238,0.0,0.0,0.0,0.0,0.0
2013-06-26 16:00:00-04:00,15.08,15.13,14.83,14.84,129501,0.0,0.0,0.0,0.0,0.0
2013-06-27 16:00:00-04:00,14.89,15.03,14.88,14.99,201531,0.0,0.0,0.0,0.0,0.0
2013-06-28 16:00:00-04:00,14.91,15.06,14.85,14.9,539133,0.0,0.0,0.0,0.0,0.0
2013-07-01 16:00:00-04:00,15.05,15.3176,14.975,15.19,250142,0.0,0.0,0.0,0.0,0.0
2013-07-02 16:00:00-04:00,15.2,15.37,15.12,15.22,236471,0.0,0.0,0.0,0.0,0.0
2013-07-03 16:00:00-04:00,15.13,15.37,15.08,15.29,197796,0.0,0.0,0.0,0.0,0.0
2013-07-05 16:00:00-04:00,15.52,15.8,15.28,15.79,373120,0.0,0.0,0.0,0.0,0.0
2013-07-08 16:00:00-04:00,15.88,15.8899,15.7,15.75,264731,0.0,0.0,0.0,0.0,0.0
2013-07-09 16:00:00-04:00,15.81,15.82,15.54,15.75,326069,0.0,0.0,0.0,0.0,0.0
2013-07-10 16:00:00-04:00,15.76,15.81,15.62,15.74,222139,0.0,0.0,0.0,0.0,0.0
2013-07-11 16:00:00-04:00,15.85,15.86,15.51,15.53,206814,0.0,0.0,0.0,0.0,0.0
2013-07-12 16:00:00-04:00,15.55,15.72,15.4904,15.69,364178,0.0,0.0,0.0,0.0,0.0
2013-07-15 16:00:00-04:00,15.69,15.95,15.6,15.93,146763,0.0,0.0,0.0,0.0,0.0
2013-07-16 16:00:00-04:00,16.0,16.0,15.62,15.78,156477,0.0,0.0,0.0,0.0,0.0
2013-07-17 16:00:00-04:00,15.85,15.96,15.7,15.77,151232,0.0,0.0,0.0,0.0,0.0
2013-07-18 16:00:00-04:00,15.77,15.99,15.64,15.92,164898,0.0,0.0,0.0,0.0,0.0
2013-07-19 16:00:00-04:00,15.83,16.05,15.745,16.02,173972,0.0,0.0,0.0,0.0,0.0
2013-07-22 16:00:00-04:00,15.97,16.3,15.97,16.18,216246,0.0,0.0,0.0,0.0,0.0
2013-07-23 16:00:00-04:00,16.25,16.31,16.0584,16.26,147281,0.0,0.0,0.0,0.0,0.0
2013-07-24 16:00:00-04:00,16.28,16.42,16.22,16.31,180785,0.0,0.0,0.0,0.0,0.0
2013-07-25 16:00:00-04:00,16.24,16.36,16.07,16.25,260357,0.0,0.0,0.0,0.0,0.0
2013-07-26 16:00:00-04:00,16.18,16.25,16.06,16.19,162228,0.0,0.0,0.0,0.0,0.0
2013-07-29 16:00:00-04:00,16.25,16.33,15.95,16.09,205715,0.0,0.0,0.0,0.0,0.0
2013-07-30 16:00:00-04:00,16.22,16.26,15.96,16.08,163334,0.0,0.0,0.0,0.0,0.0
2013-07-31 16:00:00-04:00,16.1,16.385,16.09,16.11,265628,0.0,0.0,0.0,0.0,0.0
2013-08-01 16:00:00-04:00,16.29,16.5,16.28,16.36,196909,0.0,0.0,0.0,0.0,0.0
2013-08-02 16:00:00-04:00,16.31,16.445,16.21,16.31,106820,0.0,0.0,0.0,0.0,0.0
2013-08-05 16:00:00-04:00,16.35,16.53,16.25,16.45,185919,0.0,0.0,0.0,0.0,0.0
2013-08-06 16:00:00-04:00,16.46,16.48,16.26,16.44,336622,0.0,0.0,0.0,0.0,0.0
2013-08-07 16:00:00-04:00,16.36,16.49,16.32,16.42,224450,0.0,0.0,0.0,0.0,0.0
2013-08-08 16:00:00-04:00,16.53,16.59,16.45,16.47,140330,0.0,0.0,0.0,0.0,0.0
2013-08-09 16:00:00-04:00,16.41,16.48,16.25,16.28,99062,0.0,0.0,0.0,0.0,0.0
2013-08-12 16:00:00-04:00,16.24,16.36,16.2,16.35,130907,0.0,0.0,0.0,0.0,0.0
2013-08-13 16:00:00-04:00,16.35,16.41,16.12,16.4,142712,0.0,0.0,0.0,0.0,0.0
2013-08-14 16:00:00-04:00,16.39,16.51,16.3,16.36,127626,0.0,0.0,0.0,0.0,0.0
2013-08-15 16:00:00-04:00,16.28,16.3458,16.03,16.12,157110,0.0,0.0,0.0,0.0,0.0
2013-08-16 16:00:00-04:00,16.05,16.33,16.04,16.14,112887,0.0,0.0,0.0,0.0,0.0
2013-08-19 16:00:00-04:00,16.18,16.18,15.93,16.02,163914,0.0,0.0,0.0,0.0,0.0
2013-08-20 16:00:00-04:00,16.07,16.29,16.02,16.2,385180,0.0,0.0,0.0,0.0,0.0
2013-08-21 16:00:00-04:00,16.18,16.25,15.93,15.96,274888,0.0,0.0,0.0,0.0,0.0
2013-08-22 16:00:00-04:00,16.06,16.19,15.98,16.1,128063,0.0,0.0,0.0,0.0,0.0
2013-08-23 16:00:00-04:00,16.1,16.15,15.9,16.09,125970,0.0,0.0,0.0,0.0,0.0
2013-08-26 16:00:00-04:00,16.08,16.09,15.91,15.93,70966,0.0,0.0,0.0,0.0,0.0
2013-08-27 16:00:00-04:00,15.8,15.83,15.34,15.34,162090,0.0,0.0,0.0,0.0,0.0
2013-08-28 16:00:00-04:00,15.12,15.28,15.05,15.14,110785,0.0,0.0,0.0,0.0,0.0
2013-08-29 16:00:00-04:00,15.08,15.27,14.9159,15.19,89913,0.0,0.0,0.0,0.0,0.0
2013-08-30 16:00:00-04:00,15.17,15.17,14.91,15.0,314718,0.0,0.0,0.0,0.0,0.0
2013-09-03 16:00:00-04:00,15.2,15.35,14.69,14.89,119033,0.0,0.0,0.0,0.0,0.0
2013-09-04 16:00:00-04:00,14.93,15.02,14.8,15.01,216660,0.0,0.0,0.0,0.0,0.0
2013-09-05 16:00:00-04:00,15.05,15.19,14.99,15.02,123753,0.0,0.0,0.0,0.0,0.0
2013-09-06 16:00:00-04:00,15.11,15.25,14.75,15.05,290250,0.0,0.0,0.0,0.0,0.0
2013-09-09 16:00:00-04:00,15.12,15.18,14.9,15.17,116177,0.0,0.0,0.0,0.0,0.0
2013-09-10 16:00:00-04:00,15.25,15.29,15.08,15.26,220697,0.0,0.0,0.0,0.0,0.0
2013-09-11 16:00:00-04:00,15.2,15.26,15.11,15.11,97082,0.0,0.0,0.0,0.0,0.0
2013-09-12 16:00:00-04:00,15.11,15.29,15.01,15.04,97714,0.0,0.0,0.0,0.0,0.0
2013-09-13 16:00:00-04:00,15.09,15.1,14.91,14.988,147692,0.0,0.0,0.0,0.0,0.0
2013-09-16 16:00:00-04:00,15.09,15.2599,14.9,15.08,181900,0.0,0.0,0.0,0.0,0.0
2013-09-17 16:00:00-04:00,15.06,15.28,15.03,15.28,195847,0.0,0.0,0.0,0.0,0.0
2013-09-18 16:00:00-04:00,15.31,15.49,15.18,15.24,164842,0.0,0.0,0.0,0.0,0.0
2013-09-19 16:00:00-04:00,15.25,15.28,14.89,15.05,159189,0.0,0.0,0.0,0.0,0.0
2013-09-20 16:00:00-04:00,15.07,15.38,15.04,15.37,806513,0.0,0.0,0.0,0.0,0.0
2013-09-23 16:00:00-04:00,15.35,15.42,15.15,15.37,156073,0.0,0.0,0.0,0.0,0.0
2013-09-24 16:00:00-04:00,15.37,15.55,15.235,15.39,122355,0.0,0.0,0.0,0.0,0.0
2013-09-25 16:00:00-04:00,15.45,15.6099,15.26,15.44,99715,0.0,0.0,0.0,0.0,0.0
2013-09-26 16:00:00-04:00,15.52,15.56,15.2,15.32,224566,0.0,0.0,0.0,0.0,0.0
2013-09-27 16:00:00-04:00,15.2,15.34,15.16,15.17,152785,0.0,0.0,0.0,0.0,0.0
2013-09-30 16:00:00-04:00,15.07,15.19,15.0,15.17,620209,0.0,0.0,0.0,0.0,0.0
2013-10-01 16:00:00-04:00,15.21,15.39,15.15,15.29,356054,0.0,0.0,0.0,0.0,0.0
2013-10-02 16:00:00-04:00,15.24,15.316,15.09,15.12,503778,0.0,0.0,0.0,0.0,0.0
2013-10-03 16:00:00-04:00,15.14,15.14,14.89,14.92,251191,0.0,0.0,0.0,0.0,0.0
2013-10-04 16:00:00-04:00,14.92,14.96,14.8,14.9,229436,0.0,0.0,0.0,0.0,0.0
2013-10-07 16:00:00-04:00,14.82,14.85,14.71,14.76,262123,0.0,0.0,0.0,0.0,0.0
2013-10-08 16:00:00-04:00,14.75,14.78,14.65,14.65,310549,0.0,0.0,0.0,0.0,0.0
2013-10-09 16:00:00-04:00,14.67,14.69,14.53,14.56,385088,0.0,0.0,0.0,0.0,0.0
2013-10-10 16:00:00-04:00,14.73,14.84,14.73,14.8,310630,0.0,0.0,0.0,0.0,0.0
2013-10-11 16:00:00-04:00,14.75,15.28,14.75,15.28,327505,0.0,0.0,0.0,0.0,0.0
2013-10-14 16:00:00-04:00,15.22,15.405,14.96,15.38,204426,0.0,0.0,0.0,0.0,0.0
2013-10-15 16:00:00-04:00,15.3,15.44,15.25,15.27,205406,0.0,0.0,0.0,0.0,0.0
2013-10-16 16:00:00-04:00,15.33,15.65,15.2701,15.44,168462,0.0,0.0,0.0,0.0,0.0
2013-10-17 16:00:00-04:00,15.35,15.53,15.29,15.53,219514,0.0,0.0,0.0,0.0,0.0
2013-10-18 16:00:00-04:00,15.66,15.8401,15.45,15.72,322613,0.0,0.0,0.0,0.0,0.0
2013-10-21 16:00:00-04:00,15.76,15.87,15.7,15.72,146091,0.0,0.0,0.0,0.0,0.0
2013-10-22 16:00:00-04:00,15.76,15.9,15.64,15.81,137216,0.0,0.0,0.0,0.0,0.0
2013-10-23 16:00:00-04:00,15.78,15.88,15.66,15.76,101403,0.0,0.0,0.0,0.0,0.0
2013-10-24 16:00:00-04:00,15.77,15.86,15.66,15.8,128959,0.0,0.0,0.0,0.0,0.0
2013-10-25 16:00:00-04:00,16.11,16.11,15.53,15.63,143605,0.0,0.0,0.0,0.0,0.0
2013-10-28 16:00:00-04:00,15.67,15.76,15.62,15.76,209530,0.0,0.0,0.0,0.0,0.0
2013-10-29 16:00:00-04:00,15.77,15.88,15.58,15.75,109781,0.0,0.0,0.0,0.0,0.0
2013-10-30 16:00:00-04:00,15.72,15.81,15.63,15.67,167244,0.0,0.0,0.0,0.0,0.0
2013-10-31 16:00:00-04:00,15.63,15.8,15.51,15.52,204161,0.0,0.0,0.0,0.0,0.0
2013-11-01 16:00:00-04:00,15.49,15.59,15.26,15.41,278336,0.0,0.0,0.0,0.0,0.0
2013-11-04 16:00:00-05:00,15.42,15.5,15.31,15.49,159756,0.0,0.0,0.0,0.0,0.0
2013-11-05 16:00:00-05:00,15.43,15.56,15.34,15.39,65699,0.0,0.0,0.0,0.0,0.0
2013-11-06 16:00:00-05:00,15.45,15.63,15.384,15.49,94463,0.0,0.0,0.0,0.0,0.0
2013-11-07 16:00:00-05:00,15.51,15.6,15.23,15.28,175523,0.0,0.0,0.0,0.0,0.0
2013-11-08 16:00:00-05:00,15.28,15.99,15.28,15.88,212373,0.0,0.0,0.0,0.0,0.0
2013-11-11 16:00:00-05:00,15.89,15.9,15.68,15.68,119877,0.0,0.0,0.0,0.0,0.0
2013-11-12 16:00:00-05:00,15.66,15.7,15.44,15.56,106349,0.0,0.0,0.0,0.0,0.0
2013-11-13 16:00:00-05:00,15.52,15.78,15.364,15.77,189968,0.0,0.0,0.0,0.0,0.0
2013-11-14 16:00:00-05:00,15.79,15.87,15.67,15.8,127331,0.0,0.0,0.0,0.0,0.0
2013-11-15 16:00:00-05:00,15.78,15.8,15.56,15.75,283440,0.0,0.0,0.0,0.0,0.0
2013-11-18 16:00:00-05:00,15.76,15.96,15.67,15.8,228784,0.0,0.0,0.0,0.0,0.0
2013-11-19 16:00:00-05:00,15.82,15.98,15.76,15.83,98732,0.0,0.0,0.0,0.0,0.0
2013-11-20 16:00:00-05:00,15.87,15.91,15.65,15.75,131109,0.0,0.0,0.0,0.0,0.0
2013-11-21 16:00:00-05:00,15.79,16.0,15.76,15.96,227021,0.0,0.0,0.0,0.0,0.0
2013-11-22 16:00:00-05:00,15.98,16.15,15.86,16.14,193907,0.0,0.0,0.0,0.0,0.0
2013-11-25 16:00:00-05:00,16.14,16.42,16.1,16.3,270864,0.0,0.0,0.0,0.0,0.0
2013-11-26 16:00:00-05:00,16.13,16.36,16.05,16.35,188470,0.0,0.0,0.0,0.0,0.0
2013-11-27 16:00:00-05:00,16.39,16.56,16.34,16.53,146063,0.0,0.0,0.0,0.0,0.0
2013-11-29 16:00:00-05:00,16.62,16.71,16.3801,16.53,90783,0.0,0.0,0.0,0.0,0.0
2013-12-02 16:00:00-05:00,16.48,16.55,16.12,16.13,144107,0.0,0.0,0.0,0.0,0.0
2013-12-03 16:00:00-05:00,16.12,16.28,16.05,16.23,692591,0.0,0.0,0.0,0.0,0.0
2013-12-04 16:00:00-05:00,16.19,16.49,16.07,16.34,473580,0.0,0.0,0.0,0.0,0.0
2013-12-05 16:00:00-05:00,16.31,16.53,16.2801,16.46,294754,0.0,0.0,0.0,0.0,0.0
2013-12-06 16:00:00-05:00,16.6,16.74,16.44,16.63,167664,0.0,0.0,0.0,0.0,0.0
2013-12-09 16:00:00-05:00,16.62,16.65,16.42,16.59,323593,0.0,0.0,0.0,0.0,0.0
2013-12-10 16:00:00-05:00,16.54,16.57,16.41,16.49,535832,0.0,0.0,0.0,0.0,0.0
2013-12-11 16:00:00-05:00,16.49,16.58,16.29,16.42,425834,0.0,0.0,0.0,0.0,0.0
2013-12-12 16:00:00-05:00,16.4,16.6,16.4,16.51,194073,0.0,0.0,0.0,0.0,0.0
2013-12-13 16:00:00-05:00,16.52,16.68,16.4,16.53,296509,0.0,0.0,0.0,0.0,0.0
2013-12-16 16:00:00-05:00,16.62,16.73,16.5,16.73,219561,0.0,0.0,0.0,0.0,0.0
2013-12-17 16:00:00-05:00,16.69,16.75,16.5,16.56,351604,0.0,0.0,0.0,0.0,0.0
2013-12-18 16:00:00-05:00,16.53,17.16,16.237,17.14,446394,0.0,0.0,0.0,0.0,0.0
2013-12-19 16:00:00-05:00,17.14,17.16,16.89,16.95,233627,0.0,0.0,0.0,0.0,0.0
2013-12-20 16:00:00-05:00,17.03,17.33,16.95,17.22,807462,0.0,0.0,0.0,0.0,0.0
2013-12-23 16:00:00-05:00,17.36,17.5302,17.24,17.53,324772,0.0,0.0,0.0,0.0,0.0
2013-12-24 16:00:00-05:00,17.49,17.7,17.49,17.56,111733,0.0,0.0,0.0,0.0,0.0
2013-12-26 16:00:00-05:00,17.59,17.73,17.45,17.59,326289,0.0,0.0,0.0,0.0,0.0
2013-12-27 16:00:00-05:00,17.66,17.69,17.47,17.55,143628,0.0,0.0,0.0,0.0,0.0
2013-12-30 16:00:00-05:00,17.55,17.5525,17.38,17.38,156357,0.0,0.0,0.0,0.0,0.0
2013-12-31 16:00:00-05:00,17.36,17.57,17.34,17.428,258532,0.0,0.0,0.0,0.0,0.0
2014-01-02 16:00:00-05:00,17.42,17.6489,17.11,17.21,282260,0.0,0.0,0.0,0.0,0.0
2014-01-03 16:00:00-05:00,17.22,17.42,17.18,17.27,224658,0.0,0.0,0.0,0.0,0.0
2014-01-06 16:00:00-05:00,17.31,17.4,17.06,17.1,238856,0.0,0.0,0.0,0.0,0.0
2014-01-07 16:00:00-05:00,17.2,17.47,17.17,17.29,206741,0.0,0.0,0.0,0.0,0.0
2014-01-08 16:00:00-05:00,17.26,17.37,17.2,17.26,328436,0.0,0.0,0.0,0.0,0.0
2014-01-09 16:00:00-05:00,17.36,17.484,17.22,17.41,297509,0.0,0.0,0.0,0.0,0.0
2014-01-10 16:00:00-05:00,17.43,17.454,17.14,17.31,198704,0.0,0.0,0.0,0.0,0.0
2014-01-13 16:00:00-05:00,17.21,17.415,17.14,17.3,255217,0.0,0.0,0.0,0.0,0.0
2014-01-14 16:00:00-05:00,17.35,17.47,17.19,17.37,194681,0.0,0.0,0.0,0.0,0.0
2014-01-15 16:00:00-05:00,17.47,17.67,17.23,17.5,279094,0.0,0.0,0.0,0.0,0.0
2014-01-16 16:00:00-05:00,17.39,17.49,17.25,17.39,131603,0.0,0.0,0.0,0.0,0.0
2014-01-17 16:00:00-05:00,17.42,17.7399,17.33,17.41,174677,0.0,0.0,0.0,0.0,0.0
2014-01-21 16:00:00-05:00,17.55,17.77,17.52,17.64,227363,0.0,0.0,0.0,0.0,0.0
2014-01-22 16:00:00-05:00,17.63,17.74,17.52,17.62,140714,0.0,0.0,0.0,0.0,0.0
2014-01-23 16:00:00-05:00,17.52,17.52,17.31,17.48,189174,0.0,0.0,0.0,0.0,0.0
2014-01-24 16:00:00-05:00,17.37,17.58,17.13,17.33,200275,0.0,0.0,0.0,0.0,0.0
2014-01-27 16:00:00-05:00,17.33,17.35,17.04,17.05,192568,0.0,0.0,0.0,0.0,0.0
2014-01-28 16:00:00-05:00,17.04,17.164,16.86,17.04,200408,0.0,0.0,0.0,0.0,0.0
2014-01-29 16:00:00-05:00,16.9,17.05,16.51,16.67,190646,0.0,0.0,0.0,0.0,0.0
2014-01-30 16:00:00-05:00,16.76,17.01,16.56,16.86,233576,0.0,0.0,0.0,0.0,0.0
2014-01-31 16:00:00-05:00,16.64,17.138,16.5,16.58,602965,0.0,0.0,0.0,0.0,0.0
2014-02-03 16:00:00-05:00,16.63,16.73,15.98,15.98,274827,0.0,0.0,0.0,0.0,0.0
2014-02-04 16:00:00-05:00,16.02,16.37,15.695,16.21,282166,0.0,0.0,0.0,0.0,0.0
2014-02-05 16:00:00-05:00,16.13,16.28,15.98,16.06,211885,0.0,0.0,0.0,0.0,0.0
2014-02-06 16:00:00-05:00,16.1,17.05,15.94,16.15,225972,0.0,0.0,0.0,0.0,0.0
2014-02-07 16:00:00-05:00,16.2,16.25,16.04,16.16,196488,0.0,0.0,0.0,0.0,0.0
2014-02-10 16:00:00-05:00,16.15,16.705,16.0,16.23,355998,0.0,0.0,0.0,0.0,0.0
2014-02-11 16:00:00-05:00,16.23,16.59,16.22,16.46,166394,0.0,0.0,0.0,0.0,0.0
2014-02-12 16:00:00-05:00,16.46,16.68,16.32,16.42,137602,0.0,0.0,0.0,0.0,0.0
2014-02-13 16:00:00-05:00,16.33,16.46,16.19,16.46,136813,0.0,0.0,0.0,0.0,0.0
2014-02-14 16:00:00-05:00,16.47,16.54,16.33,16.53,83852,0.0,0.0,0.0,0.0,0.0
2014-02-18 16:00:00-05:00,16.56,16.81,16.4,16.6,126558,0.0,0.0,0.0,0.0,0.0
2014-02-19 16:00:00-05:00,16.52,16.92,15.95,16.01,366359,0.0,0.0,0.0,0.0,0.0
2014-02-20 16:00:00-05:00,16.04,16.35,16.04,16.14,272391,0.0,0.0,0.0,0.0,0.0
2014-02-21 16:00:00-05:00,16.24,16.38,16.066,16.26,295525,0.0,0.0,0.0,0.0,0.0
2014-02-24 16:00:00-05:00,16.28,16.89,16.28,16.78,395019,0.0,0.0,0.0,0.0,0.0
2014-02-25 16:00:00-05:00,16.79,17.11,16.68,16.98,430898,0.0,0.0,0.0,0.0,0.0
2014-02-26 16:00:00-05:00,16.91,17.01,16.74,16.91,240364,0.0,0.0,0.0,0.0,0.0
2014-02-27 16:00:00-05:00,16.86,16.96,16.68,16.95,178989,0.0,0.0,0.0,0.0,0.0
2014-02-28 16:00:00-05:00,17.0,17.28,16.74,17.04,370174,0.0,0.0,0.0,0.0,0.0
2014-03-03 16:00:00-05:00,16.93,16.93,16.5,16.8,221198,0.0,0.0,0.0,0.0,0.0
2014-03-04 16:00:00-05:00,17.0,17.41,16.5775,17.29,372776,0.0,0.0,0.0,0.0,0.0
2014-03-05 16:00:00-05:00,17.24,17.33,16.9172,17.27,139824,0.0,0.0,0.0,0.0,0.0
2014-03-06 16:00:00-05:00,17.3,17.5,17.27,17.46,174149,0.0,0.0,0.0,0.0,0.0
2014-03-07 16:00:00-05:00,17.57,17.75,17.45,17.53,192743,0.0,0.0,0.0,0.0,0.0
2014-03-10 16:00:00-04:00,17.44,17.65,17.35,17.64,129017,0.0,0.0,0.0,0.0,0.0
2014-03-11 16:00:00-04:00,17.61,17.61,17.34,17.48,133905,0.0,0.0,0.0,0.0,0.0
2014-03-12 16:00:00-04:00,17.44,17.64,17.24,17.55,131283,0.0,0.0,0.0,0.0,0.0
2014-03-13 16:00:00-04:00,17.57,17.68,17.3496,17.49,233317,0.0,0.0,0.0,0.0,0.0
2014-03-14 16:00:00-04:00,17.39,17.74,17.38,17.56,164696,0.0,0.0,0.0,0.0,0.0
2014-03-17 16:00:00-04:00,17.69,17.77,17.63,17.73,248659,0.0,0.0,0.0,0.0,0.0
2014-03-18 16:00:00-04:00,17.73,17.81,17.55,17.8,176455,0.0,0.0,0.0,0.0,0.0
2014-03-19 16:00:00-04:00,17.82,18.0,17.68,17.83,165858,0.0,0.0,0.0,0.0,0.0
2014-03-20 16:00:00-04:00,17.74,18.21,17.74,18.17,245483,0.0,0.0,0.0,0.0,0.0
2014-03-21 16:00:00-04:00,18.21,18.33,18.05,18.11,1173163,0.0,0.0,0.0,0.0,0.0
2014-03-24 16:00:00-04:00,18.09,18.37,18.05,18.18,202350,0.0,0.0,0.0,0.0,0.0
2014-03-25 16:00:00-04:00,18.26,18.29,18.03,18.2,199765,0.0,0.0,0.0,0.0,0.0
2014-03-26 16:00:00-04:00,18.31,18.338,17.93,17.94,183445,0.0,0.0,0.0,0.0,0.0
2014-03-27 16:00:00-04:00,17.91,18.04,17.54,17.56,184796,0.0,0.0,0.0,0.0,0.0
2014-03-28 16:00:00-04:00,17.5,17.86,17.43,17.57,151049,0.0,0.0,0.0,0.0,0.0
2014-03-31 16:00:00-04:00,17.66,17.98,17.538,17.98,203144,0.0,0.0,0.0,0.0,0.0
2014-04-01 16:00:00-04:00,18.0,18.5,17.92,18.43,246830,0.0,0.0,0.0,0.0,0.0
2014-04-02 16:00:00-04:00,18.45,18.45,18.28,18.41,141171,0.0,0.0,0.0,0.0,0.0
2014-04-03 16:00:00-04:00,18.41,18.45,18.13,18.33,209665,0.0,0.0,0.0,0.0,0.0
2014-04-04 16:00:00-04:00,18.37,18.41,17.82,17.87,224696,0.0,0.0,0.0,0.0,0.0
2014-04-07 16:00:00-04:00,17.87,17.9599,17.49,17.74,269863,0.0,0.0,0.0,0.0,0.0
2014-04-08 16:00:00-04:00,17.71,17.94,17.62,17.69,195299,0.0,0.0,0.0,0.0,0.0
2014-04-09 16:00:00-04:00,17.69,17.8,17.47,17.62,138010,0.0,0.0,0.0,0.0,0.0
2014-04-10 16:00:00-04:00,17.62,17.71,16.94,17.11,299943,0.0,0.0,0.0,0.0,0.0
2014-04-11 16:00:00-04:00,16.93,17.22,16.75,16.95,142203,0.0,0.0,0.0,0.0,0.0
2014-04-14 16:00:00-04:00,17.16,17.1868,16.86,17.0,159459,0.0,0.0,0.0,0.0,0.0
2014-04-15 16:00:00-04:00,17.05,17.19,16.74,17.07,160705,0.0,0.0,0.0,0.0,0.0
2014-04-16 16:00:00-04:00,17.23,17.23,17.0,17.1,139388,0.0,0.0,0.0,0.0,0.0
2014-04-17 16:00:00-04:00,17.14,17.41,17.0,17.39,216392,0.0,0.0,0.0,0.0,0.0
2014-04-21 16:00:00-04:00,17.34,17.54,15.52,17.13,355810,0.0,0.0,0.0,0.0,0.0
2014-04-22 16:00:00-04:00,17.12,17.3899,17.0,17.23,125011,0.0,0.0,0.0,0.0,0.0
2014-04-23 16:00:00-04:00,17.2,17.32,17.1,17.2,137950,0.0,0.0,0.0,0.0,0.0
2014-04-24 16:00:00-04:00,17.27,17.27,16.9,16.98,94662,0.0,0.0,0.0,0.0,0.0
2014-04-25 16:00:00-04:00,16.87,16.93,16.59,16.7,210954,0.0,0.0,0.0,0.0,0.0
2014-04-28 16:00:00-04:00,16.74,16.82,16.21,16.46,325595,0.0,0.0,0.0,0.0,0.0
2014-04-29 16:00:00-04:00,16.55,16.66,16.28,16.28,191281,0.0,0.0,0.0,0.0,0.0
2014-04-30 16:00:00-04:00,16.2,16.27,15.7,16.19,251926,0.0,0.0,0.0,0.0,0.0
2014-05-01 16:00:00-04:00,16.14,16.33,15.88,16.09,245519,0.0,0.0,0.0,0.0,0.0
2014-05-02 16:00:00-04:00,16.09,16.48,15.93,15.99,175453,0.0,0.0,0.0,0.0,0.0
2014-05-05 16:00:00-04:00,15.82,15.92,15.72,15.86,209913,0.0,0.0,0.0,0.0,0.0
2014-05-06 16:00:00-04:00,15.77,15.9,15.58,15.64,224130,0.0,0.0,0.0,0.0,0.0
2014-05-07 16:00:00-04:00,15.62,15.87,15.42,15.83,223183,0.0,0.0,0.0,0.0,0.0
2014-05-08 16:00:00-04:00,15.81,16.05,15.62,15.65,147192,0.0,0.0,0.0,0.0,0.0
2014-05-09 16:00:00-04:00,15.56,15.99,15.5,15.98,172105,0.0,0.0,0.0,0.0,0.0
2014-05-12 16:00:00-04:00,16.0,16.34,15.9559,16.26,187711,0.0,0.0,0.0,0.0,0.0
2014-05-13 16:00:00-04:00,16.22,16.3,15.91,15.91,230528,0.0,0.0,0.0,0.0,0.0
2014-05-14 16:00:00-04:00,15.89,16.048,15.44,15.51,253025,0.0,0.0,0.0,0.0,0.0
2014-05-15 16:00:00-04:00,15.38,15.6,15.01,15.59,323757,0.0,0.0,0.0,0.0,0.0
2014-05-16 16:00:00-04:00,15.54,15.62,15.43,15.575,196718,0.0,0.0,0.0,0.0,0.0
2014-05-19 16:00:00-04:00,15.56,15.81,15.56,15.71,134878,0.0,0.0,0.0,0.0,0.0
2014-05-20 16:00:00-04:00,15.67,15.79,15.57,15.77,402231,0.0,0.0,0.0,0.0,0.0
2014-05-21 16:00:00-04:00,15.81,15.99,15.71,15.9,186236,0.0,0.0,0.0,0.0,0.0
2014-05-22 16:00:00-04:00,15.9,16.09,15.75,16.0,137234,0.0,0.0,0.0,0.0,0.0
2014-05-23 16:00:00-04:00,16.04,16.5,15.96,16.16,162913,0.0,0.0,0.0,0.0,0.0
2014-05-27 16:00:00-04:00,16.29,16.58,16.2,16.46,201978,0.0,0.0,0.0,0.0,0.0
2014-05-28 16:00:00-04:00,16.33,16.65,16.1,16.26,272595,0.0,0.0,0.0,0.0,0.0
2014-05-29 16:00:00-04:00,16.27,16.34,16.11,16.21,113975,0.0,0.0,0.0,0.0,0.0
2014-05-30 16:00:00-04:00,16.24,16.45,16.2,16.26,176666,0.0,0.0,0.0,0.0,0.0
2014-06-02 16:00:00-04:00,16.25,16.48,16.06,16.31,178164,0.0,0.0,0.0,0.0,0.0
2014-06-03 16:00:00-04:00,16.2,16.64,16.2,16.31,172174,0.0,0.0,0.0,0.0,0.0
2014-06-04 16:00:00-04:00,16.24,16.44,16.18,16.28,145478,0.0,0.0,0.0,0.0,0.0
2014-06-05 16:00:00-04:00,16.3,16.81,16.23,16.75,170269,0.0,0.0,0.0,0.0,0.0
2014-06-06 16:00:00-04:00,16.87,17.07,16.74,16.96,184767,0.0,0.0,0.0,0.0,0.0
2014-06-09 16:00:00-04:00,16.92,17.36,16.92,17.34,137423,0.0,0.0,0.0,0.0,0.0
2014-06-10 16:00:00-04:00,17.23,17.3099,16.904,17.2,168352,0.0,0.0,0.0,0.0,0.0
2014-06-11 16:00:00-04:00,17.06,17.13,16.84,16.91,182249,0.0,0.0,0.0,0.0,0.0
2014-06-12 16:00:00-04:00,16.87,16.985,16.68,16.83,183486,0.0,0.0,0.0,0.0,0.0
2014-06-13 16:00:00-04:00,16.93,17.068,16.72,16.85,212763,0.0,0.0,0.0,0.0,0.0
2014-06-16 16:00:00-04:00,16.76,16.92,16.61,16.7,224302,0.0,0.0,0.0,0.0,0.0
2014-06-17 16:00:00-04:00,16.65,17.19,16.6,17.15,293309,0.0,0.0,0.0,0.0,0.0
2014-06-18 16:00:00-04:00,17.1,17.48,16.89,17.43,284298,0.0,0.0,0.0,0.0,0.0
2014-06-19 16:00:00-04:00,17.43,17.45,17.022,17.37,250659,0.0,0.0,0.0,0.0,0.0
2014-06-20 16:00:00-04:00,17.47,17.58,17.32,17.39,892919,0.0,0.0,0.0,0.0,0.0
2014-06-23 16:00:00-04:00,17.38,17.606,16.96,17.04,208777,0.0,0.0,0.0,0.0,0.0
2014-06-24 16:00:00-04:00,17.06,17.23,16.86,16.86,235900,0.0,0.0,0.0,0.0,0.0
2014-06-25 16:00:00-04:00,16.72,17.17,16.54,17.14,251572,0.0,0.0,0.0,0.0,0.0
2014-06-26 16:00:00-04:00,17.1,17.1,16.88,17.05,303134,0.0,0.0,0.0,0.0,0.0
2014-06-27 16:00:00-04:00,16.9,17.2,16.9,17.1,871807,0.0,0.0,0.0,0.0,0.0
2014-06-30 16:00:00-04:00,17.12,17.22,16.915,17.21,193947,0.0,0.0,0.0,0.0,0.0
2014-07-01 16:00:00-04:00,17.33,17.8,17.2207,17.56,261813,0.0,0.0,0.0,0.0,0.0
2014-07-02 16:00:00-04:00,17.54,17.59,17.34,17.38,240962,0.0,0.0,0.0,0.0,0.0
2014-07-03 16:00:00-04:00,17.42,17.75,17.386,17.66,105337,0.0,0.0,0.0,0.0,0.0
2014-07-07 16:00:00-04:00,17.54,17.59,17.355,17.37,138440,0.0,0.0,0.0,0.0,0.0
2014-07-08 16:00:00-04:00,17.32,17.32,17.06,17.11,195309,0.0,0.0,0.0,0.0,0.0
2014-07-09 16:00:00-04:00,17.25,17.476,17.07,17.08,142314,0.0,0.0,0.0,0.0,0.0
2014-07-10 16:00:00-04:00,16.75,16.97,16.68,16.83,136129,0.0,0.0,0.0,0.0,0.0
2014-07-11 16:00:00-04:00,16.77,16.8,16.59,16.73,124295,0.0,0.0,0.0,0.0,0.0
2014-07-14 16:00:00-04:00,16.91,16.932,16.72,16.78,99418,0.0,0.0,0.0,0.0,0.0
2014-07-15 16:00:00-04:00,16.84,16.958,16.71,16.85,152729,0.0,0.0,0.0,0.0,0.0
2014-07-16 16:00:00-04:00,16.86,16.932,16.64,16.65,147331,0.0,0.0,0.0,0.0,0.0
2014-07-17 16:00:00-04:00,16.58,16.794,16.16,16.23,200272,0.0,0.0,0.0,0.0,0.0
2014-07-18 16:00:00-04:00,16.17,16.44,16.12,16.39,216349,0.0,0.0,0.0,0.0,0.0
2014-07-21 16:00:00-04:00,16.27,16.428,16.15,16.26,101545,0.0,0.0,0.0,0.0,0.0
2014-07-22 16:00:00-04:00,16.31,16.564,16.14,16.19,91125,0.0,0.0,0.0,0.0,0.0
2014-07-23 16:00:00-04:00,16.21,16.31,16.02,16.27,147207,0.0,0.0,0.0,0.0,0.0
2014-07-24 16:00:00-04:00,16.3,16.56,16.156,16.36,162282,0.0,0.0,0.0,0.0,0.0
2014-07-25 16:00:00-04:00,16.02,16.76,16.02,16.59,192559,0.0,0.0,0.0,0.0,0.0
2014-07-28 16:00:00-04:00,16.68,16.75,16.26,16.31,220041,0.0,0.0,0.0,0.0,0.0
2014-07-29 16:00:00-04:00,16.27,16.45,16.21,16.37,126909,0.0,0.0,0.0,0.0,0.0
2014-07-30 16:00:00-04:00,16.53,16.73,16.24,16.53,88592,0.0,0.0,0.0,0.0,0.0
2014-07-31 16:00:00-04:00,16.34,16.5,16.25,16.34,290689,0.0,0.0,0.0,0.0,0.0
2014-08-01 16:00:00-04:00,16.39,16.43,16.04,16.26,198178,0.0,0.0,0.0,0.0,0.0
2014-08-04 16:00:00-04:00,16.31,16.38,16.13,16.33,256346,0.0,0.0,0.0,0.0,0.0
2014-08-05 16:00:00-04:00,15.64,16.43,15.64,16.39,136735,0.0,0.0,0.0,0.0,0.0
2014-08-06 16:00:00-04:00,16.29,16.69,16.29,16.66,234095,0.0,0.0,0.0,0.0,0.0
2014-08-07 16:00:00-04:00,16.67,16.74,16.33,16.43,209027,0.0,0.0,0.0,0.0,0.0
2014-08-08 16:00:00-04:00,16.42,16.57,16.1201,16.46,116469,0.0,0.0,0.0,0.0,0.0
2014-08-11 16:00:00-04:00,16.56,16.79,16.39,16.6,88123,0.0,0.0,0.0,0.0,0.0
2014-08-12 16:00:00-04:00,16.52,16.64,16.32,16.43,83347,0.0,0.0,0.0,0.0,0.0
2014-08-13 16:00:00-04:00,16.47,16.684,16.45,16.62,96618,0.0,0.0,0.0,0.0,0.0
2014-08-14 16:00:00-04:00,16.58,16.72,16.46,16.48,104889,0.0,0.0,0.0,0.0,0.0
2014-08-15 16:00:00-04:00,16.67,16.75,16.19,16.35,169501,0.0,0.0,0.0,0.0,0.0
2014-08-18 16:00:00-04:00,16.56,16.67,16.39,16.63,100308,0.0,0.0,0.0,0.0,0.0
2014-08-19 16:00:00-04:00,16.64,16.78,16.64,16.71,61989,0.0,0.0,0.0,0.0,0.0
2014-08-20 16:00:00-04:00,16.62,16.71,16.36,16.5,100217,0.0,0.0,0.0,0.0,0.0
2014-08-21 16:00:00-04:00,16.49,16.83,16.31,16.79,102918,0.0,0.0,0.0,0.0,0.0
2014-08-22 16:00:00-04:00,16.74,16.92,16.69,16.74,101589,0.0,0.0,0.0,0.0,0.0
2014-08-25 16:00:00-04:00,16.78,16.846,16.59,16.74,119695,0.0,0.0,0.0,0.0,0.0
2014-08-26 16:00:00-04:00,16.72,16.93,16.67,16.91,139985,0.0,0.0,0.0,0.0,0.0
2014-08-27 16:00:00-04:00,16.79,16.79,16.57,16.61,171434,0.0,0.0,0.0,0.0,0.0
2014-08-28 16:00:00-04:00,16.51,16.69,16.47,16.48,95367,0.0,0.0,0.0,0.0,0.0
2014-08-29 16:00:00-04:00,16.47,16.62,16.41,16.61,72858,0.0,0.0,0.0,0.0,0.0
2014-09-02 16:00:00-04:00,16.73,16.89,16.65,16.79,78320,0.0,0.0,0.0,0.0,0.0
2014-09-03 16:00:00-04:00,16.84,16.9,16.66,16.74,116815,0.0,0.0,0.0,0.0,0.0
2014-09-04 16:00:00-04:00,16.78,16.95,16.63,16.66,88749,0.0,0.0,0.0,0.0,0.0
2014-09-05 16:00:00-04:00,16.57,16.73,16.51,16.7,71069,0.0,0.0,0.0,0.0,0.0
2014-09-08 16:00:00-04:00,16.64,16.822,16.5,16.79,84633,0.0,0.0,0.0,0.0,0.0
2014-09-09 16:00:00-04:00,16.72,16.72,16.52,16.52,119635,0.0,0.0,0.0,0.0,0.0
2014-09-10 16:00:00-04:00,16.5,16.82,16.5,16.81,98156,0.0,0.0,0.0,0.0,0.0
2014-09-11 16:00:00-04:00,16.69,16.93,16.69,16.9,188359,0.0,0.0,0.0,0.0,0.0
2014-09-12 16:00:00-04:00,16.95,17.05,16.75,16.93,208493,0.0,0.0,0.0,0.0,0.0
2014-09-15 16:00:00-04:00,16.86,16.86,16.64,16.64,242079,0.0,0.0,0.0,0.0,0.0
2014-09-16 16:00:00-04:00,16.55,16.78,16.46,16.55,146769,0.0,0.0,0.0,0.0,0.0
2014-09-17 16:00:00-04:00,16.52,16.73,16.43,16.55,173906,0.0,0.0,0.0,0.0,0.0
2014-09-18 16:00:00-04:00,16.58,16.9,16.58,16.83,249340,0.0,0.0,0.0,0.0,0.0
2014-09-19 16:00:00-04:00,16.82,17.02,16.53,16.54,631311,0.0,0.0,0.0,0.0,0.0
2014-09-22 16:00:00-04:00,16.5,16.65,16.29,16.33,153344,0.0,0.0,0.0,0.0,0.0
2014-09-23 16:00:00-04:00,16.33,16.46,16.14,16.14,264772,0.0,0.0,0.0,0.0,0.0
2014-09-24 16:00:00-04:00,16.17,16.28,16.04,16.21,158064,0.0,0.0,0.0,0.0,0.0
2014-09-25 16:00:00-04:00,16.17,16.17,15.83,15.84,174974,0.0,0.0,0.0,0.0,0.0
2014-09-26 16:00:00-04:00,15.85,15.95,15.67,15.89,172402,0.0,0.0,0.0,0.0,0.0
2014-09-29 16:00:00-04:00,15.69,15.99,15.685,15.93,185177,0.0,0.0,0.0,0.0,0.0
2014-09-30 16:00:00-04:00,15.93,15.986,15.81,15.83,366385,0.0,0.0,0.0,0.0,0.0
2014-10-01 16:00:00-04:00,15.85,15.97,15.73,15.8,359688,0.0,0.0,0.0,0.0,0.0
2014-10-02 16:00:00-04:00,15.76,15.97,15.69,15.89,154549,0.0,0.0,0.0,0.0,0.0
2014-10-03 16:00:00-04:00,16.0,16.22,15.91,15.91,225329,0.0,0.0,0.0,0.0,0.0
2014-10-06 16:00:00-04:00,15.95,15.95,15.68,15.83,159347,0.0,0.0,0.0,0.0,0.0
2014-10-07 16:00:00-04:00,15.71,15.83,15.6,15.66,248844,0.0,0.0,0.0,0.0,0.0
2014-10-08 16:00:00-04:00,15.62,15.87,15.46,15.83,221937,0.0,0.0,0.0,0.0,0.0
2014-10-09 16:00:00-04:00,15.78,15.78,15.38,15.38,178223,0.0,0.0,0.0,0.0,0.0
2014-10-10 16:00:00-04:00,15.3,15.6,15.3,15.34,155027,0.0,0.0,0.0,0.0,0.0
2014-10-13 16:00:00-04:00,15.37,15.6,15.28,15.52,182986,0.0,0.0,0.0,0.0,0.0
2014-10-14 16:00:00-04:00,15.59,15.81,15.4601,15.7,315726,0.0,0.0,0.0,0.0,0.0
2014-10-15 16:00:00-04:00,15.45,15.49,15.0,15.35,468178,0.0,0.0,0.0,0.0,0.0
2014-10-16 16:00:00-04:00,15.1,15.6,15.06,15.555,185615,0.0,0.0,0.0,0.0,0.0
2014-10-17 16:00:00-04:00,15.77,15.984,15.32,15.44,197118,0.0,0.0,0.0,0.0,0.0
2014-10-20 16:00:00-04:00,15.4,15.592,15.335,15.47,187103,0.0,0.0,0.0,0.0,0.0
2014-10-21 16:00:00-04:00,15.6,15.88,15.54,15.85,228889,0.0,0.0,0.0,0.0,0.0
2014-10-22 16:00:00-04:00,15.85,16.02,15.67,15.71,104274,0.0,0.0,0.0,0.0,0.0
2014-10-23 16:00:00-04:00,15.87,16.05,15.81,15.85,122117,0.0,0.0,0.0,0.0,0.0
2014-10-24 16:00:00-04:00,15.89,15.97,15.6427,15.84,86011,0.0,0.0,0.0,0.0,0.0
2014-10-27 16:00:00-04:00,15.82,15.984,15.67,15.86,139929,0.0,0.0,0.0,0.0,0.0
2014-10-28 16:00:00-04:00,15.96,16.5,15.9,16.5,181597,0.0,0.0,0.0,0.0,0.0
2014-10-29 16:00:00-04:00,16.44,16.72,16.31,16.66,190482,0.0,0.0,0.0,0.0,0.0
2014-10-30 16:00:00-04:00,16.5,16.82,16.5,16.72,187240,0.0,0.0,0.0,0.0,0.0
2014-10-31 16:00:00-04:00,16.85,17.56,16.55,17.54,449448,0.0,0.0,0.0,0.0,0.0
2014-11-03 16:00:00-05:00,17.61,17.99,17.59,17.83,358104,0.0,0.0,0.0,0.0,0.0
2014-11-04 16:00:00-05:00,17.71,17.9,17.56,17.87,214999,0.0,0.0,0.0,0.0,0.0
2014-11-05 16:00:00-05:00,18.0,18.13,17.85,18.05,323728,0.0,0.0,0.0,0.0,0.0
2014-11-06 16:00:00-05:00,18.12,18.28,17.9401,18.25,331456,0.0,0.0,0.0,0.0,0.0
2014-11-07 16:00:00-05:00,18.26,18.54,18.09,18.53,230587,0.0,0.0,0.0,0.0,0.0
2014-11-10 16:00:00-05:00,18.46,18.55,18.28,18.5,161616,0.0,0.0,0.0,0.0,0.0
2014-11-11 16:00:00-05:00,18.45,18.59,18.36,18.4,118859,0.0,0.0,0.0,0.0,0.0
2014-11-12 16:00:00-05:00,18.34,18.54,18.34,18.46,251302,0.0,0.0,0.0,0.0,0.0
2014-11-13 16:00:00-05:00,18.44,18.4498,18.19,18.2,159074,0.0,0.0,0.0,0.0,0.0
2014-11-14 16:00:00-05:00,18.16,18.25,18.05,18.12,147314,0.0,0.0,0.0,0.0,0.0
2014-11-17 16:00:00-05:00,18.11,18.198,17.99,18.1,144349,0.0,0.0,0.0,0.0,0.0
2014-11-18 16:00:00-05:00,18.11,18.24,17.99,18.02,182423,0.0,0.0,0.0,0.0,0.0
2014-11-19 16:00:00-05:00,17.99,18.02,17.7,17.93,187776,0.0,0.0,0.0,0.0,0.0
2014-11-20 16:00:00-05:00,17.82,18.08,17.8,18.08,112584,0.0,0.0,0.0,0.0,0.0
2014-11-21 16:00:00-05:00,18.24,18.29,17.81,17.84,637842,0.0,0.0,0.0,0.0,0.0
2014-11-24 16:00:00-05:00,17.94,18.195,17.845,18.15,249197,0.0,0.0,0.0,0.0,0.0
2014-11-25 16:00:00-05:00,18.03,18.25,17.88,18.24,223852,0.0,0.0,0.0,0.0,0.0
2014-11-26 16:00:00-05:00,18.2,18.24,18.06,18.11,221110,0.0,0.0,0.0,0.0,0.0
2014-11-28 16:00:00-05:00,18.16,18.23,17.7,17.71,125862,0.0,0.0,0.0,0.0,0.0
2014-12-01 16:00:00-05:00,17.72,17.89,17.28,17.29,198524,0.0,0.0,0.0,0.0,0.0
2014-12-02 16:00:00-05:00,17.36,17.68,17.06,17.5,276398,0.0,0.0,0.0,0.0,0.0
2014-12-03 16:00:00-05:00,17.49,17.81,17.2,17.76,319752,0.0,0.0,0.0,0.0,0.0
2014-12-04 16:00:00-05:00,17.76,17.79,17.64,17.73,194353,0.0,0.0,0.0,0.0,0.0
2014-12-05 16:00:00-05:00,17.74,18.04,17.74,17.96,236961,0.0,0.0,0.0,0.0,0.0
2014-12-08 16:00:00-05:00,17.9,18.18,17.74,17.83,139481,0.0,0.0,0.0,0.0,0.0
2014-12-09 16:00:00-05:00,17.58,18.18,17.28,18.16,306694,0.0,0.0,0.0,0.0,0.0
2014-12-10 16:00:00-05:00,18.06,18.21,17.38,17.42,216042,0.0,0.0,0.0,0.0,0.0
2014-12-11 16:00:00-05:00,17.52,17.79,17.26,17.6,190895,0.0,0.0,0.0,0.0,0.0
2014-12-12 16:00:00-05:00,17.36,17.48,17.14,17.27,297213,0.0,0.0,0.0,0.0,0.0
2014-12-15 16:00:00-05:00,17.39,17.52,17.11,17.29,227956,0.0,0.0,0.0,0.0,0.0
2014-12-16 16:00:00-05:00,17.23,17.68,17.17,17.51,230884,0.0,0.0,0.0,0.0,0.0
2014-12-17 16:00:00-05:00,17.52,18.07,17.35,18.0,291687,0.0,0.0,0.0,0.0,0.0
2014-12-18 16:00:00-05:00,18.24,18.37,17.998,18.37,251768,0.0,0.0,0.0,0.0,0.0
2014-12-19 16:00:00-05:00,18.55,18.61,18.29,18.42,765579,0.0,0.0,0.0,0.0,0.0
2014-12-22 16:00:00-05:00,18.45,18.66,18.36,18.66,165778,0.0,0.0,0.0,0.0,0.0
2014-12-23 16:00:00-05:00,18.79,18.89,18.56,18.66,193403,0.0,0.0,0.0,0.0,0.0
2014-12-24 16:00:00-05:00,18.63,18.72,18.51,18.63,61378,0.0,0.0,0.0,0.0,0.0
2014-12-26 16:00:00-05:00,18.64,18.71,18.51,18.69,158062,0.0,0.0,0.0,0.0,0.0
2014-12-29 16:00:00-05:00,18.7,19.0,18.69,19.0,237917,0.0,0.0,0.0,0.0,0.0
2014-12-30 16:00:00-05:00,18.79,19.03,18.79,18.79,273441,0.0,0.0,0.0,0.0,0.0
2014-12-31 16:00:00-05:00,18.9,19.04,18.58,18.59,218673,0.0,0.0,0.0,0.0,0.0
2015-01-02 16:00:00-05:00,18.75,18.78,18.12,18.3,182891,0.0,0.0,0.0,0.0,0.0
2015-01-05 16:00:00-05:00,18.18,18.18,17.76,17.82,241324,0.0,0.0,0.0,0.0,0.0
2015-01-06 16:00:00-05:00,17.86,17.86,17.23,17.31,229138,0.0,0.0,0.0,0.0,0.0
2015-01-07 16:00:00-05:00,17.39,17.616,16.95,17.39,260291,0.0,0.0,0.0,0.0,0.0
2015-01-08 16:00:00-05:00,17.46,17.72,17.33,17.7,292391,0.0,0.0,0.0,0.0,0.0
2015-01-09 16:00:00-05:00,17.73,17.73,17.11,17.12,248898,0.0,0.0,0.0,0.0,0.0
2015-01-12 16:00:00-05:00,17.12,17.27,16.88,17.0,203163,0.0,0.0,0.0,0.0,0.0
2015-01-13 16:00:00-05:00,17.18,17.48,16.81,17.02,267952,0.0,0.0,0.0,0.0,0.0
2015-01-14 16:00:00-05:00,16.78,16.91,16.53,16.71,149286,0.0,0.0,0.0,0.0,0.0
2015-01-15 16:00:00-05:00,16.66,16.8,16.5,16.69,246702,0.0,0.0,0.0,0.0,0.0
2015-01-16 16:00:00-05:00,16.67,17.11,16.42,17.08,250916,0.0,0.0,0.0,0.0,0.0
2015-01-20 16:00:00-05:00,17.16,17.17,16.88,16.99,237265,0.0,0.0,0.0,0.0,0.0
2015-01-21 16:00:00-05:00,16.94,17.16,16.78,16.78,269744,0.0,0.0,0.0,0.0,0.0
2015-01-22 16:00:00-05:00,16.98,17.71,16.83,17.68,213397,0.0,0.0,0.0,0.0,0.0
2015-01-23 16:00:00-05:00,17.68,17.68,17.27,17.35,143515,0.0,0.0,0.0,0.0,0.0
2015-01-26 16:00:00-05:00,17.26,17.55,17.05,17.47,138635,0.0,0.0,0.0,0.0,0.0
2015-01-27 16:00:00-05:00,17.3,17.39,17.15,17.2,110403,0.0,0.0,0.0,0.0,0.0
2015-01-28 16:00:00-05:00,17.29,17.29,16.56,16.61,158187,0.0,0.0,0.0,0.0,0.0
2015-01-29 16:00:00-05:00,16.59,16.99,16.58,16.9,289324,0.0,0.0,0.0,0.0,0.0
2015-01-30 16:00:00-05:00,16.48,16.97,16.48,16.52,229059,0.0,0.0,0.0,0.0,0.0
2015-02-02 16:00:00-05:00,16.5,17.02,16.44,16.99,220564,0.0,0.0,0.0,0.0,0.0
2015-02-03 16:00:00-05:00,17.01,17.52,17.01,17.34,204207,0.0,0.0,0.0,0.0,0.0
2015-02-04 16:00:00-05:00,17.21,17.44,16.75,17.17,148967,0.0,0.0,0.0,0.0,0.0
2015-02-05 16:00:00-05:00,17.25,17.67,17.17,17.66,180670,0.0,0.0,0.0,0.0,0.0
2015-02-06 16:00:00-05:00,17.74,18.07,17.39,17.85,232503,0.0,0.0,0.0,0.0,0.0
2015-02-09 16:00:00-05:00,17.81,17.812,17.39,17.4,137725,0.0,0.0,0.0,0.0,0.0
2015-02-10 16:00:00-05:00,17.6,17.6,17.22,17.45,97617,0.0,0.0,0.0,0.0,0.0
2015-02-11 16:00:00-05:00,17.4,17.46,17.24,17.37,110503,0.0,0.0,0.0,0.0,0.0
2015-02-12 16:00:00-05:00,17.49,17.81,17.46,17.79,119735,0.0,0.0,0.0,0.0,0.0
2015-02-13 16:00:00-05:00,17.86,17.978,17.68,17.79,120047,0.0,0.0,0.0,0.0,0.0
2015-02-17 16:00:00-05:00,17.8,18.11,17.71,18.1,205510,0.0,0.0,0.0,0.0,0.0
2015-02-18 16:00:00-05:00,18.0,18.02,17.65,17.75,169174,0.0,0.0,0.0,0.0,0.0
2015-02-19 16:00:00-05:00,17.64,17.85,17.57,17.71,126874,0.0,0.0,0.0,0.0,0.0
2015-02-20 16:00:00-05:00,17.74,17.74,17.38,17.67,179195,0.0,0.0,0.0,0.0,0.0
2015-02-23 16:00:00-05:00,17.55,17.69,17.47,17.68,112047,0.0,0.0,0.0,0.0,0.0
2015-02-24 16:00:00-05:00,17.72,17.98,17.69,17.97,203881,0.0,0.0,0.0,0.0,0.0
2015-02-25 16:00:00-05:00,17.82,17.82,17.51,17.55,114627,0.0,0.0,0.0,0.0,0.0
2015-02-26 16:00:00-05:00,17.49,17.77,17.45,17.59,178993,0.0,0.0,0.0,0.0,0.0
2015-02-27 16:00:00-05:00,17.53,17.64,17.41,17.43,146442,0.0,0.0,0.0,0.0,0.0
2015-03-02 16:00:00-05:00,17.37,17.625,17.37,17.55,136962,0.0,0.0,0.0,0.0,0.0
2015-03-03 16:00:00-05:00,17.45,17.59,17.32,17.32,123046,0.0,0.0,0.0,0.0,0.0
2015-03-04 16:00:00-05:00,17.26,17.3,17.06,17.09,118602,0.0,0.0,0.0,0.0,0.0
2015-03-05 16:00:00-05:00,17.1,17.33,16.84,16.95,266739,0.0,0.0,0.0,0.0,0.0
2015-03-06 16:00:00-05:00,16.85,17.35,16.85,17.01,312530,0.0,0.0,0.0,0.0,0.0
2015-03-09 16:00:00-04:00,17.08,17.28,17.08,17.25,147945,0.0,0.0,0.0,0.0,0.0
2015-03-10 16:00:00-04:00,17.03,17.2,16.89,16.97,131555,0.0,0.0,0.0,0.0,0.0
2015-03-11 16:00:00-04:00,17.04,17.18,16.93,17.01,183392,0.0,0.0,0.0,0.0,0.0
2015-03-12 16:00:00-04:00,17.18,17.89,17.14,17.86,190801,0.0,0.0,0.0,0.0,0.0
2015-03-13 16:00:00-04:00,17.88,17.95,17.55,17.85,135855,0.0,0.0,0.0,0.0,0.0
2015-03-16 16:00:00-04:00,17.88,17.99,17.73,17.77,107315,0.0,0.0,0.0,0.0,0.0
2015-03-17 16:00:00-04:00,17.66,17.89,17.58,17.85,116455,0.0,0.0,0.0,0.0,0.0
2015-03-18 16:00:00-04:00,17.75,17.92,17.4,17.49,176743,0.0,0.0,0.0,0.0,0.0
2015-03-19 16:00:00-04:00,17.46,17.48,17.22,17.46,87674,0.0,0.0,0.0,0.0,0.0
2015-03-20 16:00:00-04:00,17.55,17.84,17.39,17.74,352228,0.0,0.0,0.0,0.0,0.0
2015-03-23 16:00:00-04:00,17.69,17.86,17.58,17.78,118823,0.0,0.0,0.0,0.0,0.0
2015-03-24 16:00:00-04:00,17.73,17.83,17.65,17.79,106710,0.0,0.0,0.0,0.0,0.0
2015-03-25 16:00:00-04:00,17.8,17.8,17.44,17.45,170965,0.0,0.0,0.0,0.0,0.0
2015-03-26 16:00:00-04:00,17.44,17.57,17.21,17.54,88238,0.0,0.0,0.0,0.0,0.0
2015-03-27 16:00:00-04:00,17.48,17.53,17.26,17.42,140705,0.0,0.0,0.0,0.0,0.0
2015-03-30 16:00:00-04:00,17.42,17.89,17.36,17.79,114130,0.0,0.0,0.0,0.0,0.0
2015-03-31 16:00:00-04:00,17.66,17.91,17.63,17.81,131030,0.0,0.0,0.0,0.0,0.0
2015-04-01 16:00:00-04:00,17.79,17.9,17.565,17.88,93231,0.0,0.0,0.0,0.0,0.0
2015-04-02 16:00:00-04:00,17.82,18.0,17.82,17.92,73297,0.0,0.0,0.0,0.0,0.0
2015-04-06 16:00:00-04:00,17.74,17.89,17.5,17.78,134509,0.0,0.0,0.0,0.0,0.0
2015-04-07 16:00:00-04:00,17.8,17.81,17.61,17.7,111883,0.0,0.0,0.0,0.0,0.0
2015-04-08 16:00:00-04:00,17.68,17.76,17.58,17.69,125735,0.0,0.0,0.0,0.0,0.0
2015-04-09 16:00:00-04:00,17.64,17.7,17.39,17.61,132272,0.0,0.0,0.0,0.0,0.0
2015-04-10 16:00:00-04:00,17.7,17.8,17.62,17.66,53112,0.0,0.0,0.0,0.0,0.0
2015-04-13 16:00:00-04:00,17.62,17.83,17.6,17.81,83061,0.0,0.0,0.0,0.0,0.0
2015-04-14 16:00:00-04:00,17.74,17.79,17.42,17.5,177382,0.0,0.0,0.0,0.0,0.0
2015-04-15 16:00:00-04:00,17.53,17.82,17.49,17.77,172643,0.0,0.0,0.0,0.0,0.0
2015-04-16 16:00:00-04:00,17.7,17.87,17.52,17.81,116631,0.0,0.0,0.0,0.0,0.0
2015-04-17 16:00:00-04:00,17.67,17.68,17.2,17.35,200028,0.0,0.0,0.0,0.0,0.0
2015-04-20 16:00:00-04:00,17.43,17.71,17.34,17.52,135266,0.0,0.0,0.0,0.0,0.0
2015-04-21 16:00:00-04:00,17.55,17.7,17.47,17.5,92358,0.0,0.0,0.0,0.0,0.0
2015-04-22 16:00:00-04:00,17.5,17.63,17.25,17.58,67734,0.0,0.0,0.0,0.0,0.0
2015-04-23 16:00:00-04:00,17.49,17.6,17.35,17.51,73592,0.0,0.0,0.0,0.0,0.0
2015-04-24 16:00:00-04:00,17.52,17.6,17.35,17.38,75005,0.0,0.0,0.0,0.0,0.0
2015-04-27 16:00:00-04:00,17.41,17.65,17.17,17.3,141337,0.0,0.0,0.0,0.0,0.0
2015-04-28 16:00:00-04:00,17.36,17.67,17.26,17.64,64751,0.0,0.0,0.0,0.0,0.0
2015-04-29 16:00:00-04:00,17.52,17.8,17.44,17.6,84960,0.0,0.0,0.0,0.0,0.0
2015-04-30 16:00:00-04:00,17.28,17.515,17.2,17.26,190311,0.0,0.0,0.0,0.0,0.0
2015-05-01 16:00:00-04:00,17.25,17.4,16.67,16.78,156121,0.0,0.0,0.0,0.0,0.0
2015-05-04 16:00:00-04:00,16.75,16.82,16.6,16.68,174706,0.0,0.0,0.0,0.0,0.0
2015-05-05 16:00:00-04:00,16.71,16.87,16.63,16.71,190495,0.0,0.0,0.0,0.0,0.0
2015-05-06 16:00:00-04:00,16.77,16.91,16.61,16.75,202014,0.0,0.0,0.0,0.0,0.0
2015-05-07 16:00:00-04:00,16.73,16.96,16.61,16.83,84342,0.0,0.0,0.0,0.0,0.0
2015-05-08 16:00:00-04:00,17.0,17.0,16.71,16.79,164480,0.0,0.0,0.0,0.0,0.0
2015-05-11 16:00:00-04:00,16.81,17.09,16.81,16.94,313920,0.0,0.0,0.0,0.0,0.0
2015-05-12 16:00:00-04:00,16.87,17.09,16.72,17.02,116231,0.0,0.0,0.0,0.0,0.0
2015-05-13 16:00:00-04:00,17.08,17.08,16.82,17.01,382387,0.0,0.0,0.0,0.0,0.0
2015-05-14 16:00:00-04:00,17.11,17.2,16.9801,17.14,207985,0.0,0.0,0.0,0.0,0.0
2015-05-15 16:00:00-04:00,17.1,17.23,16.75,16.95,261522,0.0,0.0,0.0,0.0,0.0
2015-05-18 16:00:00-04:00,16.93,17.4,16.92,17.28,203376,0.0,0.0,0.0,0.0,0.0
2015-05-19 16:00:00-04:00,17.3,17.62,17.26,17.58,160134,0.0,0.0,0.0,0.0,0.0
2015-05-20 16:00:00-04:00,17.54,17.63,17.3301,17.59,191223,0.0,0.0,0.0,0.0,0.0
2015-05-21 16:00:00-04:00,17.54,17.66,17.47,17.54,121576,0.0,0.0,0.0,0.0,0.0
2015-05-22 16:00:00-04:00,17.49,17.76,17.39,17.48,117406,0.0,0.0,0.0,0.0,0.0
2015-05-26 16:00:00-04:00,17.36,17.42,17.16,17.34,157099,0.0,0.0,0.0,0.0,0.0
2015-05-27 16:00:00-04:00,17.21,17.51,17.13,17.49,166605,0.0,0.0,0.0,0.0,0.0
2015-05-28 16:00:00-04:00,17.4,17.56,17.3864,17.53,125147,0.0,0.0,0.0,0.0,0.0
2015-05-29 16:00:00-04:00,17.4,17.48,17.18,17.37,145840,0.0,0.0,0.0,0.0,0.0
2015-06-01 16:00:00-04:00,17.47,17.47,17.12,17.2,216571,0.0,0.0,0.0,0.0,0.0
2015-06-02 16:00:00-04:00,17.17,17.49,17.08,17.37,168274,0.0,0.0,0.0,0.0,0.0
2015-06-03 16:00:00-04:00,17.47,17.75,17.34,17.75,175500,0.0,0.0,0.0,0.0,0.0
2015-06-04 16:00:00-04:00,17.6,17.68,17.39,17.47,95525,0.0,0.0,0.0,0.0,0.0
2015-06-05 16:00:00-04:00,17.55,17.84,17.47,17.82,166109,0.0,0.0,0.0,0.0,0.0
2015-06-08 16:00:00-04:00,17.79,17.9,17.66,17.72,170985,0.0,0.0,0.0,0.0,0.0
2015-06-09 16:00:00-04:00,17.73,17.97,17.57,17.84,239830,0.0,0.0,0.0,0.0,0.0
2015-06-10 16:00:00-04:00,17.99,18.24,17.96,18.13,250970,0.0,0.0,0.0,0.0,0.0
2015-06-11 16:00:00-04:00,18.14,18.16,17.83,18.09,204200,0.0,0.0,0.0,0.0,0.0
2015-06-12 16:00:00-04:00,18.02,18.12,17.88,18.03,123127,0.0,0.0,0.0,0.0,0.0
2015-06-15 16:00:00-04:00,17.91,18.0,17.63,17.88,178110,0.0,0.0,0.0,0.0,0.0
2015-06-16 16:00:00-04:00,17.89,18.16,17.8,18.14,295728,0.0,0.0,0.0,0.0,0.0
2015-06-17 16:00:00-04:00,18.23,18.255,17.71,17.8,202859,0.0,0.0,0.0,0.0,0.0
2015-06-18 16:00:00-04:00,17.87,18.06,17.68,18.01,240416,0.0,0.0,0.0,0.0,0.0
2015-06-19 16:00:00-04:00,18.03,18.19,17.95,18.13,569456,0.0,0.0,0.0,0.0,0.0
2015-06-22 16:00:00-04:00,18.24,18.33,18.09,18.22,203720,0.0,0.0,0.0,0.0,0.0
2015-06-23 16:00:00-04:00,18.25,18.49,18.248,18.42,296975,0.0,0.0,0.0,0.0,0.0
2015-06-24 16:00:00-04:00,18.39,18.59,18.38,18.45,220093,0.0,0.0,0.0,0.0,0.0
2015-06-25 16:00:00-04:00,18.56,18.71,18.43,18.55,261043,0.0,0.0,0.0,0.0,0.0
2015-06-26 16:00:00-04:00,18.6,18.64,18.45,18.49,478864,0.0,0.0,0.0,0.0,0.0
2015-06-29 16:00:00-04:00,18.29,18.7,17.95,17.97,147639,0.0,0.0,0.0,0.0,0.0
2015-06-30 16:00:00-04:00,18.2,18.2,17.84,17.94,406410,0.0,0.0,0.0,0.0,0.0
2015-07-01 16:00:00-04:00,18.2,18.38,18.05,18.23,155631,0.0,0.0,0.0,0.0,0.0
2015-07-02 16:00:00-04:00,18.22,18.22,17.67,17.8,190113,0.0,0.0,0.0,0.0,0.0
2015-07-06 16:00:00-04:00,17.59,17.93,17.49,17.88,166355,0.0,0.0,0.0,0.0,0.0
2015-07-07 16:00:00-04:00,17.85,17.85,17.38,17.6,215653,0.0,0.0,0.0,0.0,0.0
2015-07-08 16:00:00-04:00,17.48,17.69,17.45,17.55,292331,0.0,0.0,0.0,0.0,0.0
2015-07-09 16:00:00-04:00,17.82,17.872,17.62,17.7,183250,0.0,0.0,0.0,0.0,0.0
2015-07-10 16:00:00-04:00,17.96,18.11,17.85,18.02,121815,0.0,0.0,0.0,0.0,0.0
2015-07-13 16:00:00-04:00,18.14,18.24,17.98,18.12,109294,0.0,0.0,0.0,0.0,0.0
2015-07-14 16:00:00-04:00,18.06,18.22,17.99,18.2,86173,0.0,0.0,0.0,0.0,0.0
2015-07-15 16:00:00-04:00,18.3,18.42,18.02,18.3,122196,0.0,0.0,0.0,0.0,0.0
2015-07-16 16:00:00-04:00,18.46,18.63,18.2,18.34,141960,0.0,0.0,0.0,0.0,0.0
2015-07-17 16:00:00-04:00,18.38,18.38,18.08,18.24,126551,0.0,0.0,0.0,0.0,0.0
2015-07-20 16:00:00-04:00,18.26,18.4399,18.18,18.38,144289,0.0,0.0,0.0,0.0,0.0
2015-07-21 16:00:00-04:00,18.33,18.639,18.16,18.2,148367,0.0,0.0,0.0,0.0,0.0
2015-07-22 16:00:00-04:00,18.15,18.54,18.15,18.42,94908,0.0,0.0,0.0,0.0,0.0
2015-07-23 16:00:00-04:00,18.46,18.51,18.04,18.07,129999,0.0,0.0,0.0,0.0,0.0
2015-07-24 16:00:00-04:00,18.13,19.19,18.13,18.76,465396,0.0,0.0,0.0,0.0,0.0
2015-07-27 16:00:00-04:00,18.58,18.82,18.46,18.52,138340,0.0,0.0,0.0,0.0,0.0
2015-07-28 16:00:00-04:00,18.65,18.65,18.2,18.42,101222,0.0,0.0,0.0,0.0,0.0
2015-07-29 16:00:00-04:00,18.39,18.46,18.132,18.3,106911,0.0,0.0,0.0,0.0,0.0
2015-07-30 16:00:00-04:00,18.25,18.84,18.25,18.76,227077,0.0,0.0,0.0,0.0,0.0
2015-07-31 16:00:00-04:00,18.99,19.13,18.52,19.01,298528,0.0,0.0,0.0,0.0,0.0
2015-08-03 16:00:00-04:00,19.01,19.21,18.7903,19.15,286870,0.0,0.0,0.0,0.0,0.0
2015-08-04 16:00:00-04:00,19.18,19.35,19.06,19.1,360740,0.0,0.0,0.0,0.0,0.0
2015-08-05 16:00:00-04:00,19.22,19.73,19.014,19.54,436017,0.0,0.0,0.0,0.0,0.0
2015-08-06 16:00:00-04:00,19.54,19.59,19.19,19.45,168471,0.0,0.0,0.0,0.0,0.0
2015-08-07 16:00:00-04:00,19.33,19.52,19.15,19.34,108671,0.0,0.0,0.0,0.0,0.0
2015-08-10 16:00:00-04:00,19.53,19.69,19.395,19.69,234076,0.0,0.0,0.0,0.0,0.0
2015-08-11 16:00:00-04:00,19.55,19.6625,19.18,19.41,109806,0.0,0.0,0.0,0.0,0.0
2015-08-12 16:00:00-04:00,19.24,19.442,18.83,19.03,120335,0.0,0.0,0.0,0.0,0.0
2015-08-13 16:00:00-04:00,19.06,19.28,18.89,19.03,97050,0.0,0.0,0.0,0.0,0.0
2015-08-14 16:00:00-04:00,18.96,19.26,18.96,19.26,93513,0.0,0.0,0.0,0.0,0.0
2015-08-17 16:00:00-04:00,19.11,19.29,19.04,19.26,262884,0.0,0.0,0.0,0.0,0.0
2015-08-18 16:00:00-04:00,19.27,19.51,19.27,19.45,198985,0.0,0.0,0.0,0.0,0.0
2015-08-19 16:00:00-04:00,19.35,19.54,19.16,19.35,277445,0.0,0.0,0.0,0.0,0.0
2015-08-20 16:00:00-04:00,19.15,19.235,18.91,18.94,213781,0.0,0.0,0.0,0.0,0.0
2015-08-21 16:00:00-04:00,18.58,18.99,18.44,18.76,172872,0.0,0.0,0.0,0.0,0.0
2015-08-24 16:00:00-04:00,18.0,18.46,17.95,17.97,346296,0.0,0.0,0.0,0.0,0.0
2015-08-25 16:00:00-04:00,18.5,18.5,17.62,17.66,200638,0.0,0.0,0.0,0.0,0.0
2015-08-26 16:00:00-04:00,17.93,18.12,17.49,18.05,296362,0.0,0.0,0.0,0.0,0.0
2015-08-27 16:00:00-04:00,18.13,18.48,18.01,18.24,254262,0.0,0.0,0.0,0.0,0.0
2015-08-28 16:00:00-04:00,18.15,18.39,18.08,18.28,180216,0.0,0.0,0.0,0.0,0.0
2015-08-31 16:00:00-04:00,18.19,18.45,18.12,18.44,158667,0.0,0.0,0.0,0.0,0.0
2015-09-01 16:00:00-04:00,18.1,18.24,17.75,17.81,247216,0.0,0.0,0.0,0.0,0.0
2015-09-02 16:00:00-04:00,18.02,18.31,17.94,18.16,169680,0.0,0.0,0.0,0.0,0.0
2015-09-03 16:00:00-04:00,18.22,18.33,18.11,18.16,126833,0.0,0.0,0.0,0.0,0.0
2015-09-04 16:00:00-04:00,17.91,18.23,17.91,18.1,119733,0.0,0.0,0.0,0.0,0.0
2015-09-08 16:00:00-04:00,18.31,18.71,18.2,18.6,145240,0.0,0.0,0.0,0.0,0.0
2015-09-09 16:00:00-04:00,18.8,18.84,18.41,18.43,186081,0.0,0.0,0.0,0.0,0.0
2015-09-10 16:00:00-04:00,18.26,18.77,18.26,18.7,114431,0.0,0.0,0.0,0.0,0.0
2015-09-11 16:00:00-04:00,18.6,18.96,18.6,18.83,134321,0.0,0.0,0.0,0.0,0.0
2015-09-14 16:00:00-04:00,18.84,19.16,18.83,18.97,148587,0.0,0.0,0.0,0.0,0.0
2015-09-15 16:00:00-04:00,19.04,19.2,19.0,19.16,130046,0.0,0.0,0.0,0.0,0.0
2015-09-16 16:00:00-04:00,19.16,19.17,18.96,19.11,142231,0.0,0.0,0.0,0.0,0.0
2015-09-17 16:00:00-04:00,19.12,19.36,18.51,18.64,187203,0.0,0.0,0.0,0.0,0.0
2015-09-18 16:00:00-04:00,18.32,18.49,18.11,18.32,788441,0.0,0.0,0.0,0.0,0.0
2015-09-21 16:00:00-04:00,18.47,18.77,18.45,18.62,167968,0.0,0.0,0.0,0.0,0.0
2015-09-22 16:00:00-04:00,18.42,18.53,18.135,18.46,115418,0.0,0.0,0.0,0.0,0.0
2015-09-23 16:00:00-04:00,18.51,18.7,18.32,18.52,145069,0.0,0.0,0.0,0.0,0.0
2015-09-24 16:00:00-04:00,18.38,18.76,18.38,18.66,231398,0.0,0.0,0.0,0.0,0.0
2015-09-25 16:00:00-04:00,18.9,19.04,18.75,18.77,266457,0.0,0.0,0.0,0.0,0.0
2015-09-28 16:00:00-04:00,18.68,18.78,18.51,18.53,210820,0.0,0.0,0.0,0.0,0.0
2015-09-29 16:00:00-04:00,18.57,18.73,18.415,18.49,294010,0.0,0.0,0.0,0.0,0.0
2015-09-30 16:00:00-04:00,18.67,19.14,18.442,19.08,519227,0.0,0.0,0.0,0.0,0.0
2015-10-01 16:00:00-04:00,19.05,19.12,18.74,18.99,205150,0.0,0.0,0.0,0.0,0.0
2015-10-02 16:00:00-04:00,18.71,18.71,18.02,18.52,267801,0.0,0.0,0.0,0.0,0.0
2015-10-05 16:00:00-04:00,18.64,18.95,18.63,18.91,140465,0.0,0.0,0.0,0.0,0.0
2015-10-06 16:00:00-04:00,18.82,18.97,18.72,18.8,159836,0.0,0.0,0.0,0.0,0.0
2015-10-07 16:00:00-04:00,18.87,19.18,18.87,19.15,258503,0.0,0.0,0.0,0.0,0.0
2015-10-08 16:00:00-04:00,19.14,19.36,19.0,19.33,174468,0.0,0.0,0.0,0.0,0.0
2015-10-09 16:00:00-04:00,19.32,19.44,19.05,19.05,129025,0.0,0.0,0.0,0.0,0.0
2015-10-12 16:00:00-04:00,19.03,19.29,19.0,19.24,133229,0.0,0.0,0.0,0.0,0.0
2015-10-13 16:00:00-04:00,19.18,19.22,18.94,18.97,133078,0.0,0.0,0.0,0.0,0.0
2015-10-14 16:00:00-04:00,18.94,18.97,18.14,18.55,283870,0.0,0.0,0.0,0.0,0.0
2015-10-15 16:00:00-04:00,18.68,19.0,18.55,19.0,236706,0.0,0.0,0.0,0.0,0.0
2015-10-16 16:00:00-04:00,19.05,19.15,18.835,19.08,125161,0.0,0.0,0.0,0.0,0.0
2015-10-19 16:00:00-04:00,19.0,19.2,18.89,19.01,106948,0.0,0.0,0.0,0.0,0.0
2015-10-20 16:00:00-04:00,18.97,19.35,18.94,19.24,271230,0.0,0.0,0.0,0.0,0.0
2015-10-21 16:00:00-04:00,19.31,19.43,18.9,18.92,130648,0.0,0.0,0.0,0.0,0.0
2015-10-22 16:00:00-04:00,19.02,19.28,18.592,19.01,300821,0.0,0.0,0.0,0.0,0.0
2015-10-23 16:00:00-04:00,19.45,19.75,19.08,19.63,741766,0.0,0.0,0.0,0.0,0.0
2015-10-26 16:00:00-04:00,19.46,19.63,19.05,19.28,490054,0.0,0.0,0.0,0.0,0.0
2015-10-27 16:00:00-04:00,19.29,19.51,19.04,19.14,291988,0.0,0.0,0.0,0.0,0.0
2015-10-28 16:00:00-04:00,19.16,20.05,19.118,20.04,289279,0.0,0.0,0.0,0.0,0.0
2015-10-29 16:00:00-04:00,19.95,20.2,19.76,19.84,190977,0.0,0.0,0.0,0.0,0.0
2015-10-30 16:00:00-04:00,19.86,19.89,19.12,19.28,291361,0.0,0.0,0.0,0.0,0.0
2015-11-02 16:00:00-05:00,19.32,19.71,19.32,19.7,182187,0.0,0.0,0.0,0.0,0.0
2015-11-03 16:00:00-05:00,19.58,19.67,19.41,19.6,226708,0.0,0.0,0.0,0.0,0.0
2015-11-04 16:00:00-05:00,19.64,19.79,19.56,19.68,123844,0.0,0.0,0.0,0.0,0.0
2015-11-05 16:00:00-05:00,19.68,20.14,19.67,20.0,188406,0.0,0.0,0.0,0.0,0.0
2015-11-06 16:00:00-05:00,20.19,21.0,20.11,20.72,258132,0.0,0.0,0.0,0.0,0.0
2015-11-09 16:00:00-05:00,20.8,20.8,20.22,20.39,202538,0.0,0.0,0.0,0.0,0.0
2015-11-10 16:00:00-05:00,20.36,20.62,20.22,20.48,164308,0.0,0.0,0.0,0.0,0.0
2015-11-11 16:00:00-05:00,20.58,20.6599,20.12,20.13,221666,0.0,0.0,0.0,0.0,0.0
2015-11-12 16:00:00-05:00,19.97,20.208,19.72,19.75,98710,0.0,0.0,0.0,0.0,0.0
2015-11-13 16:00:00-05:00,19.6,19.81,19.3,19.46,206127,0.0,0.0,0.0,0.0,0.0
2015-11-16 16:00:00-05:00,19.36,20.03,19.255,19.61,121394,0.0,0.0,0.0,0.0,0.0
2015-11-17 16:00:00-05:00,19.66,19.98,19.54,19.64,99991,0.0,0.0,0.0,0.0,0.0
2015-11-18 16:00:00-05:00,19.65,19.91,19.44,19.87,192526,0.0,0.0,0.0,0.0,0.0
2015-11-19 16:00:00-05:00,19.84,19.95,19.67,19.75,109533,0.0,0.0,0.0,0.0,0.0
2015-11-20 16:00:00-05:00,19.83,20.05,19.74,19.86,145856,0.0,0.0,0.0,0.0,0.0
2015-11-23 16:00:00-05:00,19.83,20.12,19.77,19.95,80364,0.0,0.0,0.0,0.0,0.0
2015-11-24 16:00:00-05:00,19.82,20.08,19.67,20.06,105781,0.0,0.0,0.0,0.0,0.0
2015-11-25 16:00:00-05:00,20.07,20.16,19.92,20.07,73297,0.0,0.0,0.0,0.0,0.0
2015-11-27 16:00:00-05:00,20.02,20.19,19.93,20.15,64042,0.0,0.0,0.0,0.0,0.0
2015-11-30 16:00:00-05:00,20.18,20.33,20.09,20.15,141814,0.0,0.0,0.0,0.0,0.0
2015-12-01 16:00:00-05:00,20.25,20.47,20.1,20.14,137102,0.0,0.0,0.0,0.0,0.0
2015-12-02 16:00:00-05:00,20.03,20.08,19.63,19.64,193858,0.0,0.0,0.0,0.0,0.0
2015-12-03 16:00:00-05:00,19.75,19.86,19.28,19.29,216631,0.0,0.0,0.0,0.0,0.0
2015-12-04 16:00:00-05:00,19.32,19.66,19.24,19.34,364452,0.0,0.0,0.0,0.0,0.0
2015-12-07 16:00:00-05:00,19.25,19.36,18.86,18.99,206982,0.0,0.0,0.0,0.0,0.0
2015-12-08 16:00:00-05:00,18.8,19.07,18.56,18.75,197890,0.0,0.0,0.0,0.0,0.0
2015-12-09 16:00:00-05:00,18.71,19.092,18.53,18.58,267132,0.0,0.0,0.0,0.0,0.0
2015-12-10 16:00:00-05:00,18.51,18.78,18.382,18.62,210821,0.0,0.0,0.0,0.0,0.0
2015-12-11 16:00:00-05:00,18.25,18.61,18.17,18.31,578250,0.0,0.0,0.0,0.0,0.0
2015-12-14 16:00:00-05:00,18.3,18.57,18.135,18.23,426005,0.0,0.0,0.0,0.0,0.0
2015-12-15 16:00:00-05:00,18.36,18.7,18.33,18.61,411454,0.0,0.0,0.0,0.0,0.0
2015-12-16 16:00:00-05:00,18.77,19.0,18.34,18.75,327223,0.0,0.0,0.0,0.0,0.0
2015-12-17 16:00:00-05:00,18.78,18.85,18.36,18.45,201333,0.0,0.0,0.0,0.0,0.0
2015-12-18 16:00:00-05:00,18.35,18.39,17.71,17.83,2401298,0.0,0.0,0.0,0.0,0.0
2015-12-21 16:00:00-05:00,17.97,18.28,17.65,18.11,284105,0.0,0.0,0.0,0.0,0.0
2015-12-22 16:00:00-05:00,18.17,18.17,17.86,18.09,283049,0.0,0.0,0.0,0.0,0.0
2015-12-23 16:00:00-05:00,18.16,18.2,17.98,18.12,219127,0.0,0.0,0.0,0.0,0.0
2015-12-24 16:00:00-05:00,18.12,18.33,18.0,18.22,152099,0.0,0.0,0.0,0.0,0.0
2015-12-28 16:00:00-05:00,18.19,18.21,17.91,18.1,219171,0.0,0.0,0.0,0.0,0.0
2015-12-29 16:00:00-05:00,18.25,18.39,18.02,18.12,496198,0.0,0.0,0.0,0.0,0.0
2015-12-30 16:00:00-05:00,18.15,18.32,18.02,18.27,294849,0.0,0.0,0.0,0.0,0.0
2015-12-31 16:00:00-05:00,18.25,18.34,18.04,18.07,275551,0.0,0.0,0.0,0.0,0.0
2016-01-04 16:00:00-05:00,17.8,18.1099,17.38,17.5,344502,0.0,0.0,0.0,0.0,0.0
2016-01-05 16:00:00-05:00,17.56,17.61,17.1,17.46,232457,0.0,0.0,0.0,0.0,0.0
2016-01-06 16:00:00-05:00,17.12,17.81,17.12,17.26,230333,0.0,0.0,0.0,0.0,0.0
2016-01-07 16:00:00-05:00,16.92,17.17,16.72,16.76,184250,0.0,0.0,0.0,0.0,0.0
2016-01-08 16:00:00-05:00,16.93,17.02,16.54,16.58,300005,0.0,0.0,0.0,0.0,0.0
2016-01-11 16:00:00-05:00,16.61,16.92,16.61,16.79,197437,0.0,0.0,0.0,0.0,0.0
2016-01-12 16:00:00-05:00,16.94,16.99,16.59,16.84,334222,0.0,0.0,0.0,0.0,0.0
2016-01-13 16:00:00-05:00,16.94,17.02,16.28,16.4,289725,0.0,0.0,0.0,0.0,0.0
2016-01-14 16:00:00-05:00,16.58,16.82,16.37,16.53,290785,0.0,0.0,0.0,0.0,0.0
2016-01-15 16:00:00-05:00,16.08,16.4,15.91,16.37,406147,0.0,0.0,0.0,0.0,0.0
2016-01-19 16:00:00-05:00,16.55,16.55,15.965,16.01,232098,0.0,0.0,0.0,0.0,0.0
2016-01-20 16:00:00-05:00,15.73,16.13,15.44,15.95,362395,0.0,0.0,0.0,0.0,0.0
2016-01-21 16:00:00-05:00,16.01,16.11,15.52,15.61,356890,0.0,0.0,0.0,0.0,0.0
2016-01-22 16:00:00-05:00,14.4,16.01,13.76,15.51,725351,0.0,0.0,0.0,0.0,0.0
2016-01-25 16:00:00-05:00,15.95,15.95,14.89,14.91,330390,0.0,0.0,0.0,0.0,0.0
2016-01-26 16:00:00-05:00,15.36,15.71,15.22,15.48,424861,0.0,0.0,0.0,0.0,0.0
2016-01-27 16:00:00-05:00,15.4,15.77,15.28,15.58,622485,0.0,0.0,0.0,0.0,0.0
2016-01-28 16:00:00-05:00,15.8,15.96,15.63,15.7,323593,0.0,0.0,0.0,0.0,0.0
2016-01-29 16:00:00-05:00,15.81,16.0,15.6,16.0,415613,0.0,0.0,0.0,0.0,0.0
2016-02-01 16:00:00-05:00,15.9,15.9,15.66,15.79,298217,0.0,0.0,0.0,0.0,0.0
2016-02-02 16:00:00-05:00,15.57,15.61,15.37,15.51,264223,0.0,0.0,0.0,0.0,0.0
2016-02-03 16:00:00-05:00,15.67,15.78,15.34,15.61,268513,0.0,0.0,0.0,0.0,0.0
2016-02-04 16:00:00-05:00,15.53,15.89,15.44,15.71,249946,0.0,0.0,0.0,0.0,0.0
2016-02-05 16:00:00-05:00,15.73,15.89,15.37,15.46,522427,0.0,0.0,0.0,0.0,0.0
2016-02-08 16:00:00-05:00,15.27,15.74,15.04,15.67,551188,0.0,0.0,0.0,0.0,0.0
2016-02-09 16:00:00-05:00,15.45,16.06,15.45,15.96,425588,0.0,0.0,0.0,0.0,0.0
2016-02-10 16:00:00-05:00,16.02,16.62,15.88,15.94,374800,0.0,0.0,0.0,0.0,0.0
2016-02-11 16:00:00-05:00,15.58,16.1,15.46,16.0,538365,0.0,0.0,0.0,0.0,0.0
2016-02-12 16:00:00-05:00,16.27,16.75,16.02,16.36,318278,0.0,0.0,0.0,0.0,0.0
2016-02-16 16:00:00-05:00,16.58,16.91,16.27,16.63,306517,0.0,0.0,0.0,0.0,0.0
2016-02-17 16:00:00-05:00,16.77,16.91,16.6,16.7,383675,0.0,0.0,0.0,0.0,0.0
2016-02-18 16:00:00-05:00,16.78,17.01,16.4,16.53,366391,0.0,0.0,0.0,0.0,0.0
2016-02-19 16:00:00-05:00,16.47,16.81,16.44,16.81,595666,0.0,0.0,0.0,0.0,0.0
2016-02-22 16:00:00-05:00,16.98,17.265,16.81,17.11,424979,0.0,0.0,0.0,0.0,0.0
2016-02-23 16:00:00-05:00,17.03,17.38,16.72,16.9,349229,0.0,0.0,0.0,0.0,0.0
2016-02-24 16:00:00-05:00,16.68,17.0,16.42,16.97,233047,0.0,0.0,0.0,0.0,0.0
2016-02-25 16:00:00-05:00,16.98,17.16,16.84,17.16,235192,0.0,0.0,0.0,0.0,0.0
2016-02-26 16:00:00-05:00,17.24,17.42,17.14,17.3,205859,0.0,0.0,0.0,0.0,0.0
2016-02-29 16:00:00-05:00,16.88,17.015,16.5,16.77,486397,0.0,0.0,0.0,0.0,0.0
2016-03-01 16:00:00-05:00,16.88,17.39,16.135,17.23,328609,0.0,0.0,0.0,0.0,0.0
2016-03-02 16:00:00-05:00,17.2,17.54,17.15,17.54,250364,0.0,0.0,0.0,0.0,0.0
2016-03-03 16:00:00-05:00,17.54,17.9099,17.525,17.85,274379,0.0,0.0,0.0,0.0,0.0
2016-03-04 16:00:00-05:00,17.9,18.1,17.73,18.07,238708,0.0,0.0,0.0,0.0,0.0
2016-03-07 16:00:00-05:00,17.98,18.28,17.87,18.26,186438,0.0,0.0,0.0,0.0,0.0
2016-03-08 16:00:00-05:00,18.19,18.19,17.98,18.02,148099,0.0,0.0,0.0,0.0,0.0
2016-03-09 16:00:00-05:00,18.09,18.13,17.8,17.87,199933,0.0,0.0,0.0,0.0,0.0
2016-03-10 16:00:00-05:00,17.53,17.99,17.37,17.85,291573,0.0,0.0,0.0,0.0,0.0
2016-03-11 16:00:00-05:00,17.98,18.29,17.97,18.27,161684,0.0,0.0,0.0,0.0,0.0
2016-03-14 16:00:00-04:00,18.16,18.32,18.08,18.28,192824,0.0,0.0,0.0,0.0,0.0
2016-03-15 16:00:00-04:00,18.22,18.39,18.13,18.23,388154,0.0,0.0,0.0,0.0,0.0
2016-03-16 16:00:00-04:00,18.12,18.26,17.68,17.82,169035,0.0,0.0,0.0,0.0,0.0
2016-03-17 16:00:00-04:00,17.76,18.25,17.59,18.07,231262,0.0,0.0,0.0,0.0,0.0
2016-03-18 16:00:00-04:00,18.21,18.6,18.14,18.36,518095,0.0,0.0,0.0,0.0,0.0
2016-03-21 16:00:00-04:00,18.29,18.455,18.23,18.33,130050,0.0,0.0,0.0,0.0,0.0
2016-03-22 16:00:00-04:00,18.3,18.41,17.8,18.3,207882,0.0,0.0,0.0,0.0,0.0
2016-03-23 16:00:00-04:00,18.22,18.305,18.03,18.17,324331,0.0,0.0,0.0,0.0,0.0
2016-03-24 16:00:00-04:00,18.03,18.29,17.89,18.2,221421,0.0,0.0,0.0,0.0,0.0
2016-03-28 16:00:00-04:00,18.17,18.445,18.12,18.18,201489,0.0,0.0,0.0,0.0,0.0
2016-03-29 16:00:00-04:00,18.19,18.33,17.9,18.3,362739,0.0,0.0,0.0,0.0,0.0
2016-03-30 16:00:00-04:00,18.34,18.5099,18.23,18.32,331444,0.0,0.0,0.0,0.0,0.0
2016-03-31 16:00:00-04:00,18.34,18.4499,18.1111,18.18,241511,0.0,0.0,0.0,0.0,0.0
2016-04-01 16:00:00-04:00,18.12,18.4799,17.84,18.21,249335,0.0,0.0,0.0,0.0,0.0
2016-04-04 16:00:00-04:00,18.28,18.36,18.15,18.22,135853,0.0,0.0,0.0,0.0,0.0
2016-04-05 16:00:00-04:00,18.05,18.15,17.86,17.86,197902,0.0,0.0,0.0,0.0,0.0
2016-04-06 16:00:00-04:00,17.92,18.02,17.76,17.99,109041,0.0,0.0,0.0,0.0,0.0
2016-04-07 16:00:00-04:00,17.82,17.89,17.39,17.49,150667,0.0,0.0,0.0,0.0,0.0
2016-04-08 16:00:00-04:00,17.69,17.93,17.615,17.78,171632,0.0,0.0,0.0,0.0,0.0
2016-04-11 16:00:00-04:00,17.91,18.29,17.9,17.92,102732,0.0,0.0,0.0,0.0,0.0
2016-04-12 16:00:00-04:00,17.9,18.35,16.93,18.22,138895,0.0,0.0,0.0,0.0,0.0
2016-04-13 16:00:00-04:00,18.35,18.86,18.35,18.84,202301,0.0,0.0,0.0,0.0,0.0
2016-04-14 16:00:00-04:00,18.78,19.14,18.74,18.89,111988,0.0,0.0,0.0,0.0,0.0
2016-04-15 16:00:00-04:00,18.83,19.06,18.81,18.93,115728,0.0,0.0,0.0,0.0,0.0
2016-04-18 16:00:00-04:00,18.86,19.3,18.8,19.17,143505,0.0,0.0,0.0,0.0,0.0
2016-04-19 16:00:00-04:00,19.24,19.41,19.07,19.39,139368,0.0,0.0,0.0,0.0,0.0
2016-04-20 16:00:00-04:00,19.39,19.62,19.25,19.53,204000,0.0,0.0,0.0,0.0,0.0
2016-04-21 16:00:00-04:00,19.48,19.55,19.2,19.34,267478,0.0,0.0,0.0,0.0,0.0
2016-04-22 16:00:00-04:00,18.94,19.6533,18.94,19.62,280257,0.0,0.0,0.0,0.0,0.0
2016-04-25 16:00:00-04:00,19.24,19.52,19.065,19.43,253962,0.0,0.0,0.0,0.0,0.0
2016-04-26 16:00:00-04:00,19.54,19.66,19.32,19.56,399001,0.0,0.0,0.0,0.0,0.0
2016-04-27 16:00:00-04:00,19.47,19.69,19.1901,19.66,239362,0.0,0.0,0.0,0.0,0.0
2016-04-28 16:00:00-04:00,19.58,19.69,19.41,19.43,95296,0.0,0.0,0.0,0.0,0.0
2016-04-29 16:00:00-04:00,19.43,19.6,19.34,19.5,160490,0.0,0.0,0.0,0.0,0.0
2016-05-02 16:00:00-04:00,19.45,19.68,19.4,19.6,173021,0.0,0.0,0.0,0.0,0.0
2016-05-03 16:00:00-04:00,19.4,19.65,19.055,19.19,87015,0.0,0.0,0.0,0.0,0.0
2016-05-04 16:00:00-04:00,19.11,19.28,18.9,19.07,162656,0.0,0.0,0.0,0.0,0.0
2016-05-05 16:00:00-04:00,19.17,19.22,18.96,18.97,137280,0.0,0.0,0.0,0.0,0.0
2016-05-06 16:00:00-04:00,18.87,19.07,18.75,19.05,156431,0.0,0.0,0.0,0.0,0.0
2016-05-09 16:00:00-04:00,19.0,19.25,18.97,19.12,109096,0.0,0.0,0.0,0.0,0.0
2016-05-10 16:00:00-04:00,19.27,19.47,19.11,19.43,131882,0.0,0.0,0.0,0.0,0.0
2016-05-11 16:00:00-04:00,19.35,19.43,19.2,19.25,132873,0.0,0.0,0.0,0.0,0.0
2016-05-12 16:00:00-04:00,19.38,19.49,19.1116,19.25,111327,0.0,0.0,0.0,0.0,0.0
2016-05-13 16:00:00-04:00,19.39,19.39,18.82,18.91,106565,0.0,0.0,0.0,0.0,0.0
2016-05-16 16:00:00-04:00,18.97,19.33,18.97,19.21,151065,0.0,0.0,0.0,0.0,0.0
2016-05-17 16:00:00-04:00,19.18,19.19,18.56,18.72,230003,0.0,0.0,0.0,0.0,0.0
2016-05-18 16:00:00-04:00,18.68,19.43,18.68,19.4,162476,0.0,0.0,0.0,0.0,0.0
2016-05-19 16:00:00-04:00,19.34,19.46,18.92,19.05,130742,0.0,0.0,0.0,0.0,0.0
2016-05-20 16:00:00-04:00,19.06,19.42,19.06,19.25,256010,0.0,0.0,0.0,0.0,0.0
2016-05-23 16:00:00-04:00,19.26,19.46,19.06,19.3,170779,0.0,0.0,0.0,0.0,0.0
2016-05-24 16:00:00-04:00,19.35,19.64,19.0301,19.58,575059,0.0,0.0,0.0,0.0,0.0
2016-05-25 16:00:00-04:00,19.7,19.81,19.5,19.75,391940,0.0,0.0,0.0,0.0,0.0
2016-05-26 16:00:00-04:00,19.75,19.86,19.6199,19.66,151777,0.0,0.0,0.0,0.0,0.0
2016-05-27 16:00:00-04:00,19.5,19.73,19.36,19.73,387152,0.0,0.0,0.0,0.0,0.0
2016-05-31 16:00:00-04:00,19.83,19.88,19.66,19.77,233512,0.0,0.0,0.0,0.0,0.0
2016-06-01 16:00:00-04:00,19.72,19.95,19.57,19.92,166391,0.0,0.0,0.0,0.0,0.0
2016-06-02 16:00:00-04:00,19.91,20.05,19.72,20.04,145486,0.0,0.0,0.0,0.0,0.0
2016-06-03 16:00:00-04:00,19.85,19.9,19.37,19.78,269982,0.0,0.0,0.0,0.0,0.0
2016-06-06 16:00:00-04:00,19.86,20.22,19.69,20.07,212273,0.0,0.0,0.0,0.0,0.0
2016-06-07 16:00:00-04:00,20.14,20.17,19.97,20.01,92942,0.0,0.0,0.0,0.0,0.0
2016-06-08 16:00:00-04:00,20.07,20.21,19.93,20.16,119573,0.0,0.0,0.0,0.0,0.0
2016-06-09 16:00:00-04:00,20.06,20.07,19.7,19.98,162255,0.0,0.0,0.0,0.0,0.0
2016-06-10 16:00:00-04:00,19.81,19.99,19.64,19.9,116281,0.0,0.0,0.0,0.0,0.0
2016-06-13 16:00:00-04:00,19.77,19.94,19.12,19.46,251083,0.0,0.0,0.0,0.0,0.0
2016-06-14 16:00:00-04:00,19.38,19.59,19.18,19.19,187206,0.0,0.0,0.0,0.0,0.0
2016-06-15 16:00:00-04:00,19.24,19.58,19.185,19.24,133080,0.0,0.0,0.0,0.0,0.0
2016-06-16 16:00:00-04:00,19.15,19.19,18.78,18.93,292838,0.0,0.0,0.0,0.0,0.0
2016-06-17 16:00:00-04:00,19.0,19.25,18.89,19.09,454860,0.0,0.0,0.0,0.0,0.0
2016-06-20 16:00:00-04:00,19.35,19.68,19.35,19.36,105016,0.0,0.0,0.0,0.0,0.0
2016-06-21 16:00:00-04:00,19.44,19.51,19.26,19.39,88403,0.0,0.0,0.0,0.0,0.0
2016-06-22 16:00:00-04:00,19.45,19.64,19.29,19.29,64607,0.0,0.0,0.0,0.0,0.0
2016-06-23 16:00:00-04:00,19.55,20.0,19.55,20.0,130027,0.0,0.0,0.0,0.0,0.0
2016-06-24 16:00:00-04:00,19.0,19.27,18.64,18.77,345010,0.0,0.0,0.0,0.0,0.0
2016-06-27 16:00:00-04:00,18.54,18.59,18.0,18.11,161157,0.0,0.0,0.0,0.0,0.0
2016-06-28 16:00:00-04:00,18.38,18.6,18.15,18.46,173288,0.0,0.0,0.0,0.0,0.0
2016-06-29 16:00:00-04:00,18.65,18.96,18.55,18.95,107180,0.0,0.0,0.0,0.0,0.0
2016-06-30 16:00:00-04:00,19.03,19.46,18.6,19.45,238265,0.0,0.0,0.0,0.0,0.0
2016-07-01 16:00:00-04:00,19.41,19.41,19.03,19.21,107338,0.0,0.0,0.0,0.0,0.0
2016-07-05 16:00:00-04:00,19.01,19.09,18.67,18.83,130185,0.0,0.0,0.0,0.0,0.0
2016-07-06 16:00:00-04:00,18.72,19.05,18.53,18.9,134120,0.0,0.0,0.0,0.0,0.0
2016-07-07 16:00:00-04:00,18.91,19.25,18.86,18.86,194604,0.0,0.0,0.0,0.0,0.0
2016-07-08 16:00:00-04:00,19.04,19.29,19.0222,19.18,237768,0.0,0.0,0.0,0.0,0.0
2016-07-11 16:00:00-04:00,19.32,19.62,19.23,19.6,102490,0.0,0.0,0.0,0.0,0.0
2016-07-12 16:00:00-04:00,19.69,20.2,19.56,20.1,173940,0.0,0.0,0.0,0.0,0.0
2016-07-13 16:00:00-04:00,20.06,20.23,19.88,20.19,187895,0.0,0.0,0.0,0.0,0.0
2016-07-14 16:00:00-04:00,20.49,20.6,20.27,20.27,203604,0.0,0.0,0.0,0.0,0.0
2016-07-15 16:00:00-04:00,20.49,21.0,18.654,20.49,105520,0.0,0.0,0.0,0.0,0.0
2016-07-18 16:00:00-04:00,20.52,20.56,20.29,20.35,95319,0.0,0.0,0.0,0.0,0.0
2016-07-19 16:00:00-04:00,20.33,20.49,20.29,20.38,139218,0.0,0.0,0.0,0.0,0.0
2016-07-20 16:00:00-04:00,20.52,20.52,20.18,20.41,137530,0.0,0.0,0.0,0.0,0.0
2016-07-21 16:00:00-04:00,20.44,20.48,20.08,20.25,124978,0.0,0.0,0.0,0.0,0.0
2016-07-22 16:00:00-04:00,20.99,21.09,19.9,21.06,216353,0.0,0.0,0.0,0.0,0.0
2016-07-25 16:00:00-04:00,21.09,21.22,20.32,21.21,249676,0.0,0.0,0.0,0.0,0.0
2016-07-26 16:00:00-04:00,21.21,21.34,20.94,21.31,170361,0.0,0.0,0.0,0.0,0.0
2016-07-27 16:00:00-04:00,21.27,21.48,21.05,21.43,146202,0.0,0.0,0.0,0.0,0.0
2016-07-28 16:00:00-04:00,21.4,21.4,21.03,21.31,98175,0.0,0.0,0.0,0.0,0.0
2016-07-29 16:00:00-04:00,21.34,21.49,21.29,21.31,182982,0.0,0.0,0.0,0.0,0.0
2016-08-01 16:00:00-04:00,21.31,21.45,21.11,21.15,123115,0.0,0.0,0.0,0.0,0.0
2016-08-02 16:00:00-04:00,21.16,21.27,21.0101,21.08,153287,0.0,0.0,0.0,0.0,0.0
2016-08-03 16:00:00-04:00,21.12,21.26,21.11,21.17,135953,0.0,0.0,0.0,0.0,0.0
2016-08-04 16:00:00-04:00,21.19,21.35,21.13,21.17,103482,0.0,0.0,0.0,0.0,0.0
2016-08-05 16:00:00-04:00,21.36,21.94,21.26,21.91,224582,0.0,0.0,0.0,0.0,0.0
2016-08-08 16:00:00-04:00,21.98,21.98,21.63,21.69,177909,0.0,0.0,0.0,0.0,0.0
2016-08-09 16:00:00-04:00,21.74,21.87,21.66,21.7,183838,0.0,0.0,0.0,0.0,0.0
2016-08-10 16:00:00-04:00,21.78,21.8,21.33,21.4,252668,0.0,0.0,0.0,0.0,0.0
2016-08-11 16:00:00-04:00,21.41,21.58,21.39,21.43,185926,0.0,0.0,0.0,0.0,0.0
2016-08-12 16:00:00-04:00,21.29,21.38,21.16,21.31,163896,0.0,0.0,0.0,0.0,0.0
2016-08-15 16:00:00-04:00,21.4,21.63,21.2,21.62,123107,0.0,0.0,0.0,0.0,0.0
2016-08-16 16:00:00-04:00,21.56,21.57,21.27,21.48,94631,0.0,0.0,0.0,0.0,0.0
2016-08-17 16:00:00-04:00,21.58,21.63,21.29,21.43,109829,0.0,0.0,0.0,0.0,0.0
2016-08-18 16:00:00-04:00,21.41,21.53,21.37,21.47,135642,0.0,0.0,0.0,0.0,0.0
2016-08-19 16:00:00-04:00,21.43,21.52,21.33,21.48,163881,0.0,0.0,0.0,0.0,0.0
2016-08-22 16:00:00-04:00,21.42,21.57,21.34,21.52,127521,0.0,0.0,0.0,0.0,0.0
2016-08-23 16:00:00-04:00,21.52,21.67,21.34,21.59,139550,0.0,0.0,0.0,0.0,0.0
2016-08-24 16:00:00-04:00,21.72,21.72,21.49,21.63,118445,0.0,0.0,0.0,0.0,0.0
2016-08-25 16:00:00-04:00,21.58,21.77,21.58,21.75,111554,0.0,0.0,0.0,0.0,0.0
2016-08-26 16:00:00-04:00,21.73,21.99,21.67,21.83,115023,0.0,0.0,0.0,0.0,0.0
2016-08-29 16:00:00-04:00,21.88,21.99,21.45,21.84,93900,0.0,0.0,0.0,0.0,0.0
2016-08-30 16:00:00-04:00,21.8,22.02,21.79,21.98,96035,0.0,0.0,0.0,0.0,0.0
2016-08-31 16:00:00-04:00,21.9,21.95,21.62,21.8,232518,0.0,0.0,0.0,0.0,0.0
2016-09-01 16:00:00-04:00,21.78,21.89,21.39,21.68,179773,0.0,0.0,0.0,0.0,0.0
2016-09-02 16:00:00-04:00,21.66,21.94,21.561,21.83,156021,0.0,0.0,0.0,0.0,0.0
2016-09-06 16:00:00-04:00,21.79,21.84,21.39,21.64,151796,0.0,0.0,0.0,0.0,0.0
2016-09-07 16:00:00-04:00,21.57,21.94,21.57,21.93,117644,0.0,0.0,0.0,0.0,0.0
2016-09-08 16:00:00-04:00,21.97,22.26,21.91,22.21,181762,0.0,0.0,0.0,0.0,0.0
2016-09-09 16:00:00-04:00,22.11,22.3199,21.98,21.99,166976,0.0,0.0,0.0,0.0,0.0
2016-09-12 16:00:00-04:00,21.9,22.53,21.73,22.52,326176,0.0,0.0,0.0,0.0,0.0
2016-09-13 16:00:00-04:00,22.28,22.28,21.85,21.93,245346,0.0,0.0,0.0,0.0,0.0
2016-09-14 16:00:00-04:00,21.97,22.06,21.56,21.58,144419,0.0,0.0,0.0,0.0,0.0
2016-09-15 16:00:00-04:00,21.53,21.82,21.47,21.77,103530,0.0,0.0,0.0,0.0,0.0
2016-09-16 16:00:00-04:00,21.82,21.82,21.45,21.7,350984,0.0,0.0,0.0,0.0,0.0
2016-09-19 16:00:00-04:00,21.78,22.03,21.611,21.71,80167,0.0,0.0,0.0,0.0,0.0
2016-09-20 16:00:00-04:00,21.87,21.89,21.67,21.69,99135,0.0,0.0,0.0,0.0,0.0
2016-09-21 16:00:00-04:00,21.83,21.97,21.62,21.83,138158,0.0,0.0,0.0,0.0,0.0
2016-09-22 16:00:00-04:00,21.86,22.24,21.81,22.23,168888,0.0,0.0,0.0,0.0,0.0
2016-09-23 16:00:00-04:00,22.15,22.26,21.96,22.21,121722,0.0,0.0,0.0,0.0,0.0
2016-09-26 16:00:00-04:00,21.99,21.99,21.57,21.58,93446,0.0,0.0,0.0,0.0,0.0
2016-09-27 16:00:00-04:00,21.51,21.74,21.48,21.68,137869,0.0,0.0,0.0,0.0,0.0
2016-09-28 16:00:00-04:00,21.79,21.83,21.51,21.82,106496,0.0,0.0,0.0,0.0,0.0
2016-09-29 16:00:00-04:00,21.85,21.99,21.32,21.51,111610,0.0,0.0,0.0,0.0,0.0
2016-09-30 16:00:00-04:00,21.63,22.02,21.63,21.84,220584,0.0,0.0,0.0,0.0,0.0
2016-10-03 16:00:00-04:00,21.65,21.79,21.56,21.64,194351,0.0,0.0,0.0,0.0,0.0
2016-10-04 16:00:00-04:00,21.7,21.819,21.47,21.49,230766,0.0,0.0,0.0,0.0,0.0
2016-10-05 16:00:00-04:00,21.59,21.97,21.57,21.84,218913,0.0,0.0,0.0,0.0,0.0
2016-10-06 16:00:00-04:00,21.06,21.42,20.95,21.39,223244,0.0,0.0,0.0,0.0,0.0
2016-10-07 16:00:00-04:00,21.34,21.55,21.175,21.34,162862,0.0,0.0,0.0,0.0,0.0
2016-10-10 16:00:00-04:00,21.5,21.65,21.35,21.55,187936,0.0,0.0,0.0,0.0,0.0
2016-10-11 16:00:00-04:00,21.6,21.6,21.2,21.45,204495,0.0,0.0,0.0,0.0,0.0
2016-10-12 16:00:00-04:00,21.35,21.7,21.3,21.55,231826,0.0,0.0,0.0,0.0,0.0
2016-10-13 16:00:00-04:00,21.4,21.4,21.05,21.05,196920,0.0,0.0,0.0,0.0,0.0
2016-10-14 16:00:00-04:00,21.25,21.3,21.0,21.1,250577,0.0,0.0,0.0,0.0,0.0
2016-10-17 16:00:00-04:00,20.95,21.25,20.95,21.1,106509,0.0,0.0,0.0,0.0,0.0
2016-10-18 16:00:00-04:00,21.35,21.4,21.1,21.4,134627,0.0,0.0,0.0,0.0,0.0
2016-10-19 16:00:00-04:00,21.55,21.7,21.35,21.5,179679,0.0,0.0,0.0,0.0,0.0
2016-10-20 16:00:00-04:00,21.4,21.6,21.25,21.475,191979,0.0,0.0,0.0,0.0,0.0
2016-10-21 16:00:00-04:00,20.8,21.75,20.55,21.6,217071,0.0,0.0,0.0,0.0,0.0
2016-10-24 16:00:00-04:00,21.85,21.85,21.45,21.75,270346,0.0,0.0,0.0,0.0,0.0
2016-10-25 16:00:00-04:00,21.65,21.95,21.55,21.6,246596,0.0,0.0,0.0,0.0,0.0
2016-10-26 16:00:00-04:00,21.45,21.7,21.35,21.4,244892,0.0,0.0,0.0,0.0,0.0
2016-10-27 16:00:00-04:00,21.65,21.75,21.5,21.6,247224,0.0,0.0,0.0,0.0,0.0
2016-10-28 16:00:00-04:00,21.55,21.7,21.2,21.35,110415,0.0,0.0,0.0,0.0,0.0
2016-10-31 16:00:00-04:00,21.4,21.65,21.2,21.5,294107,0.0,0.0,0.0,0.0,0.0
2016-11-01 16:00:00-04:00,21.6,21.65,21.0,21.2,136803,0.0,0.0,0.0,0.0,0.0
2016-11-02 16:00:00-04:00,21.1,21.4,20.95,21.2,268374,0.0,0.0,0.0,0.0,0.0
2016-11-03 16:00:00-04:00,21.35,21.45,21.15,21.25,142399,0.0,0.0,0.0,0.0,0.0
2016-11-04 16:00:00-04:00,21.3,21.65,21.2,21.3,147083,0.0,0.0,0.0,0.0,0.0
2016-11-07 16:00:00-05:00,21.7,21.85,21.5,21.75,208293,0.0,0.0,0.0,0.0,0.0
2016-11-08 16:00:00-05:00,21.6,21.7,21.25,21.65,100743,0.0,0.0,0.0,0.0,0.0
2016-11-09 16:00:00-05:00,21.85,22.625,21.6,22.2,560241,0.0,0.0,0.0,0.0,0.0
2016-11-10 16:00:00-05:00,22.6,23.55,22.2,23.25,709035,0.0,0.0,0.0,0.0,0.0
2016-11-11 16:00:00-05:00,23.2,24.6,23.1,24.45,565038,0.0,0.0,0.0,0.0,0.0
2016-11-14 16:00:00-05:00,24.5,25.4,24.15,24.75,408556,0.0,0.0,0.0,0.0,0.0
2016-11-15 16:00:00-05:00,24.5,25.05,24.2,25.0,192196,0.0,0.0,0.0,0.0,0.0
2016-11-16 16:00:00-05:00,24.9,25.15,24.6,25.15,240624,0.0,0.0,0.0,0.0,0.0
2016-11-17 16:00:00-05:00,25.25,25.65,25.15,25.45,226923,0.0,0.0,0.0,0.0,0.0
2016-11-18 16:00:00-05:00,25.55,25.8,25.2,25.7,439328,0.0,0.0,0.0,0.0,0.0
2016-11-21 16:00:00-05:00,25.85,25.85,25.25,25.65,185130,0.0,0.0,0.0,0.0,0.0
2016-11-22 16:00:00-05:00,25.85,26.35,25.7,26.35,224263,0.0,0.0,0.0,0.0,0.0
2016-11-23 16:00:00-05:00,26.35,26.75,26.15,26.7,248892,0.0,0.0,0.0,0.0,0.0
2016-11-25 13:00:00-05:00,26.7,26.75,26.3,26.7,98324,0.0,0.0,0.0,0.0,0.0
2016-11-28 16:00:00-05:00,26.6,27.15,26.4,26.6,385184,0.0,0.0,0.0,0.0,0.0
2016-11-29 16:00:00-05:00,26.75,27.4,26.7,27.3,298466,0.0,0.0,0.0,0.0,0.0
2016-11-30 16:00:00-05:00,27.5,27.5,26.5,26.8,288646,0.0,0.0,0.0,0.0,0.0
2016-12-01 16:00:00-05:00,27.05,27.35,26.85,27.0,312986,0.0,0.0,0.0,0.0,0.0
2016-12-02 16:00:00-05:00,26.9,27.3,26.7,26.85,179054,0.0,0.0,0.0,0.0,0.0
2016-12-05 16:00:00-05:00,27.15,27.5,27.15,27.45,223741,0.0,0.0,0.0,0.0,0.0
2016-12-06 16:00:00-05:00,27.5,28.0,27.25,27.85,266011,0.0,0.0,0.0,0.0,0.0
2016-12-07 16:00:00-05:00,27.95,28.2,27.6333,28.0,290893,0.0,0.0,0.0,0.0,0.0
2016-12-08 16:00:00-05:00,28.2,29.2,27.925,29.0,279117,0.0,0.0,0.0,0.0,0.0
2016-12-09 16:00:00-05:00,29.05,29.4,28.6,29.35,284656,0.0,0.0,0.0,0.0,0.0
2016-12-12 16:00:00-05:00,29.3,29.8,28.1,28.25,258092,0.0,0.0,0.0,0.0,0.0
2016-12-13 16:00:00-05:00,28.5,28.65,28.05,28.4,214336,0.0,0.0,0.0,0.0,0.0
2016-12-14 16:00:00-05:00,28.3,28.6,27.95,28.25,185603,0.0,0.0,0.0,0.0,0.0
2016-12-15 16:00:00-05:00,28.5,29.1,28.25,28.65,317691,0.0,0.0,0.0,0.0,0.0
2016-12-16 16:00:00-05:00,28.75,29.05,27.85,27.95,1495121,0.0,0.0,0.0,0.0,0.0
2016-12-19 16:00:00-05:00,28.15,28.4,27.75,28.05,424838,0.0,0.0,0.0,0.0,0.0
2016-12-20 16:00:00-05:00,28.1,28.6,28.1,28.55,233574,0.0,0.0,0.0,0.0,0.0
2016-12-21 16:00:00-05:00,28.4,28.7,28.25,28.55,163466,0.0,0.0,0.0,0.0,0.0
2016-12-22 16:00:00-05:00,28.35,28.8,28.2,28.45,203856,0.0,0.0,0.0,0.0,0.0
2016-12-23 16:00:00-05:00,28.6,28.6,28.35,28.55,78960,0.0,0.0,0.0,0.0,0.0
2016-12-27 16:00:00-05:00,28.55,28.7,28.4454,28.7,214327,0.0,0.0,0.0,0.0,0.0
2016-12-28 16:00:00-05:00,28.75,28.75,28.375,28.45,70771,0.0,0.0,0.0,0.0,0.0
2016-12-29 16:00:00-05:00,28.45,28.7,27.95,28.1,333287,0.0,0.0,0.0,0.0,0.0
2016-12-30 16:00:00-05:00,28.0,28.575,27.95,28.45,165849,0.0,0.0,0.0,0.0,0.0
2017-01-03 16:00:00-05:00,28.7,29.0,28.225,28.65,239236,0.0,0.0,0.0,0.0,0.0
2017-01-04 16:00:00-05:00,28.8,29.1,28.5,28.9,281474,0.0,0.0,0.0,0.0,0.0
2017-01-05 16:00:00-05:00,28.8,28.95,28.1,28.25,192887,0.0,0.0,0.0,0.0,0.0
2017-01-06 16:00:00-05:00,28.35,28.75,28.2,28.25,222009,0.0,0.0,0.0,0.0,0.0
2017-01-09 16:00:00-05:00,28.0,28.15,27.55,27.7,336370,0.0,0.0,0.0,0.0,0.0
2017-01-10 16:00:00-05:00,27.7,28.5,26.6,28.4,271702,0.0,0.0,0.0,0.0,0.0
2017-01-11 16:00:00-05:00,28.45,28.8,28.05,28.8,256038,0.0,0.0,0.0,0.0,0.0
2017-01-12 16:00:00-05:00,28.8,28.8,27.8,27.9,145291,0.0,0.0,0.0,0.0,0.0
2017-01-13 16:00:00-05:00,28.0,28.45,27.905,28.05,211288,0.0,0.0,0.0,0.0,0.0
2017-01-17 16:00:00-05:00,27.9,28.05,27.0,27.05,192178,0.0,0.0,0.0,0.0,0.0
2017-01-18 16:00:00-05:00,27.1,27.3,26.9,27.1,206029,0.0,0.0,0.0,0.0,0.0
2017-01-19 16:00:00-05:00,27.15,27.2,26.75,26.85,191179,0.0,0.0,0.0,0.0,0.0
2017-01-20 16:00:00-05:00,26.95,28.05,26.95,27.75,319329,0.0,0.0,0.0,0.0,0.0
2017-01-23 16:00:00-05:00,27.7,27.95,27.55,27.9,185942,0.0,0.0,0.0,0.0,0.0
2017-01-24 16:00:00-05:00,28.05,28.3,27.75,28.2,254392,0.0,0.0,0.0,0.0,0.0
2017-01-25 16:00:00-05:00,28.4,28.875,28.35,28.75,302031,0.0,0.0,0.0,0.0,0.0
2017-01-26 16:00:00-05:00,28.6,28.7,28.15,28.35,145859,0.0,0.0,0.0,0.0,0.0
2017-01-27 16:00:00-05:00,28.45,28.45,27.9,28.15,102982,0.0,0.0,0.0,0.0,0.0
2017-01-30 16:00:00-05:00,27.95,27.95,27.3,27.45,231406,0.0,0.0,0.0,0.0,0.0
2017-01-31 16:00:00-05:00,27.35,27.65,27.05,27.55,356802,0.0,0.0,0.0,0.0,0.0
2017-02-01 16:00:00-05:00,27.9,28.2,27.45,27.6,192309,0.0,0.0,0.0,0.0,0.0
2017-02-02 16:00:00-05:00,27.45,27.5,26.925,27.2,171087,0.0,0.0,0.0,0.0,0.0
2017-02-03 16:00:00-05:00,27.55,27.95,27.4,27.9,134541,0.0,0.0,0.0,0.0,0.0
2017-02-06 16:00:00-05:00,27.75,27.9,27.45,27.6,164477,0.0,0.0,0.0,0.0,0.0
2017-02-07 16:00:00-05:00,27.7,27.7,27.15,27.4,125220,0.0,0.0,0.0,0.0,0.0
2017-02-08 16:00:00-05:00,27.25,27.25,26.7,26.95,136219,0.0,0.0,0.0,0.0,0.0
2017-02-09 16:00:00-05:00,27.1,27.55,27.0,27.35,135592,0.0,0.0,0.0,0.0,0.0
2017-02-10 16:00:00-05:00,27.6,27.65,27.25,27.6,125032,0.0,0.0,0.0,0.0,0.0
2017-02-13 16:00:00-05:00,27.7,28.225,27.7,28.2,254589,0.0,0.0,0.0,0.0,0.0
2017-02-14 16:00:00-05:00,28.2,28.5,27.9,28.4,171278,0.0,0.0,0.0,0.0,0.0
2017-02-15 16:00:00-05:00,28.3,28.5,28.1,28.45,138316,0.0,0.0,0.0,0.0,0.0
2017-02-16 16:00:00-05:00,28.5,28.6,28.2,28.55,137222,0.0,0.0,0.0,0.0,0.0
2017-02-17 16:00:00-05:00,28.5,28.55,28.2,28.4,247213,0.0,0.0,0.0,0.0,0.0
2017-02-21 16:00:00-05:00,28.45,28.75,28.35,28.7,187499,0.0,0.0,0.0,0.0,0.0
2017-02-22 16:00:00-05:00,28.65,28.9,28.45,28.675,217395,0.0,0.0,0.0,0.0,0.0
2017-02-23 16:00:00-05:00,28.8,28.8,28.15,28.6,318645,0.0,0.0,0.0,0.0,0.0
2017-02-24 16:00:00-05:00,28.3,28.4,28.05,28.4,169515,0.0,0.0,0.0,0.0,0.0
2017-02-27 16:00:00-05:00,28.4,28.5,28.2,28.45,238284,0.0,0.0,0.0,0.0,0.0
2017-02-28 16:00:00-05:00,28.05,28.25,26.558,27.75,276375,0.0,0.0,0.0,0.0,0.0
2017-03-01 16:00:00-05:00,28.45,28.9,28.45,28.9,267764,0.0,0.0,0.0,0.0,0.0
2017-03-02 16:00:00-05:00,28.85,28.85,27.7,27.7,170171,0.0,0.0,0.0,0.0,0.0
2017-03-03 16:00:00-05:00,27.9,28.2,27.7,27.85,147805,0.0,0.0,0.0,0.0,0.0
2017-03-06 16:00:00-05:00,27.55,27.75,27.1475,27.7,243230,0.0,0.0,0.0,0.0,0.0
2017-03-07 16:00:00-05:00,27.7,28.05,27.35,27.45,181363,0.0,0.0,0.0,0.0,0.0
2017-03-08 16:00:00-05:00,27.7,27.85,27.2,27.25,231065,0.0,0.0,0.0,0.0,0.0
2017-03-09 16:00:00-05:00,27.3,27.65,27.3,27.4,205946,0.0,0.0,0.0,0.0,0.0
2017-03-10 16:00:00-05:00,27.55,27.7,27.1,27.5,297575,0.0,0.0,0.0,0.0,0.0
2017-03-13 16:00:00-04:00,27.5,27.85,27.4,27.8,214329,0.0,0.0,0.0,0.0,0.0
2017-03-14 16:00:00-04:00,27.55,28.05,27.35,27.9,243607,0.0,0.0,0.0,0.0,0.0
2017-03-15 16:00:00-04:00,27.9,28.3,27.9,28.05,371145,0.0,0.0,0.0,0.0,0.0
2017-03-16 16:00:00-04:00,28.1,28.7,28.1,28.65,274469,0.0,0.0,0.0,0.0,0.0
2017-03-17 16:00:00-04:00,28.6,28.925,28.2,28.75,861523,0.0,0.0,0.0,0.0,0.0
2017-03-20 16:00:00-04:00,28.7,28.85,28.25,28.5,316365,0.0,0.0,0.0,0.0,0.0
2017-03-21 16:00:00-04:00,28.7,28.7,26.175,26.2,443574,0.0,0.0,0.0,0.0,0.0
2017-03-22 16:00:00-04:00,26.05,26.35,25.5,26.0,461847,0.0,0.0,0.0,0.0,0.0
2017-03-23 16:00:00-04:00,26.05,26.795,26.0,26.5,220523,0.0,0.0,0.0,0.0,0.0
2017-03-24 16:00:00-04:00,26.8,27.05,26.4,26.65,250120,0.0,0.0,0.0,0.0,0.0
2017-03-27 16:00:00-04:00,26.0,26.6,25.85,26.55,192897,0.0,0.0,0.0,0.0,0.0
2017-03-28 16:00:00-04:00,26.55,27.0,25.65,26.95,221036,0.0,0.0,0.0,0.0,0.0
2017-03-29 16:00:00-04:00,26.75,27.05,26.65,26.65,115090,0.0,0.0,0.0,0.0,0.0
2017-03-30 16:00:00-04:00,26.75,27.95,26.6,27.85,320151,0.0,0.0,0.0,0.0,0.0
2017-03-31 16:00:00-04:00,27.75,27.775,27.15,27.45,310057,0.0,0.0,0.0,0.0,0.0
2017-04-03 16:00:00-04:00,27.55,27.7,26.75,26.95,240853,0.0,0.0,0.0,0.0,0.0
2017-04-04 16:00:00-04:00,26.7,27.2,26.7,27.05,173247,0.0,0.0,0.0,0.0,0.0
2017-04-05 16:00:00-04:00,27.3,27.35,26.25,26.25,306308,0.0,0.0,0.0,0.0,0.0
2017-04-06 16:00:00-04:00,26.3,27.125,26.2,27.0,286174,0.0,0.0,0.0,0.0,0.0
2017-04-07 16:00:00-04:00,26.75,27.15,26.75,26.9,341097,0.0,0.0,0.0,0.0,0.0
2017-04-10 16:00:00-04:00,26.95,27.15,26.35,26.7,146692,0.0,0.0,0.0,0.0,0.0
2017-04-11 16:00:00-04:00,26.55,27.15,26.5,27.0,149617,0.0,0.0,0.0,0.0,0.0
2017-04-12 16:00:00-04:00,26.9,27.1,26.45,26.6,124200,0.0,0.0,0.0,0.0,0.0
2017-04-13 16:00:00-04:00,26.45,26.6,25.95,26.0,155686,0.0,0.0,0.0,0.0,0.0
2017-04-17 16:00:00-04:00,26.05,26.45,25.9,26.45,247764,0.0,0.0,0.0,0.0,0.0
2017-04-18 16:00:00-04:00,26.1,26.45,25.85,26.3,214470,0.0,0.0,0.0,0.0,0.0
2017-04-19 16:00:00-04:00,26.45,26.9,26.45,26.55,185622,0.0,0.0,0.0,0.0,0.0
2017-04-20 16:00:00-04:00,26.75,27.45,26.2,27.4,244152,0.0,0.0,0.0,0.0,0.0
2017-04-21 16:00:00-04:00,27.8,28.4,26.75,28.2,407599,0.0,0.0,0.0,0.0,0.0
2017-04-24 16:00:00-04:00,29.0,29.35,28.25,28.25,298208,0.0,0.0,0.0,0.0,0.0
2017-04-25 16:00:00-04:00,28.6,28.75,28.4,28.4,251230,0.0,0.0,0.0,0.0,0.0
2017-04-26 16:00:00-04:00,28.3,29.15,26.75,28.95,310873,0.0,0.0,0.0,0.0,0.0
2017-04-27 16:00:00-04:00,28.95,29.05,28.35,28.5,181515,0.0,0.0,0.0,0.0,0.0
2017-04-28 16:00:00-04:00,28.45,28.55,27.55,27.65,175918,0.0,0.0,0.0,0.0,0.0
2017-05-01 16:00:00-04:00,27.85,28.45,27.6,28.05,257250,0.0,0.0,0.0,0.0,0.0
2017-05-02 16:00:00-04:00,28.05,28.3,27.55,27.75,140206,0.0,0.0,0.0,0.0,0.0
2017-05-03 16:00:00-04:00,27.6,27.95,27.55,27.9,121388,0.0,0.0,0.0,0.0,0.0
2017-05-04 16:00:00-04:00,28.05,28.5,27.95,28.05,135541,0.0,0.0,0.0,0.0,0.0
2017-05-05 16:00:00-04:00,28.0,28.15,27.65,27.85,102391,0.0,0.0,0.0,0.0,0.0
2017-05-08 16:00:00-04:00,27.85,27.925,27.525,27.9,164719,0.0,0.0,0.0,0.0,0.0
2017-05-09 16:00:00-04:00,27.9,28.2,27.4,27.6,162447,0.0,0.0,0.0,0.0,0.0
2017-05-10 16:00:00-04:00,27.45,27.65,27.25,27.35,157308,0.0,0.0,0.0,0.0,0.0
2017-05-11 16:00:00-04:00,27.2,27.225,26.65,26.95,165576,0.0,0.0,0.0,0.0,0.0
2017-05-12 16:00:00-04:00,26.8,26.95,26.25,26.65,150144,0.0,0.0,0.0,0.0,0.0
2017-05-15 16:00:00-04:00,26.75,27.1,26.675,26.95,167045,0.0,0.0,0.0,0.0,0.0
2017-05-16 16:00:00-04:00,26.95,27.05,26.65,26.9,147139,0.0,0.0,0.0,0.0,0.0
2017-05-17 16:00:00-04:00,26.15,26.45,25.25,25.35,435546,0.0,0.0,0.0,0.0,0.0
2017-05-18 16:00:00-04:00,25.35,26.0,25.35,25.75,405542,0.0,0.0,0.0,0.0,0.0
2017-05-19 16:00:00-04:00,25.65,26.0,25.35,25.5,620226,0.0,0.0,0.0,0.0,0.0
2017-05-22 16:00:00-04:00,25.65,25.8,25.3,25.7,122524,0.0,0.0,0.0,0.0,0.0
2017-05-23 16:00:00-04:00,25.75,26.15,25.5,26.0,129614,0.0,0.0,0.0,0.0,0.0
2017-05-24 16:00:00-04:00,26.0,26.05,25.6,25.75,129465,0.0,0.0,0.0,0.0,0.0
2017-05-25 16:00:00-04:00,25.85,25.95,25.45,25.8,150323,0.0,0.0,0.0,0.0,0.0
2017-05-26 16:00:00-04:00,25.7,26.0,25.45,25.8,171993,0.0,0.0,0.0,0.0,0.0
2017-05-30 16:00:00-04:00,25.6,25.65,24.95,25.05,299200,0.0,0.0,0.0,0.0,0.0
2017-05-31 16:00:00-04:00,25.0,25.15,24.5,25.05,188743,0.0,0.0,0.0,0.0,0.0
2017-06-01 16:00:00-04:00,25.2,25.35,24.7,25.3,212171,0.0,0.0,0.0,0.0,0.0
2017-06-02 16:00:00-04:00,25.15,26.0,25.0,25.4,219918,0.0,0.0,0.0,0.0,0.0
2017-06-05 16:00:00-04:00,25.4,25.8,25.35,25.35,138799,0.0,0.0,0.0,0.0,0.0
2017-06-06 16:00:00-04:00,24.95,25.4,24.9,25.35,162950,0.0,0.0,0.0,0.0,0.0
2017-06-07 16:00:00-04:00,25.5,25.85,25.35,25.75,202873,0.0,0.0,0.0,0.0,0.0
2017-06-08 16:00:00-04:00,25.75,27.3,25.6,26.775,321458,0.0,0.0,0.0,0.0,0.0
2017-06-09 16:00:00-04:00,26.95,28.2,26.9,27.85,294845,0.0,0.0,0.0,0.0,0.0
2017-06-12 16:00:00-04:00,27.9,28.5,27.55,27.85,309840,0.0,0.0,0.0,0.0,0.0
2017-06-13 16:00:00-04:00,28.05,28.2,27.555,27.75,174730,0.0,0.0,0.0,0.0,0.0
2017-06-14 16:00:00-04:00,27.65,27.65,26.5,27.6,232314,0.0,0.0,0.0,0.0,0.0
2017-06-15 16:00:00-04:00,27.2,27.75,27.2,27.6,175968,0.0,0.0,0.0,0.0,0.0
2017-06-16 16:00:00-04:00,27.05,27.5,27.05,27.3,509312,0.0,0.0,0.0,0.0,0.0
2017-06-19 16:00:00-04:00,27.6,27.7,27.05,27.3,128124,0.0,0.0,0.0,0.0,0.0
2017-06-20 16:00:00-04:00,27.25,27.25,26.925,26.95,129629,0.0,0.0,0.0,0.0,0.0
2017-06-21 16:00:00-04:00,26.95,26.95,26.35,26.4,143440,0.0,0.0,0.0,0.0,0.0
2017-06-22 16:00:00-04:00,26.45,26.6,26.1,26.35,108680,0.0,0.0,0.0,0.0,0.0
2017-06-23 16:00:00-04:00,26.5,26.75,26.15,26.75,400652,0.0,0.0,0.0,0.0,0.0
2017-06-26 16:00:00-04:00,26.8,27.05,26.5,26.9,246827,0.0,0.0,0.0,0.0,0.0
2017-06-27 16:00:00-04:00,27.0,27.2,26.725,26.85,161560,0.0,0.0,0.0,0.0,0.0
2017-06-28 16:00:00-04:00,27.0,27.6,27.0,27.45,154800,0.0,0.0,0.0,0.0,0.0
2017-06-29 16:00:00-04:00,28.0,28.15,27.35,27.9,187569,0.0,0.0,0.0,0.0,0.0
2017-06-30 16:00:00-04:00,28.0,28.0,27.5,27.7,144226,0.0,0.0,0.0,0.0,0.0
2017-07-03 13:00:00-04:00,27.9,28.6,27.25,28.5,115299,0.0,0.0,0.0,0.0,0.0
2017-07-05 16:00:00-04:00,28.5,28.5,27.75,28.25,164246,0.0,0.0,0.0,0.0,0.0
2017-07-06 16:00:00-04:00,28.2,28.4,27.8,27.85,189088,0.0,0.0,0.0,0.0,0.0
2017-07-07 16:00:00-04:00,28.05,28.3,27.85,28.25,128345,0.0,0.0,0.0,0.0,0.0
2017-07-10 16:00:00-04:00,28.1,28.25,27.75,28.0,146496,0.0,0.0,0.0,0.0,0.0
2017-07-11 16:00:00-04:00,28.0,28.05,27.55,27.95,167250,0.0,0.0,0.0,0.0,0.0
2017-07-12 16:00:00-04:00,27.9,28.175,27.75,28.0,111215,0.0,0.0,0.0,0.0,0.0
2017-07-13 16:00:00-04:00,28.0,28.05,27.7,27.9,107968,0.0,0.0,0.0,0.0,0.0
2017-07-14 16:00:00-04:00,27.65,27.85,27.275,27.7,168907,0.0,0.0,0.0,0.0,0.0
2017-07-17 16:00:00-04:00,27.7,27.95,27.4,27.75,132760,0.0,0.0,0.0,0.0,0.0
2017-07-18 16:00:00-04:00,27.45,27.8,27.15,27.55,117524,0.0,0.0,0.0,0.0,0.0
2017-07-19 16:00:00-04:00,27.55,28.0,27.5,27.9,167499,0.0,0.0,0.0,0.0,0.0
2017-07-20 16:00:00-04:00,27.8,28.05,27.55,27.9,124896,0.0,0.0,0.0,0.0,0.0
2017-07-21 16:00:00-04:00,28.2,28.2,27.6,27.7,186584,0.0,0.0,0.0,0.0,0.0
2017-07-24 16:00:00-04:00,27.75,28.0,27.5,27.8,84428,0.0,0.0,0.0,0.0,0.0
2017-07-25 16:00:00-04:00,28.25,28.4,27.95,28.1,176216,0.0,0.0,0.0,0.0,0.0
2017-07-26 16:00:00-04:00,26.35,27.0,25.5,25.7,1689972,0.0,0.0,0.0,0.0,0.0
2017-07-27 16:00:00-04:00,26.0,26.2,25.3,25.35,1162722,0.0,0.0,0.0,0.0,0.0
2017-07-28 16:00:00-04:00,25.6,26.145,25.15,25.95,678662,0.0,0.0,0.0,0.0,0.0
2017-07-31 16:00:00-04:00,26.0,26.15,25.55,25.6,345362,0.0,0.0,0.0,0.0,0.0
2017-08-01 16:00:00-04:00,26.0,26.25,25.65,26.1,314959,0.0,0.0,0.0,0.0,0.0
2017-08-02 16:00:00-04:00,26.0,26.2,25.75,25.9,316549,0.0,0.0,0.0,0.0,0.0
2017-08-03 16:00:00-04:00,25.75,25.95,25.35,25.5,315062,0.0,0.0,0.0,0.0,0.0
2017-08-04 16:00:00-04:00,25.75,25.85,25.4,25.75,255443,0.0,0.0,0.0,0.0,0.0
2017-08-07 16:00:00-04:00,25.75,25.8,25.45,25.65,344086,0.0,0.0,0.0,0.0,0.0
2017-08-08 16:00:00-04:00,25.5,26.2,25.5,25.7,336614,0.0,0.0,0.0,0.0,0.0
2017-08-09 16:00:00-04:00,25.5,25.775,25.3,25.45,560541,0.0,0.0,0.0,0.0,0.0
2017-08-10 16:00:00-04:00,25.2,25.4,24.75,24.8,490956,0.0,0.0,0.0,0.0,0.0
2017-08-11 16:00:00-04:00,24.9,25.05,24.225,24.3,549153,0.0,0.0,0.0,0.0,0.0
2017-08-14 16:00:00-04:00,24.6,25.3,24.525,25.25,365273,0.0,0.0,0.0,0.0,0.0
2017-08-15 16:00:00-04:00,25.4,25.4,24.7,24.75,207710,0.0,0.0,0.0,0.0,0.0
2017-08-16 16:00:00-04:00,24.95,25.1,24.8,24.95,375714,0.0,0.0,0.0,0.0,0.0
2017-08-17 16:00:00-04:00,24.7,24.9,24.0,24.05,380288,0.0,0.0,0.0,0.0,0.0
2017-08-18 16:00:00-04:00,23.85,24.225,23.65,23.85,254990,0.0,0.0,0.0,0.0,0.0
2017-08-21 16:00:00-04:00,23.75,24.05,23.65,23.95,232658,0.0,0.0,0.0,0.0,0.0
2017-08-22 16:00:00-04:00,24.15,24.2,23.95,24.1,274275,0.0,0.0,0.0,0.0,0.0
2017-08-23 16:00:00-04:00,23.95,24.4,23.9,24.2,184086,0.0,0.0,0.0,0.0,0.0
2017-08-24 16:00:00-04:00,24.35,24.45,24.25,24.4,191526,0.0,0.0,0.0,0.0,0.0
2017-08-25 16:00:00-04:00,24.45,24.675,24.35,24.6,149537,0.0,0.0,0.0,0.0,0.0
2017-08-28 16:00:00-04:00,24.6,24.6,24.0,24.05,218725,0.0,0.0,0.0,0.0,0.0
2017-08-29 16:00:00-04:00,23.6,24.1,23.6,23.95,220485,0.0,0.0,0.0,0.0,0.0
2017-08-30 16:00:00-04:00,23.8,24.05,23.7,23.85,191809,0.0,0.0,0.0,0.0,0.0
2017-08-31 16:00:00-04:00,24.0,24.075,23.75,23.95,315710,0.0,0.0,0.0,0.0,0.0
2017-09-01 16:00:00-04:00,23.95,24.15,23.85,24.05,165563,0.0,0.0,0.0,0.0,0.0
2017-09-05 16:00:00-04:00,23.85,23.95,23.425,23.45,251581,0.0,0.0,0.0,0.0,0.0
2017-09-06 16:00:00-04:00,23.6,23.95,23.45,23.55,237677,0.0,0.0,0.0,0.0,0.0
2017-09-07 16:00:00-04:00,23.6,23.6,22.8,23.1,253100,0.0,0.0,0.0,0.0,0.0
2017-09-08 16:00:00-04:00,23.05,23.55,23.05,23.35,208180,0.0,0.0,0.0,0.0,0.0
2017-09-11 16:00:00-04:00,23.65,23.95,23.5,23.85,161202,0.0,0.0,0.0,0.0,0.0
2017-09-12 16:00:00-04:00,24.0,24.675,24.0,24.5,297377,0.0,0.0,0.0,0.0,0.0
2017-09-13 16:00:00-04:00,24.35,24.85,24.2,24.75,179906,0.0,0.0,0.0,0.0,0.0
2017-09-14 16:00:00-04:00,24.7,24.9,24.4,24.5,159280,0.0,0.0,0.0,0.0,0.0
2017-09-15 16:00:00-04:00,24.5,24.75,24.25,24.7,541724,0.0,0.0,0.0,0.0,0.0
2017-09-18 16:00:00-04:00,24.7,25.0,24.6,24.8,194436,0.0,0.0,0.0,0.0,0.0
2017-09-19 16:00:00-04:00,24.8,25.0,24.6,24.9,242859,0.0,0.0,0.0,0.0,0.0
2017-09-20 16:00:00-04:00,24.8,25.3,24.65,24.9,388041,0.0,0.0,0.0,0.0,0.0
2017-09-21 16:00:00-04:00,24.85,25.225,24.85,24.9,265854,0.0,0.0,0.0,0.0,0.0
2017-09-22 16:00:00-04:00,24.9,25.2,24.85,25.05,265983,0.0,0.0,0.0,0.0,0.0
2017-09-25 16:00:00-04:00,24.9,25.25,24.8,25.0,334646,0.0,0.0,0.0,0.0,0.0
2017-09-26 16:00:00-04:00,24.95,25.15,24.8,24.95,411470,0.0,0.0,0.0,0.0,0.0
2017-09-27 16:00:00-04:00,25.4,26.075,25.15,25.85,619799,0.0,0.0,0.0,0.0,0.0
2017-09-28 16:00:00-04:00,25.9,26.325,25.7,26.2,352829,0.0,0.0,0.0,0.0,0.0
2017-09-29 16:00:00-04:00,26.15,26.575,26.025,26.15,402653,0.0,0.0,0.0,0.0,0.0
2017-10-02 16:00:00-04:00,26.15,26.5,25.85,26.5,416816,0.0,0.0,0.0,0.0,0.0
2017-10-03 16:00:00-04:00,26.45,26.575,26.1,26.5,507951,0.0,0.0,0.0,0.0,0.0
2017-10-04 16:00:00-04:00,26.3,26.5,25.7,25.85,286906,0.0,0.0,0.0,0.0,0.0
2017-10-05 16:00:00-04:00,25.9,26.275,25.65,26.2,256727,0.0,0.0,0.0,0.0,0.0
2017-10-06 16:00:00-04:00,26.2,26.45,25.9,26.3,163445,0.0,0.0,0.0,0.0,0.0
2017-10-09 16:00:00-04:00,26.25,26.4,26.1,26.3,223418,0.0,0.0,0.0,0.0,0.0
2017-10-10 16:00:00-04:00,26.3,26.65,26.25,26.55,187117,0.0,0.0,0.0,0.0,0.0
2017-10-11 16:00:00-04:00,26.45,26.75,26.25,26.45,222088,0.0,0.0,0.0,0.0,0.0
2017-10-12 16:00:00-04:00,26.5,26.6,26.3,26.3,263404,0.0,0.0,0.0,0.0,0.0
2017-10-13 16:00:00-04:00,26.3,26.5,26.0,26.15,260409,0.0,0.0,0.0,0.0,0.0
2017-10-16 16:00:00-04:00,26.2,26.5,26.2,26.4,245067,0.0,0.0,0.0,0.0,0.0
2017-10-17 16:00:00-04:00,26.4,26.5,26.0,26.05,221025,0.0,0.0,0.0,0.0,0.0
2017-10-18 16:00:00-04:00,26.15,26.55,26.1,26.3,336257,0.0,0.0,0.0,0.0,0.0
2017-10-19 16:00:00-04:00,26.05,26.55,26.05,26.35,275704,0.0,0.0,0.0,0.0,0.0
2017-10-20 16:00:00-04:00,27.0,27.525,26.55,27.5,456066,0.0,0.0,0.0,0.0,0.0
2017-10-23 16:00:00-04:00,27.7,27.7,27.25,27.5,316043,0.0,0.0,0.0,0.0,0.0
2017-10-24 16:00:00-04:00,27.6,27.9,27.55,27.65,282551,0.0,0.0,0.0,0.0,0.0
2017-10-25 16:00:00-04:00,27.6,28.2,27.425,27.7,385414,0.0,0.0,0.0,0.0,0.0
2017-10-26 16:00:00-04:00,27.7,28.1,27.6,27.8,259990,0.0,0.0,0.0,0.0,0.0
2017-10-27 16:00:00-04:00,27.9,28.25,27.7,28.05,314557,0.0,0.0,0.0,0.0,0.0
2017-10-30 16:00:00-04:00,27.95,28.05,27.15,27.25,469747,0.0,0.0,0.0,0.0,0.0
2017-10-31 16:00:00-04:00,27.45,27.65,27.15,27.3,311352,0.0,0.0,0.0,0.0,0.0
2017-11-01 16:00:00-04:00,27.65,27.7,26.9,27.2,292419,0.0,0.0,0.0,0.0,0.0
2017-11-02 16:00:00-04:00,27.35,27.725,27.0,27.65,192404,0.0,0.0,0.0,0.0,0.0
2017-11-03 16:00:00-04:00,27.65,27.65,27.2,27.25,231172,0.0,0.0,0.0,0.0,0.0
2017-11-06 16:00:00-05:00,27.3,27.475,27.05,27.3,163949,0.0,0.0,0.0,0.0,0.0
2017-11-07 16:00:00-05:00,27.25,27.25,26.25,26.4,401903,0.0,0.0,0.0,0.0,0.0
2017-11-08 16:00:00-05:00,26.2,26.2,25.7,25.9,207385,0.0,0.0,0.0,0.0,0.0
2017-11-09 16:00:00-05:00,25.7,25.9,25.2,25.4,361817,0.0,0.0,0.0,0.0,0.0
2017-11-10 16:00:00-05:00,25.35,25.7,25.25,25.3,373592,0.0,0.0,0.0,0.0,0.0
2017-11-13 16:00:00-05:00,25.2,26.25,25.0,26.25,348678,0.0,0.0,0.0,0.0,0.0
2017-11-14 16:00:00-05:00,26.2,26.55,26.15,26.55,359573,0.0,0.0,0.0,0.0,0.0
2017-11-15 16:00:00-05:00,26.35,26.925,26.25,26.65,426530,0.0,0.0,0.0,0.0,0.0
2017-11-16 16:00:00-05:00,26.85,26.95,26.5,26.6,280691,0.0,0.0,0.0,0.0,0.0
2017-11-17 16:00:00-05:00,26.4,26.85,26.05,26.7,153254,0.0,0.0,0.0,0.0,0.0
2017-11-20 16:00:00-05:00,26.8,27.05,26.5,26.95,258702,0.0,0.0,0.0,0.0,0.0
2017-11-21 16:00:00-05:00,27.1,27.5,27.0,27.4,234620,0.0,0.0,0.0,0.0,0.0
2017-11-22 16:00:00-05:00,27.45,27.725,26.85,27.4,243135,0.0,0.0,0.0,0.0,0.0
2017-11-24 13:00:00-05:00,27.45,27.65,26.95,27.05,332793,0.0,0.0,0.0,0.0,0.0
2017-11-27 16:00:00-05:00,27.05,27.35,26.9,27.15,138472,0.0,0.0,0.0,0.0,0.0
2017-11-28 16:00:00-05:00,27.15,28.175,27.05,28.15,195161,0.0,0.0,0.0,0.0,0.0
2017-11-29 16:00:00-05:00,28.35,29.4,28.25,29.15,306664,0.0,0.0,0.0,0.0,0.0
2017-11-30 16:00:00-05:00,29.25,29.25,28.25,28.35,285856,0.0,0.0,0.0,0.0,0.0
2017-12-01 16:00:00-05:00,28.4,28.55,27.25,28.3,292854,0.0,0.0,0.0,0.0,0.0
2017-12-04 16:00:00-05:00,28.95,29.3,28.6,28.7,221167,0.0,0.0,0.0,0.0,0.0
2017-12-05 16:00:00-05:00,28.75,28.75,27.95,27.95,345034,0.0,0.0,0.0,0.0,0.0
2017-12-06 16:00:00-05:00,27.95,28.45,27.95,28.0,222327,0.0,0.0,0.0,0.0,0.0
2017-12-07 16:00:00-05:00,27.85,28.475,27.85,28.1,594898,0.0,0.0,0.0,0.0,0.0
2017-12-08 16:00:00-05:00,28.2,28.2,27.55,27.6,243194,0.0,0.0,0.0,0.0,0.0
